n,method,time,value_real,value_imag,reference_real,reference_imag
2,thesis,0.0,0.6000000000000004,0.0,0.6000000000000002,0.0
2,thesis,0.05,0.5992503124479217,1.2336131867308294e-34,0.5992503124479215,1.734723475976807e-18
2,thesis,0.1,0.5970049966678572,2.4626222113922074e-34,0.5970049966678569,3.469446951953614e-18
2,thesis,0.15000000000000002,0.5932752745617457,3.6824396906977292e-34,0.5932752745617454,6.938893903907228e-18
2,thesis,0.2,0.5880797869711581,4.888511737823139e-34,0.5880797869711579,6.938893903907228e-18
2,thesis,0.25,0.581444500511919,6.076334558100131e-34,0.5814445005119188,6.938893903907228e-18
2,thesis,0.30000000000000004,0.5734025777951145,7.241470862287571e-34,0.5734025777951143,1.3877787807814457e-17
2,thesis,0.35000000000000003,0.5639942116831153,8.379566037647406e-34,0.563994211683115,1.3877787807814457e-17
2,thesis,0.4,0.5532664244089849,9.486364017934257e-34,0.5532664244089847,1.3877787807814457e-17
2,thesis,0.45,0.541272832563262,1.0557722794504491e-33,0.5412728325632618,1.3877787807814457e-17
2,thesis,0.5,0.5280733791226894,1.1589629512056925e-33,0.5280733791226891,2.7755575615628914e-17
2,thesis,0.55,0.5137340338601915,1.2578215094030833e-33,0.5137340338601912,2.7755575615628914e-17
2,thesis,0.6000000000000001,0.4983264636334231,1.3519768344398638e-33,0.49832646363342303,2.7755575615628914e-17
2,thesis,0.65,0.4819276741997632,1.4410749474498578e-33,0.4819276741997631,1.3877787807814457e-17
2,thesis,0.7000000000000001,0.4646196253479286,1.5247803005645609e-33,0.46461962534792856,2.7755575615628914e-17
2,thesis,0.75,0.4464888212697527,1.602777000053231e-33,0.44648882126975264,2.7755575615628914e-17
2,thesis,0.8,0.4276258782194127,1.6747699578876337e-33,0.42762587821941267,2.7755575615628914e-17
2,thesis,0.8500000000000001,0.40812507162091144,1.740485967537624e-33,0.4081250716209114,2.7755575615628914e-17
2,thesis,0.9,0.3880838648873313,1.7996747000798607e-33,0.38808386488733126,2.7755575615628914e-17
2,thesis,0.9500000000000001,0.36760242230678447,1.8521096169919237e-33,0.3676024223067844,2.7755575615628914e-17
2,thesis,1.0,0.3467831084296126,1.8975887963077323e-33,0.3467831084296125,2.7755575615628914e-17
2,thesis,1.05,0.3257299764588591,1.9359356691254416e-33,0.3257299764588591,2.7755575615628914e-17
2,thesis,1.1,0.30454824820099574,1.9669996637857e-33,0.30454824820099574,2.7755575615628914e-17
2,thesis,1.1500000000000001,0.28334378817606537,1.9906567553741644e-33,0.2833437881760654,2.7755575615628914e-17
2,thesis,1.2000000000000002,0.2622225745155963,2.0068099185470982e-33,0.26222257451559633,2.7755575615628914e-17
2,thesis,1.25,0.24129016929269553,2.015389482030872e-33,0.24129016929269553,2.7755575615628914e-17
2,thesis,1.3,0.2206511909315675,2.0163533835042956e-33,0.22065119093156754,2.7755575615628914e-17
2,thesis,1.35,0.20040879133331185,2.0096873239354084e-33,0.20040879133331196,2.7755575615628914e-17
2,thesis,1.4000000000000001,0.1806641403312822,1.9954048208106336e-33,0.1806641403312823,7.781568883831894e-34
2,thesis,1.4500000000000002,0.16151592005265408,1.9735471600622774e-33,0.1615159200526542,2.7755575615628914e-17
2,thesis,1.5,0.14305983171334352,1.9441832468693267e-33,0.14305983171334363,5.576416805499635e-34
2,thesis,1.55,0.12538811731127036,1.9074093558747623e-33,0.12538811731127042,2.7755575615628914e-17
2,thesis,1.6,0.108589098608509,1.8633487817288928e-33,0.10858909860850911,1.3877787807814457e-17
2,thesis,1.6500000000000001,0.09274673570644999,1.812151391231145e-33,0.0927467357064501,1.3877787807814457e-17
2,thesis,1.7000000000000002,0.07794020742018139,1.7539930787012376e-33,0.07794020742018153,1.3877787807814457e-17
2,thesis,1.75,0.0642435155493412,1.6890751265628327e-33,0.06424351554934134,2.7755575615628914e-17
2,thesis,1.8,0.051725115023264226,1.617623473468194e-33,0.05172511502326439,2.7755575615628914e-17
2,thesis,1.85,0.04044757176892612,1.5398878926289349e-33,0.040447571768926285,1.3877787807814455e-17
2,thesis,1.9000000000000001,0.03046725001163221,1.456141083344956e-33,0.030467250011632377,-7.245026190861926e-34
2,thesis,1.9500000000000002,0.02183403057129714,1.3666776790398137e-33,0.02183403057129736,1.3877787807814455e-17
2,thesis,2.0,0.014591061562246058,1.2718131754148294e-33,0.01459106156224628,6.9388939039072276e-18
2,thesis,2.0500000000000003,0.008774542742520111,1.1718827826250574e-33,0.008774542742520278,6.938893903907227e-18
2,thesis,2.1,0.004413544590489829,1.067240205657028e-33,0.004413544590489996,3.4694469519536126e-18
2,thesis,2.15,0.0015298630130167329,9.582563573495923e-34,0.0015298630130168994,3.4694469519536126e-18
2,thesis,2.2,0.00013791041131940018,8.453180087444663e-34,0.00013791041131956672,8.673617379884015e-19
2,thesis,2.25,0.00024464364898831026,7.288263816813633e-34,0.0002446436489885323,-1.734723475976809e-18
2,thesis,2.3000000000000003,0.0018495292821589376,6.091956887628456e-34,0.0018495292821591597,-3.4694469519536165e-18
2,thesis,2.35,0.004944546225620031,4.868516260057924e-34,0.004944546225620197,-6.938893903907231e-18
2,thesis,2.4000000000000004,0.009514225841531679,3.6222982366853626e-34,0.009514225841531901,-6.938893903907231e-18
2,thesis,2.45,0.015535729250393551,2.3577426089522855e-34,0.015535729250393773,-6.938893903907233e-18
2,thesis,2.5,0.02297896147786961,1.0793564995052262e-34,0.022978961477869778,-6.938893903907233e-18
2,thesis,2.5500000000000003,0.031806721866972046,-2.0830204071350777e-35,0.03180672186697227,-1.387778780781446e-17
2,thesis,2.6,0.04197489000385775,-1.5006406208993755e-34,0.04197489000385786,-1.387778780781446e-17
2,thesis,2.6500000000000004,0.053432646227995886,-2.7930492239344867e-34,0.05343264622799605,-1.387778780781446e-17
2,thesis,2.7,0.06612272562461287,-4.080916984188128e-34,0.06612272562461304,-1.387778780781446e-17
2,thesis,2.75,0.07998170422998536,-5.359648968471102e-34,0.0799817042299855,-1.387778780781446e-17
2,thesis,2.8000000000000003,0.09494031601914692,-6.624682899033929e-34,0.09494031601914706,-1.387778780781446e-17
2,thesis,2.85,0.11092379909173262,-7.87150575771114e-34,0.11092379909173274,-2.775557561562892e-17
2,thesis,2.9000000000000004,0.12785226932575355,-9.095670210745618e-34,0.12785226932575366,-1.3877787807814463e-17
2,thesis,2.95,0.14564111963180815,-1.0292810794480615e-33,0.14564111963180826,-5.7333599034252826e-33
2,thesis,3.0,0.1642014428122947,-1.1458659802977625e-33,0.16420144281229482,-2.775557561562892e-17
2,thesis,3.0500000000000003,0.18344047591220758,-1.2589062819703939e-33,0.18344047591220763,-2.775557561562892e-17
2,thesis,3.1,0.20326206384068574,-1.3679993836729825e-33,0.2032620638406858,-2.775557561562892e-17
2,thesis,3.1500000000000004,0.22356713994618027,-1.4727569906377077e-33,0.22356713994618033,-2.775557561562892e-17
2,thesis,3.2,0.24425422114335515,-1.5728065271964185e-33,0.24425422114335515,-2.775557561562892e-17
2,thesis,3.25,0.2652199151171286,-1.6677924926189143e-33,0.26521991511712867,-2.775557561562892e-17
2,thesis,3.3000000000000003,0.2863594370688819,-1.7573777547776476e-33,0.2863594370688819,-2.775557561562892e-17
2,thesis,3.35,0.30756713342218694,-1.841244776927809e-33,0.30756713342218694,-2.775557561562892e-17
2,thesis,3.4000000000000004,0.3287370098706151,-1.9190967731354195e-33,0.3287370098706151,-2.775557561562892e-17
2,thesis,3.45,0.34976326112848355,-1.990658788145833e-33,0.34976326112848355,-2.775557561562892e-17
2,thesis,3.5,0.37054079973689286,-2.055678697760223e-33,0.3705407997368928,-2.775557561562892e-17
2,thesis,3.5500000000000003,0.39096578128212633,-2.1139281260771445e-33,0.3909657812821262,-2.775557561562892e-17
2,thesis,3.6,0.41093612340141067,-2.1652032762589796e-33,0.4109361234014106,-2.775557561562892e-17
2,thesis,3.6500000000000004,0.43035201598209566,-2.2093256717979548e-33,0.4303520159820956,-2.775557561562892e-17
2,thesis,3.7,0.4491164200043131,-2.2461428055824564e-33,0.44911642000431307,-8.382924789099178e-33
2,thesis,3.75,0.4671355525339454,-2.2755286944000015e-33,0.46713555253394523,-2.775557561562892e-17
2,thesis,3.8000000000000003,0.484319355441948,-2.297384336857661e-33,0.4843193554419478,-2.775557561562892e-17
2,thesis,3.85,0.5005819455074038,-2.3116380730524534e-33,0.5005819455074035,-2.775557561562892e-17
2,thesis,3.9000000000000004,0.5158420436547353,-2.318245844681983e-33,0.5158420436547351,-1.3877787807814463e-17
2,thesis,3.95,0.530023381179779,-2.3171913546482005e-33,0.5300233811797788,-1.3877787807814463e-17
2,thesis,4.0,0.5430550809344391,-2.308486125573122e-33,0.5430550809344389,-2.775557561562892e-17
2,thesis,4.05,0.5548720115647925,-2.2921694570135322e-33,0.5548720115647922,-1.3877787807814466e-17
2,thesis,4.1000000000000005,0.5654151130321902,-2.2683082815305517e-33,0.5654151130321899,-1.3877787807814466e-17
2,thesis,4.15,0.574631691790429,-2.2369969201383188e-33,0.5746316917904287,-6.938893903907236e-18
2,thesis,4.2,0.5824756841437239,-2.1983567380224148e-33,0.5824756841437236,-1.3877787807814466e-17
2,thesis,4.25,0.5889078864692358,-2.152535701781909e-33,0.5889078864692355,-6.938893903907236e-18
2,thesis,4.3,0.5938961511535253,-2.0997078398074627e-33,0.5938961511535251,-3.469446951953623e-18
2,thesis,4.3500000000000005,0.5974155472636574,-2.0400726077606973e-33,0.5974155472636572,-3.469446951953623e-18
2,thesis,4.4,0.5994484851499345,-1.9738541614656254e-33,0.5994484851499343,-1.734723475976816e-18
2,thesis,4.45,0.5999848043575068,-1.901300539860103e-33,0.5999848043575066,4.336808689941931e-19
2,thesis,4.5,0.5990218244074819,-1.822682760982804e-33,0.5990218244074815,1.7347234759767984e-18
2,thesis,4.55,0.596564358193736,-1.738293834287891e-33,0.5965643581937358,3.4694469519536057e-18
2,thesis,4.6000000000000005,0.5926246879284697,-1.6484476928842837e-33,0.5926246879284695,6.93889390390722e-18
2,thesis,4.65,0.587222503756731,-1.5534780495880646e-33,0.5872225037567308,6.93889390390722e-18
2,thesis,4.7,0.5803848053467036,-1.4537371809538617e-33,0.5803848053467034,1.3877787807814449e-17
2,thesis,4.75,0.5721457669476068,-1.3495946437135597e-33,0.5721457669476065,1.3877787807814448e-17
2,thesis,4.800000000000001,0.5625465665896329,-1.241435928296623e-33,0.5625465665896326,1.3877787807814449e-17
2,thesis,4.8500000000000005,0.5516351802795708,-1.1296610543355388e-33,0.5516351802795706,1.3877787807814449e-17
2,thesis,4.9,0.5394661422207042,-1.0146831132711803e-33,0.539466142220704,1.3877787807814449e-17
2,thesis,4.95,0.52610027225539,-8.969267633654606e-34,0.5261002722553898,2.7755575615628904e-17
2,thesis,5.0,0.5116043718925326,-7.768266826020023e-34,0.5116043718925324,2.7755575615628904e-17
2,thesis,5.050000000000001,0.49605089043918654,-6.548259851089556e-34,0.4960508904391865,1.387778780781445e-17
2,thesis,5.1000000000000005,0.4795175629049328,-5.313746068708034e-34,0.47951756290493275,2.7755575615628904e-17
2,thesis,5.15,0.4620870214887502,-4.0692766660797e-34,0.46208702148875014,2.7755575615628907e-17
2,thesis,5.2,0.4438463825901436,-2.8194380779340035e-34,0.44384638259014353,2.7755575615628907e-17
2,thesis,5.25,0.42488681140860757,-1.56883527843982e-34,0.4248868114086075,2.7755575615628907e-17
2,thesis,5.300000000000001,0.4053030663075256,-3.220750057139378e-35,0.40530306630752555,2.7755575615628907e-17
2,thesis,5.3500000000000005,0.3851930252197343,9.162510199846529e-35,0.38519302521973425,2.7755575615628907e-17
2,thesis,5.4,0.3646571964617355,2.141582823260939e-34,0.36465719646173544,2.7755575615628907e-17
2,thesis,5.45,0.343798216401472,3.349408784875409e-34,0.34379821640147196,2.7755575615628907e-17
2,thesis,5.5,0.322720336490279,4.535282076827795e-34,0.3227203364902789,2.7755575615628907e-17
2,thesis,5.550000000000001,0.30152890222278006,5.694836861381471e-34,0.30152890222278006,2.7755575615628907e-17
2,thesis,5.6000000000000005,0.28032982662885014,6.8238041950363024e-34,0.2803298266288502,2.775557561562891e-17
2,thesis,5.65,0.2592290609290772,7.918027579533571e-34,0.25922906092907727,2.775557561562891e-17
2,thesis,5.7,0.23833206499935783,8.973478103259141e-34,0.23833206499935788,2.7755575615628907e-17
2,thesis,5.75,0.2177432802911876,9.986269117906321e-34,0.21774328029118767,2.7755575615628907e-17
2,thesis,5.800000000000001,0.1975656078419537,1.0952670396949196e-33,0.19756560784195376,2.7755575615628907e-17
2,thesis,5.8500000000000005,0.17789989398409117,1.1869121724366288e-33,0.17789989398409128,2.7755575615628907e-17
2,thesis,5.9,0.15884442632347945,1.2732245864128268e-33,0.15884442632347956,2.7755575615628907e-17
2,thesis,5.95,0.14049444250614646,1.3538860863218747e-33,0.14049444250614657,2.7755575615628907e-17
2,thesis,6.0,0.12294165422841734,1.428599164338406e-33,0.12294165422841748,2.7755575615628907e-17
2,thesis,6.050000000000001,0.10627378886946466,1.4970880839399355e-33,0.10627378886946477,2.7755575615628907e-17
2,thesis,6.1000000000000005,0.09057415103715193,1.5590998844379463e-33,0.09057415103715206,1.3877787807814452e-17
2,thesis,6.15,0.07592120621851227,1.6144053025554514e-33,0.07592120621851241,2.7755575615628907e-17
2,thesis,6.2,0.06238818861575783,1.6627996076947636e-33,0.06238818861575797,2.7755575615628907e-17
2,thesis,6.25,0.05004273512781433,1.704103347853744e-33,0.0500427351278145,1.3877787807814452e-17
2,thesis,6.300000000000001,0.03894654730671261,1.7381630034741184e-33,0.03894654730671278,1.3877787807814452e-17
2,thesis,6.3500000000000005,0.0291550829783533,1.7648515468406646e-33,0.02915508297835341,1.3877787807814452e-17
2,thesis,6.4,0.020717279068893604,1.784068904994223e-33,0.020717279068893826,6.938893903907224e-18
2,thesis,6.45,0.013675307022051789,1.7957423244725518e-33,0.013675307022051955,6.938893903907224e-18
2,thesis,6.5,0.008064362029732056,1.7998266365508998e-33,0.008064362029732222,6.938893903907224e-18
2,thesis,6.550000000000001,0.003912487129375322,1.7963044220161935e-33,0.003912487129375489,3.4694469519536096e-18
2,thesis,6.6000000000000005,0.001240433047185699,1.785186074874904e-33,0.0012404330471858654,1.7347234759768023e-18
2,thesis,6.65,6.155448772234007e-05,1.7665097647624576e-33,6.155448772256211e-05,4.336808689941971e-19
2,thesis,6.7,0.00038174338819486897,1.740341298191085e-33,0.0003817433881950355,-1.734723475976812e-18
2,thesis,6.75,0.002199399471049926,1.7067738791413612e-33,0.002199399471050148,-3.469446951953619e-18
2,thesis,6.800000000000001,0.005505438242025776,1.6659277698693235e-33,0.005505438242025942,-6.938893903907233e-18
2,thesis,6.8500000000000005,0.010283336393700396,1.617949853164241e-33,0.010283336393700562,-6.938893903907233e-18
2,thesis,6.9,0.016509214387611063,1.563013097651225e-33,0.016509214387611285,-6.938893903907233e-18
2,thesis,6.95,0.024151955802205874,1.5013159280858597e-33,0.02415195580220604,-1.3877787807814463e-17
2,thesis,7.0,0.03317336285013624,1.4330815029338521e-33,0.03317336285013646,-1.3877787807814463e-17
2,thesis,7.050000000000001,0.04352834728762868,1.358556901866724e-33,0.043528347287628846,-1.3877787807814463e-17
2,thesis,7.1000000000000005,0.055165155761784226,1.2780122261321874e-33,0.05516515576178439,-1.3877787807814463e-17
2,thesis,7.15,0.06802562846954326,1.191739615075443e-33,0.06802562846954342,-1.3877787807814463e-17
2,thesis,7.2,0.0820454898355533,1.1000521823928751e-33,0.08204548983555345,-2.7755575615628914e-17
2,thesis,7.25,0.09715466975616131,1.0032828759918979e-33,0.09715466975616145,-2.775557561562892e-17
2,thesis,7.300000000000001,0.11327765380397663,9.017832656089603e-34,0.11327765380397677,-2.775557561562892e-17
2,thesis,7.3500000000000005,0.13033386064271252,7.959222626008068e-34,0.13033386064271263,-2.775557561562892e-17
2,thesis,7.4,0.14823804476601776,6.86084776571017e-34,0.14823804476601787,-2.775557561562892e-17
2,thesis,7.45,0.16690072254744331,5.726703137240001e-34,0.16690072254744337,-2.775557561562892e-17
2,thesis,7.5,0.1862286194721811,4.5609152205069065e-34,0.18622861947218117,-2.775557561562892e-17
2,thesis,7.550000000000001,0.2061251363153495,3.3677268864390942e-34,0.20612513631534957,-2.775557561562892e-17
2,thesis,7.6000000000000005,0.22649083193690056,2.1514819461567174e-34,0.22649083193690062,-7.081988137774596e-33
2,thesis,7.65,0.2472239202801887,9.166093324307178e-35,0.24722392028018875,-2.775557561562892e-17
2,thesis,7.7,0.2682207790902332,-3.3239302896677507e-35,0.26822077909023323,-2.775557561562892e-17
2,thesis,7.75,0.2893764678091498,-1.5909745992849831e-34,0.2893764678091498,-2.775557561562892e-17
2,thesis,7.800000000000001,0.31058525206035026,-2.854548798539773e-34,0.31058525206035026,-2.775557561562892e-17
2,thesis,7.8500000000000005,0.33174113210018236,-4.118509708633445e-34,0.33174113210018236,-2.775557561562892e-17
2,thesis,7.9,0.35273837259585183,-5.378248847020759e-34,0.35273837259585183,-2.775557561562892e-17
2,thesis,7.95,0.37347203108184135,-6.629171949838239e-34,0.37347203108184135,-2.775557561562892e-17
2,thesis,8.0,0.3938384824536442,-7.866715703377786e-34,0.39383848245364417,-2.775557561562892e-17
2,thesis,8.05,0.413735936877438,-9.086364362973707e-34,0.4137359368774379,-2.775557561562892e-17
2,thesis,8.1,0.4330649485272238,-1.0283666198783522e-33,0.43306494852722377,-2.775557561562892e-17
2,thesis,8.15,0.4517289126068184,-1.1454249708572318e-33,0.45172891260681836,-2.775557561562892e-17
2,thesis,8.200000000000001,0.4696345481726007,-1.259383953845813e-33,0.46963454817260053,-2.775557561562892e-17
2,thesis,8.25,0.48669236434393265,-1.3698272053641676e-33,0.4866923643439325,-1.3877787807814466e-17
2,thesis,8.3,0.5028171075711535,-1.4763510502416215e-33,0.5028171075711534,-1.3877787807814466e-17
2,thesis,8.35,0.5179281877257423,-1.5785659718234554e-33,0.5179281877257421,-1.3877787807814466e-17
2,thesis,8.4,0.5319500808830981,-1.6760980306294835e-33,0.5319500808830979,-1.3877787807814466e-17
2,thesis,8.450000000000001,0.5448127067848426,-1.7685902262980444e-33,0.5448127067848424,-1.3877787807814466e-17
2,thesis,8.5,0.5564517790941378,-1.8557037978557065e-33,0.5564517790941376,-1.3877787807814466e-17
2,thesis,8.55,0.5668091266934648,-1.9371194575776076e-33,0.5668091266934646,-1.387778780781447e-17
2,thesis,8.6,0.5758329844190376,-2.012538553944928e-33,0.5758329844190374,-6.938893903907238e-18
2,thesis,8.65,0.5834782517787995,-2.0816841594645772e-33,0.5834782517787994,-6.938893903907238e-18
2,thesis,8.700000000000001,0.5897067183609377,-2.144302079389433e-33,0.5897067183609374,-6.938893903907238e-18
2,thesis,8.75,0.5944872548063505,-2.200161777665764e-33,0.5944872548063501,-3.469446951953624e-18
2,thesis,8.8,0.5977959683906025,-2.2490572167358786e-33,0.5977959683906021,-3.469446951953624e-18
2,thesis,8.85,0.5996163224377767,-2.290807608137525e-33,0.5996163224377765,-1.7347234759768175e-18
2,thesis,8.9,0.5999392189694096,-2.3252580711667854e-33,0.5999392189694094,4.336808689941913e-19
2,thesis,8.950000000000001,0.5987630441754321,-2.3522801972056468e-33,0.5987630441754318,3.4694469519536038e-18
2,thesis,9.0,0.5960936764798583,-2.3717725176592187e-33,0.596093676479858,3.4694469519536038e-18
2,thesis,9.05,0.5919444571609102,-2.383660873798449e-33,0.5919444571609099,6.9388939039072176e-18
2,thesis,9.1,0.5863361236724158,-2.3878986871614906e-33,0.5863361236724155,6.9388939039072176e-18
2,thesis,9.15,0.579296705999737,-2.38446712952894e-33,0.5792967059997368,1.3877787807814446e-17
2,thesis,9.200000000000001,0.5708613865682276,-2.3733751918539543e-33,0.5708613865682274,1.3877787807814446e-17
2,thesis,9.25,0.561072324404392,-2.3546596518961506e-33,0.5610723244043917,1.3877787807814446e-17
2,thesis,9.3,0.5499784444285678,-2.328384940677161e-33,0.5499784444285676,1.3877787807814446e-17
2,thesis,9.35,0.5376351929322369,-2.2946429082440473e-33,0.5376351929322368,2.7755575615628904e-17
2,thesis,9.4,0.524104260462058,-2.25355248959365e-33,0.5241042604620578,1.3877787807814446e-17
2,thesis,9.450000000000001,0.5094532734956381,-2.205259271974301e-33,0.509453273495638,1.3877787807814446e-17
2,thesis,9.5,0.493755456450006,-2.149934965140716e-33,0.49375545645000585,2.7755575615628904e-17
2,thesis,9.55,0.4770892657120546,-2.087776776491058e-33,0.47708926571205457,1.3877787807814446e-17
2,thesis,9.600000000000001,0.45953799752002905,-2.019006693361742e-33,0.459537997520029,2.7755575615628904e-17
2,thesis,9.65,0.4411893716558421,-1.943870675093533e-33,0.44118937165584204,2.7755575615628904e-17
2,thesis,9.700000000000001,0.4221350930288797,-1.8626377578111366e-33,0.4221350930288795,2.7755575615628904e-17
2,thesis,9.75,0.40247039334247997,-1.7755990751762826e-33,0.4024703933424799,2.7755575615628904e-17
2,thesis,9.8,0.3822935551337762,-1.6830667986803714e-33,0.38229355513377616,2.7755575615628907e-17
2,thesis,9.850000000000001,0.36170542056573907,-1.5853730013357005e-33,0.361705420565739,2.7755575615628907e-17
2,thesis,9.9,0.3408088874264091,-1.482868448903284e-33,0.3408088874264091,2.7755575615628907e-17
2,thesis,9.950000000000001,0.3197083948542941,-1.3759213230591281e-33,0.3197083948542941,2.7755575615628904e-17
2,thesis,10.0,0.29850940136022097,-1.2649158811487282e-33,0.29850940136022097,2.7755575615628904e-17
2,thesis,10.05,0.27731785775445045,-1.1502510574104096e-33,0.27731785775445045,2.7755575615628904e-17
2,thesis,10.100000000000001,0.2562396776133192,-1.0323390107613667e-33,0.2562396776133192,2.7755575615628904e-17
2,thesis,10.15,0.23538020793197723,-9.116036244348139e-34,0.23538020793197728,2.7755575615628904e-17
2,thesis,10.200000000000001,0.214843702608843,-7.884789629318835e-34,0.21484370260884306,2.7755575615628904e-17
2,thesis,10.25,0.1947328013932782,-6.6340769190769265e-34,0.19473280139327825,2.7755575615628904e-17
2,thesis,10.3,0.1751480169006301,-5.36839466745487e-34,0.1751480169006302,-7.033106316083077e-33
2,thesis,10.350000000000001,0.1561872322585287,-4.09229295687317e-34,0.15618723225852882,2.7755575615628904e-17
2,thesis,10.4,0.13794521189513287,-2.8103588348188104e-34,0.13794521189513298,2.7755575615628907e-17
2,thesis,10.450000000000001,0.12051312791438261,-1.5271996158148985e-34,0.12051312791438269,1.387778780781445e-17
2,thesis,10.5,0.103978104425394,-2.4742610968918537e-35,0.10397810442539414,2.7755575615628907e-17
2,thesis,10.55,0.08842278210338562,1.0243641627833735e-34,0.08842278210338579,2.7755575615628907e-17
2,thesis,10.600000000000001,0.07392490515844748,2.2836037057398033e-34,0.07392490515844764,1.387778780781445e-17
2,thesis,10.65,0.060556932776428166,3.5257716746465963e-34,0.06055693277642833,1.387778780781445e-17
2,thesis,10.700000000000001,0.04838567697393521,4.7464103327270915e-34,0.048385676973935435,1.387778780781445e-17
2,thesis,10.75,0.03747196867742515,5.94114127747059e-34,0.03747196867742526,1.387778780781445e-17
2,thesis,10.8,0.027870353695276476,7.105681378134063e-34,0.027870353695276642,1.3877787807814452e-17
2,thesis,10.850000000000001,0.019628820102369174,8.23585836619609e-34,0.019628820102369285,6.938893903907224e-18
2,thesis,10.9,0.012788558399667985,9.327626021990738e-34,0.012788558399668151,6.9388939039072245e-18
2,thesis,10.950000000000001,0.007383755647515436,1.037707890221569e-33,0.007383755647515602,6.9388939039072245e-18
2,thesis,11.0,0.0034414246015435773,1.1380466554684735e-33,0.0034414246015437994,3.4694469519536103e-18
2,thesis,11.05,0.0009812687051609786,1.233420716855833e-33,0.0009812687051612007,1.7347234759768032e-18
2,thesis,11.100000000000001,1.558361337912484e-05,1.3234900610344765e-33,1.5583613379346883e-05,2.168404344970973e-19
2,thesis,11.15,0.0005491957401482367,1.4079340798199315e-33,0.0005491957401484032,-1.7347234759768106e-18
2,thesis,11.200000000000001,0.002579438136341053,1.486452736946024e-33,0.002579438136341275,-3.469446951953617e-18
2,thesis,11.25,0.006096163818943415,1.5587676598931427e-33,0.006096163818943581,-6.938893903907231e-18
2,thesis,11.3,0.011081796484833165,1.624623152815424e-33,0.011081796484833387,-6.938893903907231e-18
2,thesis,11.350000000000001,0.017511418355684663,1.6837871268779796e-33,0.017511418355684885,-6.938893903907231e-18
2,thesis,11.4,0.025352894714956845,1.7360519446164365e-33,0.02535289471495701,-1.387778780781446e-17
2,thesis,11.450000000000001,0.03456703451453992,1.7812351752439618e-33,0.03456703451454009,-1.387778780781446e-17
2,thesis,11.5,0.04510778624836155,1.8191802581552277e-33,0.04510778624836172,-1.387778780781446e-17
2,thesis,11.55,0.05692246811399239,1.8497570722112807e-33,0.056922468113992555,-2.7755575615628914e-17
2,thesis,11.600000000000001,0.06995203131192358,1.87286240873212e-33,0.06995203131192372,-1.387778780781446e-17
2,thesis,11.65,0.08413135516656296,1.8884203464747075e-33,0.08413135516656313,-2.7755575615628914e-17
2,thesis,11.700000000000001,0.09938957259397534,1.896382527230911e-33,0.09938957259397548,-2.775557561562892e-17
2,thesis,11.75,0.115650424289676,1.8967283310418455e-33,0.1156504242896761,-1.387778780781446e-17
2,thesis,11.8,0.13283263986631844,1.889464950390658e-33,0.1328326398663185,-1.387778780781446e-17
2,thesis,11.850000000000001,0.15085034403633385,1.8746273631036106e-33,0.15085034403633396,-2.775557561562892e-17
2,thesis,11.9,0.16961348580950114,1.8522782040583426e-33,0.1696134858095012,-2.775557561562892e-17
2,thesis,11.950000000000001,0.18902828856031872,1.822507536166488e-33,0.18902828856031884,-2.775557561562892e-17
2,thesis,12.0,0.20899771871579664,1.7854325214648604e-33,0.2089977187157967,-2.775557561562892e-17
2,piqs_blocks,0.0,0.6000000000000002,0.0,0.6000000000000002,0.0
2,piqs_blocks,0.05,0.5992503124479215,1.734723475976807e-18,0.5992503124479215,1.734723475976807e-18
2,piqs_blocks,0.1,0.5970049966678569,3.469446951953614e-18,0.5970049966678569,3.469446951953614e-18
2,piqs_blocks,0.15000000000000002,0.5932752745617454,6.938893903907228e-18,0.5932752745617454,6.938893903907228e-18
2,piqs_blocks,0.2,0.5880797869711579,6.938893903907228e-18,0.5880797869711579,6.938893903907228e-18
2,piqs_blocks,0.25,0.5814445005119188,6.938893903907228e-18,0.5814445005119188,6.938893903907228e-18
2,piqs_blocks,0.30000000000000004,0.5734025777951143,1.3877787807814457e-17,0.5734025777951143,1.3877787807814457e-17
2,piqs_blocks,0.35000000000000003,0.563994211683115,1.3877787807814457e-17,0.563994211683115,1.3877787807814457e-17
2,piqs_blocks,0.4,0.5532664244089847,1.3877787807814457e-17,0.5532664244089847,1.3877787807814457e-17
2,piqs_blocks,0.45,0.5412728325632618,1.3877787807814457e-17,0.5412728325632618,1.3877787807814457e-17
2,piqs_blocks,0.5,0.5280733791226891,2.7755575615628914e-17,0.5280733791226891,2.7755575615628914e-17
2,piqs_blocks,0.55,0.5137340338601912,2.7755575615628914e-17,0.5137340338601912,2.7755575615628914e-17
2,piqs_blocks,0.6000000000000001,0.49832646363342303,2.7755575615628914e-17,0.49832646363342303,2.7755575615628914e-17
2,piqs_blocks,0.65,0.4819276741997631,1.3877787807814457e-17,0.4819276741997631,1.3877787807814457e-17
2,piqs_blocks,0.7000000000000001,0.46461962534792856,2.7755575615628914e-17,0.46461962534792856,2.7755575615628914e-17
2,piqs_blocks,0.75,0.44648882126975264,2.7755575615628914e-17,0.44648882126975264,2.7755575615628914e-17
2,piqs_blocks,0.8,0.42762587821941267,2.7755575615628914e-17,0.42762587821941267,2.7755575615628914e-17
2,piqs_blocks,0.8500000000000001,0.4081250716209114,2.7755575615628914e-17,0.4081250716209114,2.7755575615628914e-17
2,piqs_blocks,0.9,0.38808386488733126,2.7755575615628914e-17,0.38808386488733126,2.7755575615628914e-17
2,piqs_blocks,0.9500000000000001,0.3676024223067844,2.7755575615628914e-17,0.3676024223067844,2.7755575615628914e-17
2,piqs_blocks,1.0,0.3467831084296125,2.7755575615628914e-17,0.3467831084296125,2.7755575615628914e-17
2,piqs_blocks,1.05,0.3257299764588591,2.7755575615628914e-17,0.3257299764588591,2.7755575615628914e-17
2,piqs_blocks,1.1,0.30454824820099574,2.7755575615628914e-17,0.30454824820099574,2.7755575615628914e-17
2,piqs_blocks,1.1500000000000001,0.2833437881760654,2.7755575615628914e-17,0.2833437881760654,2.7755575615628914e-17
2,piqs_blocks,1.2000000000000002,0.26222257451559633,2.7755575615628914e-17,0.26222257451559633,2.7755575615628914e-17
2,piqs_blocks,1.25,0.24129016929269553,2.7755575615628914e-17,0.24129016929269553,2.7755575615628914e-17
2,piqs_blocks,1.3,0.22065119093156754,2.7755575615628914e-17,0.22065119093156754,2.7755575615628914e-17
2,piqs_blocks,1.35,0.20040879133331196,2.7755575615628914e-17,0.20040879133331196,2.7755575615628914e-17
2,piqs_blocks,1.4000000000000001,0.1806641403312823,7.781568883831894e-34,0.1806641403312823,7.781568883831894e-34
2,piqs_blocks,1.4500000000000002,0.1615159200526542,2.7755575615628914e-17,0.1615159200526542,2.7755575615628914e-17
2,piqs_blocks,1.5,0.14305983171334363,5.576416805499635e-34,0.14305983171334363,5.576416805499635e-34
2,piqs_blocks,1.55,0.12538811731127042,2.7755575615628914e-17,0.12538811731127042,2.7755575615628914e-17
2,piqs_blocks,1.6,0.10858909860850911,1.3877787807814457e-17,0.10858909860850911,1.3877787807814457e-17
2,piqs_blocks,1.6500000000000001,0.0927467357064501,1.3877787807814457e-17,0.0927467357064501,1.3877787807814457e-17
2,piqs_blocks,1.7000000000000002,0.07794020742018153,1.3877787807814457e-17,0.07794020742018153,1.3877787807814457e-17
2,piqs_blocks,1.75,0.06424351554934134,2.7755575615628914e-17,0.06424351554934134,2.7755575615628914e-17
2,piqs_blocks,1.8,0.05172511502326439,2.7755575615628914e-17,0.05172511502326439,2.7755575615628914e-17
2,piqs_blocks,1.85,0.040447571768926285,1.3877787807814455e-17,0.040447571768926285,1.3877787807814455e-17
2,piqs_blocks,1.9000000000000001,0.030467250011632377,-7.245026190861926e-34,0.030467250011632377,-7.245026190861926e-34
2,piqs_blocks,1.9500000000000002,0.02183403057129736,1.3877787807814455e-17,0.02183403057129736,1.3877787807814455e-17
2,piqs_blocks,2.0,0.01459106156224628,6.9388939039072276e-18,0.01459106156224628,6.9388939039072276e-18
2,piqs_blocks,2.0500000000000003,0.008774542742520278,6.938893903907227e-18,0.008774542742520278,6.938893903907227e-18
2,piqs_blocks,2.1,0.004413544590489996,3.4694469519536126e-18,0.004413544590489996,3.4694469519536126e-18
2,piqs_blocks,2.15,0.0015298630130168994,3.4694469519536126e-18,0.0015298630130168994,3.4694469519536126e-18
2,piqs_blocks,2.2,0.00013791041131956672,8.673617379884015e-19,0.00013791041131956672,8.673617379884015e-19
2,piqs_blocks,2.25,0.0002446436489885323,-1.734723475976809e-18,0.0002446436489885323,-1.734723475976809e-18
2,piqs_blocks,2.3000000000000003,0.0018495292821591597,-3.4694469519536165e-18,0.0018495292821591597,-3.4694469519536165e-18
2,piqs_blocks,2.35,0.004944546225620197,-6.938893903907231e-18,0.004944546225620197,-6.938893903907231e-18
2,piqs_blocks,2.4000000000000004,0.009514225841531901,-6.938893903907231e-18,0.009514225841531901,-6.938893903907231e-18
2,piqs_blocks,2.45,0.015535729250393773,-6.938893903907233e-18,0.015535729250393773,-6.938893903907233e-18
2,piqs_blocks,2.5,0.022978961477869778,-6.938893903907233e-18,0.022978961477869778,-6.938893903907233e-18
2,piqs_blocks,2.5500000000000003,0.03180672186697227,-1.387778780781446e-17,0.03180672186697227,-1.387778780781446e-17
2,piqs_blocks,2.6,0.04197489000385786,-1.387778780781446e-17,0.04197489000385786,-1.387778780781446e-17
2,piqs_blocks,2.6500000000000004,0.05343264622799605,-1.387778780781446e-17,0.05343264622799605,-1.387778780781446e-17
2,piqs_blocks,2.7,0.06612272562461304,-1.387778780781446e-17,0.06612272562461304,-1.387778780781446e-17
2,piqs_blocks,2.75,0.0799817042299855,-1.387778780781446e-17,0.0799817042299855,-1.387778780781446e-17
2,piqs_blocks,2.8000000000000003,0.09494031601914706,-1.387778780781446e-17,0.09494031601914706,-1.387778780781446e-17
2,piqs_blocks,2.85,0.11092379909173274,-2.775557561562892e-17,0.11092379909173274,-2.775557561562892e-17
2,piqs_blocks,2.9000000000000004,0.12785226932575366,-1.3877787807814463e-17,0.12785226932575366,-1.3877787807814463e-17
2,piqs_blocks,2.95,0.14564111963180826,-5.7333599034252826e-33,0.14564111963180826,-5.7333599034252826e-33
2,piqs_blocks,3.0,0.16420144281229482,-2.775557561562892e-17,0.16420144281229482,-2.775557561562892e-17
2,piqs_blocks,3.0500000000000003,0.18344047591220763,-2.775557561562892e-17,0.18344047591220763,-2.775557561562892e-17
2,piqs_blocks,3.1,0.2032620638406858,-2.775557561562892e-17,0.2032620638406858,-2.775557561562892e-17
2,piqs_blocks,3.1500000000000004,0.22356713994618033,-2.775557561562892e-17,0.22356713994618033,-2.775557561562892e-17
2,piqs_blocks,3.2,0.24425422114335515,-2.775557561562892e-17,0.24425422114335515,-2.775557561562892e-17
2,piqs_blocks,3.25,0.26521991511712867,-2.775557561562892e-17,0.26521991511712867,-2.775557561562892e-17
2,piqs_blocks,3.3000000000000003,0.2863594370688819,-2.775557561562892e-17,0.2863594370688819,-2.775557561562892e-17
2,piqs_blocks,3.35,0.30756713342218694,-2.775557561562892e-17,0.30756713342218694,-2.775557561562892e-17
2,piqs_blocks,3.4000000000000004,0.3287370098706151,-2.775557561562892e-17,0.3287370098706151,-2.775557561562892e-17
2,piqs_blocks,3.45,0.34976326112848355,-2.775557561562892e-17,0.34976326112848355,-2.775557561562892e-17
2,piqs_blocks,3.5,0.3705407997368928,-2.775557561562892e-17,0.3705407997368928,-2.775557561562892e-17
2,piqs_blocks,3.5500000000000003,0.3909657812821262,-2.775557561562892e-17,0.3909657812821262,-2.775557561562892e-17
2,piqs_blocks,3.6,0.4109361234014106,-2.775557561562892e-17,0.4109361234014106,-2.775557561562892e-17
2,piqs_blocks,3.6500000000000004,0.4303520159820956,-2.775557561562892e-17,0.4303520159820956,-2.775557561562892e-17
2,piqs_blocks,3.7,0.44911642000431307,-8.382924789099178e-33,0.44911642000431307,-8.382924789099178e-33
2,piqs_blocks,3.75,0.46713555253394523,-2.775557561562892e-17,0.46713555253394523,-2.775557561562892e-17
2,piqs_blocks,3.8000000000000003,0.4843193554419478,-2.775557561562892e-17,0.4843193554419478,-2.775557561562892e-17
2,piqs_blocks,3.85,0.5005819455074035,-2.775557561562892e-17,0.5005819455074035,-2.775557561562892e-17
2,piqs_blocks,3.9000000000000004,0.5158420436547351,-1.3877787807814463e-17,0.5158420436547351,-1.3877787807814463e-17
2,piqs_blocks,3.95,0.5300233811797788,-1.3877787807814463e-17,0.5300233811797788,-1.3877787807814463e-17
2,piqs_blocks,4.0,0.5430550809344389,-2.775557561562892e-17,0.5430550809344389,-2.775557561562892e-17
2,piqs_blocks,4.05,0.5548720115647922,-1.3877787807814466e-17,0.5548720115647922,-1.3877787807814466e-17
2,piqs_blocks,4.1000000000000005,0.5654151130321899,-1.3877787807814466e-17,0.5654151130321899,-1.3877787807814466e-17
2,piqs_blocks,4.15,0.5746316917904287,-6.938893903907236e-18,0.5746316917904287,-6.938893903907236e-18
2,piqs_blocks,4.2,0.5824756841437236,-1.3877787807814466e-17,0.5824756841437236,-1.3877787807814466e-17
2,piqs_blocks,4.25,0.5889078864692355,-6.938893903907236e-18,0.5889078864692355,-6.938893903907236e-18
2,piqs_blocks,4.3,0.5938961511535251,-3.469446951953623e-18,0.5938961511535251,-3.469446951953623e-18
2,piqs_blocks,4.3500000000000005,0.5974155472636572,-3.469446951953623e-18,0.5974155472636572,-3.469446951953623e-18
2,piqs_blocks,4.4,0.5994484851499343,-1.734723475976816e-18,0.5994484851499343,-1.734723475976816e-18
2,piqs_blocks,4.45,0.5999848043575066,4.336808689941931e-19,0.5999848043575066,4.336808689941931e-19
2,piqs_blocks,4.5,0.5990218244074815,1.7347234759767984e-18,0.5990218244074815,1.7347234759767984e-18
2,piqs_blocks,4.55,0.5965643581937358,3.4694469519536057e-18,0.5965643581937358,3.4694469519536057e-18
2,piqs_blocks,4.6000000000000005,0.5926246879284695,6.93889390390722e-18,0.5926246879284695,6.93889390390722e-18
2,piqs_blocks,4.65,0.5872225037567308,6.93889390390722e-18,0.5872225037567308,6.93889390390722e-18
2,piqs_blocks,4.7,0.5803848053467034,1.3877787807814449e-17,0.5803848053467034,1.3877787807814449e-17
2,piqs_blocks,4.75,0.5721457669476065,1.3877787807814448e-17,0.5721457669476065,1.3877787807814448e-17
2,piqs_blocks,4.800000000000001,0.5625465665896326,1.3877787807814449e-17,0.5625465665896326,1.3877787807814449e-17
2,piqs_blocks,4.8500000000000005,0.5516351802795706,1.3877787807814449e-17,0.5516351802795706,1.3877787807814449e-17
2,piqs_blocks,4.9,0.539466142220704,1.3877787807814449e-17,0.539466142220704,1.3877787807814449e-17
2,piqs_blocks,4.95,0.5261002722553898,2.7755575615628904e-17,0.5261002722553898,2.7755575615628904e-17
2,piqs_blocks,5.0,0.5116043718925324,2.7755575615628904e-17,0.5116043718925324,2.7755575615628904e-17
2,piqs_blocks,5.050000000000001,0.4960508904391865,1.387778780781445e-17,0.4960508904391865,1.387778780781445e-17
2,piqs_blocks,5.1000000000000005,0.47951756290493275,2.7755575615628904e-17,0.47951756290493275,2.7755575615628904e-17
2,piqs_blocks,5.15,0.46208702148875014,2.7755575615628907e-17,0.46208702148875014,2.7755575615628907e-17
2,piqs_blocks,5.2,0.44384638259014353,2.7755575615628907e-17,0.44384638259014353,2.7755575615628907e-17
2,piqs_blocks,5.25,0.4248868114086075,2.7755575615628907e-17,0.4248868114086075,2.7755575615628907e-17
2,piqs_blocks,5.300000000000001,0.40530306630752555,2.7755575615628907e-17,0.40530306630752555,2.7755575615628907e-17
2,piqs_blocks,5.3500000000000005,0.38519302521973425,2.7755575615628907e-17,0.38519302521973425,2.7755575615628907e-17
2,piqs_blocks,5.4,0.36465719646173544,2.7755575615628907e-17,0.36465719646173544,2.7755575615628907e-17
2,piqs_blocks,5.45,0.34379821640147196,2.7755575615628907e-17,0.34379821640147196,2.7755575615628907e-17
2,piqs_blocks,5.5,0.3227203364902789,2.7755575615628907e-17,0.3227203364902789,2.7755575615628907e-17
2,piqs_blocks,5.550000000000001,0.30152890222278006,2.7755575615628907e-17,0.30152890222278006,2.7755575615628907e-17
2,piqs_blocks,5.6000000000000005,0.2803298266288502,2.775557561562891e-17,0.2803298266288502,2.775557561562891e-17
2,piqs_blocks,5.65,0.25922906092907727,2.775557561562891e-17,0.25922906092907727,2.775557561562891e-17
2,piqs_blocks,5.7,0.23833206499935788,2.7755575615628907e-17,0.23833206499935788,2.7755575615628907e-17
2,piqs_blocks,5.75,0.21774328029118767,2.7755575615628907e-17,0.21774328029118767,2.7755575615628907e-17
2,piqs_blocks,5.800000000000001,0.19756560784195376,2.7755575615628907e-17,0.19756560784195376,2.7755575615628907e-17
2,piqs_blocks,5.8500000000000005,0.17789989398409128,2.7755575615628907e-17,0.17789989398409128,2.7755575615628907e-17
2,piqs_blocks,5.9,0.15884442632347956,2.7755575615628907e-17,0.15884442632347956,2.7755575615628907e-17
2,piqs_blocks,5.95,0.14049444250614657,2.7755575615628907e-17,0.14049444250614657,2.7755575615628907e-17
2,piqs_blocks,6.0,0.12294165422841748,2.7755575615628907e-17,0.12294165422841748,2.7755575615628907e-17
2,piqs_blocks,6.050000000000001,0.10627378886946477,2.7755575615628907e-17,0.10627378886946477,2.7755575615628907e-17
2,piqs_blocks,6.1000000000000005,0.09057415103715206,1.3877787807814452e-17,0.09057415103715206,1.3877787807814452e-17
2,piqs_blocks,6.15,0.07592120621851241,2.7755575615628907e-17,0.07592120621851241,2.7755575615628907e-17
2,piqs_blocks,6.2,0.06238818861575797,2.7755575615628907e-17,0.06238818861575797,2.7755575615628907e-17
2,piqs_blocks,6.25,0.0500427351278145,1.3877787807814452e-17,0.0500427351278145,1.3877787807814452e-17
2,piqs_blocks,6.300000000000001,0.03894654730671278,1.3877787807814452e-17,0.03894654730671278,1.3877787807814452e-17
2,piqs_blocks,6.3500000000000005,0.02915508297835341,1.3877787807814452e-17,0.02915508297835341,1.3877787807814452e-17
2,piqs_blocks,6.4,0.020717279068893826,6.938893903907224e-18,0.020717279068893826,6.938893903907224e-18
2,piqs_blocks,6.45,0.013675307022051955,6.938893903907224e-18,0.013675307022051955,6.938893903907224e-18
2,piqs_blocks,6.5,0.008064362029732222,6.938893903907224e-18,0.008064362029732222,6.938893903907224e-18
2,piqs_blocks,6.550000000000001,0.003912487129375489,3.4694469519536096e-18,0.003912487129375489,3.4694469519536096e-18
2,piqs_blocks,6.6000000000000005,0.0012404330471858654,1.7347234759768023e-18,0.0012404330471858654,1.7347234759768023e-18
2,piqs_blocks,6.65,6.155448772256211e-05,4.336808689941971e-19,6.155448772256211e-05,4.336808689941971e-19
2,piqs_blocks,6.7,0.0003817433881950355,-1.734723475976812e-18,0.0003817433881950355,-1.734723475976812e-18
2,piqs_blocks,6.75,0.002199399471050148,-3.469446951953619e-18,0.002199399471050148,-3.469446951953619e-18
2,piqs_blocks,6.800000000000001,0.005505438242025942,-6.938893903907233e-18,0.005505438242025942,-6.938893903907233e-18
2,piqs_blocks,6.8500000000000005,0.010283336393700562,-6.938893903907233e-18,0.010283336393700562,-6.938893903907233e-18
2,piqs_blocks,6.9,0.016509214387611285,-6.938893903907233e-18,0.016509214387611285,-6.938893903907233e-18
2,piqs_blocks,6.95,0.02415195580220604,-1.3877787807814463e-17,0.02415195580220604,-1.3877787807814463e-17
2,piqs_blocks,7.0,0.03317336285013646,-1.3877787807814463e-17,0.03317336285013646,-1.3877787807814463e-17
2,piqs_blocks,7.050000000000001,0.043528347287628846,-1.3877787807814463e-17,0.043528347287628846,-1.3877787807814463e-17
2,piqs_blocks,7.1000000000000005,0.05516515576178439,-1.3877787807814463e-17,0.05516515576178439,-1.3877787807814463e-17
2,piqs_blocks,7.15,0.06802562846954342,-1.3877787807814463e-17,0.06802562846954342,-1.3877787807814463e-17
2,piqs_blocks,7.2,0.08204548983555345,-2.7755575615628914e-17,0.08204548983555345,-2.7755575615628914e-17
2,piqs_blocks,7.25,0.09715466975616145,-2.775557561562892e-17,0.09715466975616145,-2.775557561562892e-17
2,piqs_blocks,7.300000000000001,0.11327765380397677,-2.775557561562892e-17,0.11327765380397677,-2.775557561562892e-17
2,piqs_blocks,7.3500000000000005,0.13033386064271263,-2.775557561562892e-17,0.13033386064271263,-2.775557561562892e-17
2,piqs_blocks,7.4,0.14823804476601787,-2.775557561562892e-17,0.14823804476601787,-2.775557561562892e-17
2,piqs_blocks,7.45,0.16690072254744337,-2.775557561562892e-17,0.16690072254744337,-2.775557561562892e-17
2,piqs_blocks,7.5,0.18622861947218117,-2.775557561562892e-17,0.18622861947218117,-2.775557561562892e-17
2,piqs_blocks,7.550000000000001,0.20612513631534957,-2.775557561562892e-17,0.20612513631534957,-2.775557561562892e-17
2,piqs_blocks,7.6000000000000005,0.22649083193690062,-7.081988137774596e-33,0.22649083193690062,-7.081988137774596e-33
2,piqs_blocks,7.65,0.24722392028018875,-2.775557561562892e-17,0.24722392028018875,-2.775557561562892e-17
2,piqs_blocks,7.7,0.26822077909023323,-2.775557561562892e-17,0.26822077909023323,-2.775557561562892e-17
2,piqs_blocks,7.75,0.2893764678091498,-2.775557561562892e-17,0.2893764678091498,-2.775557561562892e-17
2,piqs_blocks,7.800000000000001,0.31058525206035026,-2.775557561562892e-17,0.31058525206035026,-2.775557561562892e-17
2,piqs_blocks,7.8500000000000005,0.33174113210018236,-2.775557561562892e-17,0.33174113210018236,-2.775557561562892e-17
2,piqs_blocks,7.9,0.35273837259585183,-2.775557561562892e-17,0.35273837259585183,-2.775557561562892e-17
2,piqs_blocks,7.95,0.37347203108184135,-2.775557561562892e-17,0.37347203108184135,-2.775557561562892e-17
2,piqs_blocks,8.0,0.39383848245364417,-2.775557561562892e-17,0.39383848245364417,-2.775557561562892e-17
2,piqs_blocks,8.05,0.4137359368774379,-2.775557561562892e-17,0.4137359368774379,-2.775557561562892e-17
2,piqs_blocks,8.1,0.43306494852722377,-2.775557561562892e-17,0.43306494852722377,-2.775557561562892e-17
2,piqs_blocks,8.15,0.45172891260681836,-2.775557561562892e-17,0.45172891260681836,-2.775557561562892e-17
2,piqs_blocks,8.200000000000001,0.46963454817260053,-2.775557561562892e-17,0.46963454817260053,-2.775557561562892e-17
2,piqs_blocks,8.25,0.4866923643439325,-1.3877787807814466e-17,0.4866923643439325,-1.3877787807814466e-17
2,piqs_blocks,8.3,0.5028171075711534,-1.3877787807814466e-17,0.5028171075711534,-1.3877787807814466e-17
2,piqs_blocks,8.35,0.5179281877257421,-1.3877787807814466e-17,0.5179281877257421,-1.3877787807814466e-17
2,piqs_blocks,8.4,0.5319500808830979,-1.3877787807814466e-17,0.5319500808830979,-1.3877787807814466e-17
2,piqs_blocks,8.450000000000001,0.5448127067848424,-1.3877787807814466e-17,0.5448127067848424,-1.3877787807814466e-17
2,piqs_blocks,8.5,0.5564517790941376,-1.3877787807814466e-17,0.5564517790941376,-1.3877787807814466e-17
2,piqs_blocks,8.55,0.5668091266934646,-1.387778780781447e-17,0.5668091266934646,-1.387778780781447e-17
2,piqs_blocks,8.6,0.5758329844190374,-6.938893903907238e-18,0.5758329844190374,-6.938893903907238e-18
2,piqs_blocks,8.65,0.5834782517787994,-6.938893903907238e-18,0.5834782517787994,-6.938893903907238e-18
2,piqs_blocks,8.700000000000001,0.5897067183609374,-6.938893903907238e-18,0.5897067183609374,-6.938893903907238e-18
2,piqs_blocks,8.75,0.5944872548063501,-3.469446951953624e-18,0.5944872548063501,-3.469446951953624e-18
2,piqs_blocks,8.8,0.5977959683906021,-3.469446951953624e-18,0.5977959683906021,-3.469446951953624e-18
2,piqs_blocks,8.85,0.5996163224377765,-1.7347234759768175e-18,0.5996163224377765,-1.7347234759768175e-18
2,piqs_blocks,8.9,0.5999392189694094,4.336808689941913e-19,0.5999392189694094,4.336808689941913e-19
2,piqs_blocks,8.950000000000001,0.5987630441754318,3.4694469519536038e-18,0.5987630441754318,3.4694469519536038e-18
2,piqs_blocks,9.0,0.596093676479858,3.4694469519536038e-18,0.596093676479858,3.4694469519536038e-18
2,piqs_blocks,9.05,0.5919444571609099,6.9388939039072176e-18,0.5919444571609099,6.9388939039072176e-18
2,piqs_blocks,9.1,0.5863361236724155,6.9388939039072176e-18,0.5863361236724155,6.9388939039072176e-18
2,piqs_blocks,9.15,0.5792967059997368,1.3877787807814446e-17,0.5792967059997368,1.3877787807814446e-17
2,piqs_blocks,9.200000000000001,0.5708613865682274,1.3877787807814446e-17,0.5708613865682274,1.3877787807814446e-17
2,piqs_blocks,9.25,0.5610723244043917,1.3877787807814446e-17,0.5610723244043917,1.3877787807814446e-17
2,piqs_blocks,9.3,0.5499784444285676,1.3877787807814446e-17,0.5499784444285676,1.3877787807814446e-17
2,piqs_blocks,9.35,0.5376351929322368,2.7755575615628904e-17,0.5376351929322368,2.7755575615628904e-17
2,piqs_blocks,9.4,0.5241042604620578,1.3877787807814446e-17,0.5241042604620578,1.3877787807814446e-17
2,piqs_blocks,9.450000000000001,0.509453273495638,1.3877787807814446e-17,0.509453273495638,1.3877787807814446e-17
2,piqs_blocks,9.5,0.49375545645000585,2.7755575615628904e-17,0.49375545645000585,2.7755575615628904e-17
2,piqs_blocks,9.55,0.47708926571205457,1.3877787807814446e-17,0.47708926571205457,1.3877787807814446e-17
2,piqs_blocks,9.600000000000001,0.459537997520029,2.7755575615628904e-17,0.459537997520029,2.7755575615628904e-17
2,piqs_blocks,9.65,0.44118937165584204,2.7755575615628904e-17,0.44118937165584204,2.7755575615628904e-17
2,piqs_blocks,9.700000000000001,0.4221350930288795,2.7755575615628904e-17,0.4221350930288795,2.7755575615628904e-17
2,piqs_blocks,9.75,0.4024703933424799,2.7755575615628904e-17,0.4024703933424799,2.7755575615628904e-17
2,piqs_blocks,9.8,0.38229355513377616,2.7755575615628907e-17,0.38229355513377616,2.7755575615628907e-17
2,piqs_blocks,9.850000000000001,0.361705420565739,2.7755575615628907e-17,0.361705420565739,2.7755575615628907e-17
2,piqs_blocks,9.9,0.3408088874264091,2.7755575615628907e-17,0.3408088874264091,2.7755575615628907e-17
2,piqs_blocks,9.950000000000001,0.3197083948542941,2.7755575615628904e-17,0.3197083948542941,2.7755575615628904e-17
2,piqs_blocks,10.0,0.29850940136022097,2.7755575615628904e-17,0.29850940136022097,2.7755575615628904e-17
2,piqs_blocks,10.05,0.27731785775445045,2.7755575615628904e-17,0.27731785775445045,2.7755575615628904e-17
2,piqs_blocks,10.100000000000001,0.2562396776133192,2.7755575615628904e-17,0.2562396776133192,2.7755575615628904e-17
2,piqs_blocks,10.15,0.23538020793197728,2.7755575615628904e-17,0.23538020793197728,2.7755575615628904e-17
2,piqs_blocks,10.200000000000001,0.21484370260884306,2.7755575615628904e-17,0.21484370260884306,2.7755575615628904e-17
2,piqs_blocks,10.25,0.19473280139327825,2.7755575615628904e-17,0.19473280139327825,2.7755575615628904e-17
2,piqs_blocks,10.3,0.1751480169006302,-7.033106316083077e-33,0.1751480169006302,-7.033106316083077e-33
2,piqs_blocks,10.350000000000001,0.15618723225852882,2.7755575615628904e-17,0.15618723225852882,2.7755575615628904e-17
2,piqs_blocks,10.4,0.13794521189513298,2.7755575615628907e-17,0.13794521189513298,2.7755575615628907e-17
2,piqs_blocks,10.450000000000001,0.12051312791438269,1.387778780781445e-17,0.12051312791438269,1.387778780781445e-17
2,piqs_blocks,10.5,0.10397810442539414,2.7755575615628907e-17,0.10397810442539414,2.7755575615628907e-17
2,piqs_blocks,10.55,0.08842278210338579,2.7755575615628907e-17,0.08842278210338579,2.7755575615628907e-17
2,piqs_blocks,10.600000000000001,0.07392490515844764,1.387778780781445e-17,0.07392490515844764,1.387778780781445e-17
2,piqs_blocks,10.65,0.06055693277642833,1.387778780781445e-17,0.06055693277642833,1.387778780781445e-17
2,piqs_blocks,10.700000000000001,0.048385676973935435,1.387778780781445e-17,0.048385676973935435,1.387778780781445e-17
2,piqs_blocks,10.75,0.03747196867742526,1.387778780781445e-17,0.03747196867742526,1.387778780781445e-17
2,piqs_blocks,10.8,0.027870353695276642,1.3877787807814452e-17,0.027870353695276642,1.3877787807814452e-17
2,piqs_blocks,10.850000000000001,0.019628820102369285,6.938893903907224e-18,0.019628820102369285,6.938893903907224e-18
2,piqs_blocks,10.9,0.012788558399668151,6.9388939039072245e-18,0.012788558399668151,6.9388939039072245e-18
2,piqs_blocks,10.950000000000001,0.007383755647515602,6.9388939039072245e-18,0.007383755647515602,6.9388939039072245e-18
2,piqs_blocks,11.0,0.0034414246015437994,3.4694469519536103e-18,0.0034414246015437994,3.4694469519536103e-18
2,piqs_blocks,11.05,0.0009812687051612007,1.7347234759768032e-18,0.0009812687051612007,1.7347234759768032e-18
2,piqs_blocks,11.100000000000001,1.5583613379346883e-05,2.168404344970973e-19,1.5583613379346883e-05,2.168404344970973e-19
2,piqs_blocks,11.15,0.0005491957401484032,-1.7347234759768106e-18,0.0005491957401484032,-1.7347234759768106e-18
2,piqs_blocks,11.200000000000001,0.002579438136341275,-3.469446951953617e-18,0.002579438136341275,-3.469446951953617e-18
2,piqs_blocks,11.25,0.006096163818943581,-6.938893903907231e-18,0.006096163818943581,-6.938893903907231e-18
2,piqs_blocks,11.3,0.011081796484833387,-6.938893903907231e-18,0.011081796484833387,-6.938893903907231e-18
2,piqs_blocks,11.350000000000001,0.017511418355684885,-6.938893903907231e-18,0.017511418355684885,-6.938893903907231e-18
2,piqs_blocks,11.4,0.02535289471495701,-1.387778780781446e-17,0.02535289471495701,-1.387778780781446e-17
2,piqs_blocks,11.450000000000001,0.03456703451454009,-1.387778780781446e-17,0.03456703451454009,-1.387778780781446e-17
2,piqs_blocks,11.5,0.04510778624836172,-1.387778780781446e-17,0.04510778624836172,-1.387778780781446e-17
2,piqs_blocks,11.55,0.056922468113992555,-2.7755575615628914e-17,0.056922468113992555,-2.7755575615628914e-17
2,piqs_blocks,11.600000000000001,0.06995203131192372,-1.387778780781446e-17,0.06995203131192372,-1.387778780781446e-17
2,piqs_blocks,11.65,0.08413135516656313,-2.7755575615628914e-17,0.08413135516656313,-2.7755575615628914e-17
2,piqs_blocks,11.700000000000001,0.09938957259397548,-2.775557561562892e-17,0.09938957259397548,-2.775557561562892e-17
2,piqs_blocks,11.75,0.1156504242896761,-1.387778780781446e-17,0.1156504242896761,-1.387778780781446e-17
2,piqs_blocks,11.8,0.1328326398663185,-1.387778780781446e-17,0.1328326398663185,-1.387778780781446e-17
2,piqs_blocks,11.850000000000001,0.15085034403633396,-2.775557561562892e-17,0.15085034403633396,-2.775557561562892e-17
2,piqs_blocks,11.9,0.1696134858095012,-2.775557561562892e-17,0.1696134858095012,-2.775557561562892e-17
2,piqs_blocks,11.950000000000001,0.18902828856031884,-2.775557561562892e-17,0.18902828856031884,-2.775557561562892e-17
2,piqs_blocks,12.0,0.2089977187157967,-2.775557561562892e-17,0.2089977187157967,-2.775557561562892e-17
3,piqs_blocks,0.0,0.5999999999999999,0.0,0.5999999999999999,0.0
3,piqs_blocks,0.05,0.5993335678623725,1.734723475976807e-18,0.5993335678623725,1.734723475976807e-18
3,piqs_blocks,0.1,0.5973370839333744,3.469446951953614e-18,0.5973370839333744,3.469446951953614e-18
3,piqs_blocks,0.15000000000000002,0.5940189716934937,1.3877787807814457e-17,0.5940189716934937,1.3877787807814457e-17
3,piqs_blocks,0.2,0.5893932237886345,6.938893903907228e-18,0.5893932237886345,6.938893903907228e-18
3,piqs_blocks,0.25,0.58347933258526,6.938893903907228e-18,0.58347933258526,6.938893903907228e-18
3,piqs_blocks,0.30000000000000004,0.5763021935206288,-1.331372165505975e-36,0.5763021935206288,-1.331372165505975e-36
3,piqs_blocks,0.35000000000000003,0.5678919818165398,1.3877787807814457e-17,0.5678919818165398,1.3877787807814457e-17
3,piqs_blocks,0.4,0.5582840032808609,1.3877787807814457e-17,0.5582840032808609,1.3877787807814457e-17
3,piqs_blocks,0.45,0.5475185200721154,1.3877787807814457e-17,0.5475185200721154,1.3877787807814457e-17
3,piqs_blocks,0.5,0.5356405524475454,2.7755575615628914e-17,0.5356405524475454,2.7755575615628914e-17
3,piqs_blocks,0.55,0.5226996576534021,1.3877787807814457e-17,0.5226996576534021,1.3877787807814457e-17
3,piqs_blocks,0.6000000000000001,0.5087496872468082,2.7755575615628914e-17,0.5087496872468082,2.7755575615628914e-17
3,piqs_blocks,0.65,0.49384852426053816,1.3877787807814457e-17,0.49384852426053816,1.3877787807814457e-17
3,piqs_blocks,0.7000000000000001,0.47805780173468027,2.7755575615628914e-17,0.47805780173468027,2.7755575615628914e-17
3,piqs_blocks,0.75,0.4614426042416483,2.7755575615628914e-17,0.4614426042416483,2.7755575615628914e-17
3,piqs_blocks,0.8,0.44407115412273124,2.7755575615628914e-17,0.44407115412273124,2.7755575615628914e-17
3,piqs_blocks,0.8500000000000001,0.4260144842347582,2.7755575615628914e-17,0.4260144842347582,2.7755575615628914e-17
3,piqs_blocks,0.9,0.40734609907398145,2.7755575615628914e-17,0.40734609907398145,2.7755575615628914e-17
3,piqs_blocks,0.9500000000000001,0.38814162620055914,2.7755575615628914e-17,0.38814162620055914,2.7755575615628914e-17
3,piqs_blocks,1.0,0.3684784599307106,2.7755575615628914e-17,0.3684784599307106,2.7755575615628914e-17
3,piqs_blocks,1.05,0.3484353992944954,2.7755575615628914e-17,0.3484353992944954,2.7755575615628914e-17
3,piqs_blocks,1.1,0.3280922822750857,2.7755575615628914e-17,0.3280922822750857,2.7755575615628914e-17
3,piqs_blocks,1.1500000000000001,0.30752961835030923,2.7755575615628914e-17,0.30752961835030923,2.7755575615628914e-17
3,piqs_blocks,1.2000000000000002,0.2868282213491877,2.7755575615628914e-17,0.2868282213491877,2.7755575615628914e-17
3,piqs_blocks,1.25,0.26606884461529823,2.7755575615628914e-17,0.26606884461529823,2.7755575615628914e-17
3,piqs_blocks,1.3,0.24533182043528928,2.7755575615628914e-17,0.24533182043528928,2.7755575615628914e-17
3,piqs_blocks,1.35,0.2246967056450826,2.7755575615628914e-17,0.2246967056450826,2.7755575615628914e-17
3,piqs_blocks,1.4000000000000001,0.20424193526859294,2.7755575615628914e-17,0.20424193526859294,2.7755575615628914e-17
3,piqs_blocks,1.4500000000000002,0.1840444859746844,-6.197653451487259e-36,0.1840444859746844,-6.197653451487259e-36
3,piqs_blocks,1.5,0.16417955105810259,5.551115123125783e-17,0.16417955105810259,5.551115123125783e-17
3,piqs_blocks,1.55,0.1447202285599228,2.7755575615628914e-17,0.1447202285599228,2.7755575615628914e-17
3,piqs_blocks,1.6,0.12573722404333215,2.7755575615628914e-17,0.12573722404333215,2.7755575615628914e-17
3,piqs_blocks,1.6500000000000001,0.10729856943208008,2.7755575615628914e-17,0.10729856943208008,2.7755575615628914e-17
3,piqs_blocks,1.7000000000000002,0.0894693592025301,2.7755575615628914e-17,0.0894693592025301,2.7755575615628914e-17
3,piqs_blocks,1.75,0.07231150509677813,2.7755575615628914e-17,0.07231150509677813,2.7755575615628914e-17
3,piqs_blocks,1.8,0.055883510394711,2.7755575615628914e-17,0.055883510394711,2.7755575615628914e-17
3,piqs_blocks,1.85,0.040240264648116274,2.7755575615628914e-17,0.040240264648116274,2.7755575615628914e-17
3,piqs_blocks,1.9000000000000001,0.025432859640998617,-7.892673069824181e-36,0.025432859640998617,-7.892673069824181e-36
3,piqs_blocks,1.9500000000000002,0.011508427198148083,1.3877787807814457e-17,0.011508427198148083,1.3877787807814457e-17
3,piqs_blocks,2.0,-0.0014900006802572724,1.3877787807814457e-17,-0.0014900006802572724,1.3877787807814457e-17
3,piqs_blocks,2.0500000000000003,-0.01352360902559431,2.7755575615628914e-17,-0.01352360902559431,2.7755575615628914e-17
3,piqs_blocks,2.1,-0.024557894262293697,2.7755575615628914e-17,-0.024557894262293697,2.7755575615628914e-17
3,piqs_blocks,2.15,-0.03456273568138116,2.7755575615628914e-17,-0.03456273568138116,2.7755575615628914e-17
3,piqs_blocks,2.2,-0.04351244412604484,1.3877787807814457e-17,-0.04351244412604484,1.3877787807814457e-17
3,piqs_blocks,2.25,-0.05138578812875319,1.3877787807814457e-17,-0.05138578812875319,1.3877787807814457e-17
3,piqs_blocks,2.3000000000000003,-0.05816599787506549,1.3877787807814457e-17,-0.05816599787506549,1.3877787807814457e-17
3,piqs_blocks,2.35,-0.06384074750005372,1.3877787807814457e-17,-0.06384074750005372,1.3877787807814457e-17
3,piqs_blocks,2.4000000000000004,-0.06840211634830481,6.938893903907228e-18,-0.06840211634830481,6.938893903907228e-18
3,piqs_blocks,2.45,-0.07184652994698174,1.3877787807814457e-17,-0.07184652994698174,1.3877787807814457e-17
3,piqs_blocks,2.5,-0.07417468155260734,6.938893903907228e-18,-0.07417468155260734,6.938893903907228e-18
3,piqs_blocks,2.5500000000000003,-0.07539143523538802,6.938893903907228e-18,-0.07539143523538802,6.938893903907228e-18
3,piqs_blocks,2.6,-0.0755057115593866,3.469446951953614e-18,-0.0755057115593866,3.469446951953614e-18
3,piqs_blocks,2.6500000000000004,-0.07453035700209196,1.734723475976807e-18,-0.07453035700209196,1.734723475976807e-18
3,piqs_blocks,2.7,-0.0724819983324404,-1.04463984004396e-35,-0.0724819983324404,-1.04463984004396e-35
3,piqs_blocks,2.75,-0.06938088323169467,-1.058310367305842e-35,-0.06938088323169467,-1.058310367305842e-35
3,piqs_blocks,2.8000000000000003,-0.06525070849644149,-1.0716869262706107e-35,-0.06525070849644149,-1.0716869262706107e-35
3,piqs_blocks,2.85,-0.060118437207086275,-6.938893903907228e-18,-0.060118437207086275,-6.938893903907228e-18
3,piqs_blocks,2.9000000000000004,-0.05401410627842157,-1.3877787807814457e-17,-0.05401410627842157,-1.3877787807814457e-17
3,piqs_blocks,2.95,-0.0469706258310528,-6.938893903907228e-18,-0.0469706258310528,-6.938893903907228e-18
3,piqs_blocks,3.0,-0.039023571833676135,-1.1221804130147723e-35,-0.039023571833676135,-1.1221804130147723e-35
3,piqs_blocks,3.0500000000000003,-0.03021097346651133,-1.3877787807814457e-17,-0.03021097346651133,-1.3877787807814457e-17
3,piqs_blocks,3.1,-0.020573096645762845,-1.3877787807814457e-17,-0.020573096645762845,-1.3877787807814457e-17
3,piqs_blocks,3.1500000000000004,-0.010152225128072123,-1.3877787807814457e-17,-0.010152225128072123,-1.3877787807814457e-17
3,piqs_blocks,3.2,0.0010075594171360391,-1.3877787807814457e-17,0.0010075594171360391,-1.3877787807814457e-17
3,piqs_blocks,3.25,0.01286059702031727,-1.3877787807814457e-17,0.01286059702031727,-1.3877787807814457e-17
3,piqs_blocks,3.3000000000000003,0.025359867412448618,-1.3877787807814457e-17,0.025359867412448618,-1.3877787807814457e-17
3,piqs_blocks,3.35,0.03845720517540151,-1.3877787807814457e-17,0.03845720517540151,-1.3877787807814457e-17
3,piqs_blocks,3.4000000000000004,0.052103510870685966,-1.3877787807814457e-17,0.052103510870685966,-1.3877787807814457e-17
3,piqs_blocks,3.45,0.0662489570495257,-2.7755575615628914e-17,0.0662489570495257,-2.7755575615628914e-17
3,piqs_blocks,3.5,0.08084318812826653,-2.7755575615628914e-17,0.08084318812826653,-2.7755575615628914e-17
3,piqs_blocks,3.5500000000000003,0.09583551320009612,-2.7755575615628914e-17,0.09583551320009612,-2.7755575615628914e-17
3,piqs_blocks,3.6,0.11117509094617979,-2.7755575615628914e-17,0.11117509094617979,-2.7755575615628914e-17
3,piqs_blocks,3.6500000000000004,0.1268111059057443,-1.2508424277396196e-35,0.1268111059057443,-1.2508424277396196e-35
3,piqs_blocks,3.7,0.14269293546448536,-2.7755575615628914e-17,0.14269293546448536,-2.7755575615628914e-17
3,piqs_blocks,3.75,0.15877030702309486,-1.2655599198542022e-35,0.15877030702309486,-1.2655599198542022e-35
3,piqs_blocks,3.8000000000000003,0.1749934449117457,-2.7755575615628914e-17,0.1749934449117457,-2.7755575615628914e-17
3,piqs_blocks,3.85,0.19131320672118676,-2.7755575615628914e-17,0.19131320672118676,-2.7755575615628914e-17
3,piqs_blocks,3.9000000000000004,0.20768120882576105,-2.7755575615628914e-17,0.20768120882576105,-2.7755575615628914e-17
3,piqs_blocks,3.95,0.22404994097727088,-2.7755575615628914e-17,0.22404994097727088,-2.7755575615628914e-17
3,piqs_blocks,4.0,0.24037286995034726,-2.7755575615628914e-17,0.24037286995034726,-2.7755575615628914e-17
3,piqs_blocks,4.05,0.25660453231892566,-2.7755575615628914e-17,0.25660453231892566,-2.7755575615628914e-17
3,piqs_blocks,4.1000000000000005,0.27270061653883737,-2.7755575615628914e-17,0.27270061653883737,-2.7755575615628914e-17
3,piqs_blocks,4.15,0.28861803460256497,-1.3102294296305108e-35,0.28861803460256497,-1.3102294296305108e-35
3,piqs_blocks,4.2,0.30431498361818204,-2.7755575615628914e-17,0.30431498361818204,-2.7755575615628914e-17
3,piqs_blocks,4.25,0.31975099774469595,-2.7755575615628914e-17,0.31975099774469595,-2.7755575615628914e-17
3,piqs_blocks,4.3,0.3348869909898178,-2.7755575615628914e-17,0.3348869909898178,-2.7755575615628914e-17
3,piqs_blocks,4.3500000000000005,0.3496852914430312,-2.7755575615628914e-17,0.3496852914430312,-2.7755575615628914e-17
3,piqs_blocks,4.4,0.36410966757619445,-2.7755575615628914e-17,0.36410966757619445,-2.7755575615628914e-17
3,piqs_blocks,4.45,0.37812534729538594,-2.7755575615628914e-17,0.37812534729538594,-2.7755575615628914e-17
3,piqs_blocks,4.5,0.39169903047087884,-2.7755575615628914e-17,0.39169903047087884,-2.7755575615628914e-17
3,piqs_blocks,4.55,0.4047988957067655,-2.7755575615628914e-17,0.4047988957067655,-2.7755575615628914e-17
3,piqs_blocks,4.6000000000000005,0.41739460213759405,-2.7755575615628914e-17,0.41739460213759405,-2.7755575615628914e-17
3,piqs_blocks,4.65,0.4294572870562947,-2.7755575615628914e-17,0.4294572870562947,-2.7755575615628914e-17
3,piqs_blocks,4.7,0.44095956018563065,-2.7755575615628914e-17,0.44095956018563065,-2.7755575615628914e-17
3,piqs_blocks,4.75,0.45187549540438754,-2.7755575615628914e-17,0.45187549540438754,-2.7755575615628914e-17
3,piqs_blocks,4.800000000000001,0.46218062072964317,-2.7755575615628914e-17,0.46218062072964317,-2.7755575615628914e-17
3,piqs_blocks,4.8500000000000005,0.4718519073379036,-1.3877787807814457e-17,0.4718519073379036,-1.3877787807814457e-17
3,piqs_blocks,4.9,0.48086775838090223,-1.3877787807814457e-17,0.48086775838090223,-1.3877787807814457e-17
3,piqs_blocks,4.95,0.4892079983167471,-1.3294129322899783e-35,0.4892079983167471,-1.3294129322899783e-35
3,piqs_blocks,5.0,0.49685386343430515,-1.3877787807814457e-17,0.49685386343430515,-1.3877787807814457e-17
3,piqs_blocks,5.050000000000001,0.5037879941986285,-1.3251579185680433e-35,0.5037879941986285,-1.3251579185680433e-35
3,piqs_blocks,5.1000000000000005,0.5099944299884508,-6.938893903907228e-18,0.5099944299884508,-6.938893903907228e-18
3,piqs_blocks,5.15,0.5154586067338358,-1.3877787807814457e-17,0.5154586067338358,-1.3877787807814457e-17
3,piqs_blocks,5.2,0.5201673578936257,-1.3877787807814457e-17,0.5201673578936257,-1.3877787807814457e-17
3,piqs_blocks,5.25,0.5241089191390701,-6.938893903907228e-18,0.5241089191390701,-6.938893903907228e-18
3,piqs_blocks,5.300000000000001,0.5272729370326646,-6.938893903907228e-18,0.5272729370326646,-6.938893903907228e-18
3,piqs_blocks,5.3500000000000005,0.5296504819105342,-3.469446951953614e-18,0.5296504819105342,-3.469446951953614e-18
3,piqs_blocks,5.4,0.5312340650934798,-1.734723475976807e-18,0.5312340650934798,-1.734723475976807e-18
3,piqs_blocks,5.45,0.5320176604668477,2.1684043449710086e-19,0.5320176604668477,2.1684043449710086e-19
3,piqs_blocks,5.5,0.5319967303835482,1.734723475976807e-18,0.5319967303835482,1.734723475976807e-18
3,piqs_blocks,5.550000000000001,0.5311682557586539,3.469446951953614e-18,0.5311682557586539,3.469446951953614e-18
3,piqs_blocks,5.6000000000000005,0.5295307701389064,3.469446951953614e-18,0.5295307701389064,3.469446951953614e-18
3,piqs_blocks,5.65,0.5270843974469848,6.938893903907228e-18,0.5270843974469848,6.938893903907228e-18
3,piqs_blocks,5.7,0.5238308930193647,6.938893903907228e-18,0.5238308930193647,6.938893903907228e-18
3,piqs_blocks,5.75,0.5197736874788269,6.938893903907228e-18,0.5197736874788269,6.938893903907228e-18
3,piqs_blocks,5.800000000000001,0.514917932908936,1.3877787807814457e-17,0.514917932908936,1.3877787807814457e-17
3,piqs_blocks,5.8500000000000005,0.5092705507288592,1.3877787807814457e-17,0.5092705507288592,1.3877787807814457e-17
3,piqs_blocks,5.9,0.5028402806034151,1.3877787807814457e-17,0.5028402806034151,1.3877787807814457e-17
3,piqs_blocks,5.95,0.495637729665925,1.3877787807814457e-17,0.495637729665925,1.3877787807814457e-17
3,piqs_blocks,6.0,0.4876754212808623,-1.2126333295038861e-35,0.4876754212808623,-1.2126333295038861e-35
3,piqs_blocks,6.050000000000001,0.47896784253004077,1.3877787807814457e-17,0.47896784253004077,1.3877787807814457e-17
3,piqs_blocks,6.1000000000000005,0.4695314895706212,1.3877787807814457e-17,0.4695314895706212,1.3877787807814457e-17
3,piqs_blocks,6.15,0.45938490998598314,1.3877787807814457e-17,0.45938490998598314,1.3877787807814457e-17
3,piqs_blocks,6.2,0.4485487412318716,2.7755575615628914e-17,0.4485487412318716,2.7755575615628914e-17
3,piqs_blocks,6.25,0.4370457442704454,-1.1622311748972787e-35,0.4370457442704454,-1.1622311748972787e-35
3,piqs_blocks,6.300000000000001,0.4249008314841686,2.7755575615628914e-17,0.4249008314841686,2.7755575615628914e-17
3,piqs_blocks,6.3500000000000005,0.41214108797000715,2.7755575615628914e-17,0.41214108797000715,2.7755575615628914e-17
3,piqs_blocks,6.4,0.3987957853321694,2.7755575615628914e-17,0.3987957853321694,2.7755575615628914e-17
3,piqs_blocks,6.45,0.3848963871186726,-1.116082963840073e-35,0.3848963871186726,-1.116082963840073e-35
3,piqs_blocks,6.5,0.3704765450831622,2.7755575615628914e-17,0.3704765450831622,2.7755575615628914e-17
3,piqs_blocks,6.550000000000001,0.35557208549853914,-1.091135722784462e-35,0.35557208549853914,-1.091135722784462e-35
3,piqs_blocks,6.6000000000000005,0.3402209848027291,2.7755575615628914e-17,0.3402209848027291,2.7755575615628914e-17
3,piqs_blocks,6.65,0.32446333391908966,2.7755575615628914e-17,0.32446333391908966,2.7755575615628914e-17
3,piqs_blocks,6.7,0.30834129066401483,2.7755575615628914e-17,0.30834129066401483,2.7755575615628914e-17
3,piqs_blocks,6.75,0.2918990197318268,2.7755575615628914e-17,0.2918990197318268,2.7755575615628914e-17
3,piqs_blocks,6.800000000000001,0.2751826198314618,2.7755575615628914e-17,0.2751826198314618,2.7755575615628914e-17
3,piqs_blocks,6.8500000000000005,0.25824003764015957,2.7755575615628914e-17,0.25824003764015957,2.7755575615628914e-17
3,piqs_blocks,6.9,0.2411209683356606,2.7755575615628914e-17,0.2411209683356606,2.7755575615628914e-17
3,piqs_blocks,6.95,0.22387674256961387,2.7755575615628914e-17,0.22387674256961387,2.7755575615628914e-17
3,piqs_blocks,7.0,0.20656019985016266,2.7755575615628914e-17,0.20656019985016266,2.7755575615628914e-17
3,piqs_blocks,7.050000000000001,0.18922554841025566,2.7755575615628914e-17,0.18922554841025566,2.7755575615628914e-17
3,piqs_blocks,7.1000000000000005,0.1719282117492188,2.7755575615628914e-17,0.1719282117492188,2.7755575615628914e-17
3,piqs_blocks,7.15,0.154724662147664,-9.170573102863254e-36,0.154724662147664,-9.170573102863254e-36
3,piqs_blocks,7.2,0.13767224156900978,2.7755575615628914e-17,0.13767224156900978,2.7755575615628914e-17
3,piqs_blocks,7.25,0.12082897047377873,2.7755575615628914e-17,0.12082897047377873,2.7755575615628914e-17
3,piqs_blocks,7.300000000000001,0.10425334518455304,2.7755575615628914e-17,0.10425334518455304,2.7755575615628914e-17
3,piqs_blocks,7.3500000000000005,0.08800412454903958,2.7755575615628914e-17,0.08800412454903958,2.7755575615628914e-17
3,piqs_blocks,7.4,0.07214010675520736,2.7755575615628914e-17,0.07214010675520736,2.7755575615628914e-17
3,piqs_blocks,7.45,0.05671989725504016,2.7755575615628914e-17,0.05671989725504016,2.7755575615628914e-17
3,piqs_blocks,7.5,0.041801668851150435,1.3877787807814457e-17,0.041801668851150435,1.3877787807814457e-17
3,piqs_blocks,7.550000000000001,0.027442915092536248,1.3877787807814457e-17,0.027442915092536248,1.3877787807814457e-17
3,piqs_blocks,7.6000000000000005,0.01370019821127108,1.3877787807814457e-17,0.01370019821127108,1.3877787807814457e-17
3,piqs_blocks,7.65,0.0006288929101259111,1.3877787807814457e-17,0.0006288929101259111,1.3877787807814457e-17
3,piqs_blocks,7.7,-0.011717072618662783,1.3877787807814457e-17,-0.011717072618662783,1.3877787807814457e-17
3,piqs_blocks,7.75,-0.023285477001773316,1.3877787807814457e-17,-0.023285477001773316,1.3877787807814457e-17
3,piqs_blocks,7.800000000000001,-0.03402606582640705,2.7755575615628914e-17,-0.03402606582640705,2.7755575615628914e-17
3,piqs_blocks,7.8500000000000005,-0.04389081007884704,-6.68329098494176e-36,-0.04389081007884704,-6.68329098494176e-36
3,piqs_blocks,7.9,-0.05283416131165958,-6.490031670332855e-36,-0.05283416131165958,-6.490031670332855e-36
3,piqs_blocks,7.95,-0.060813301949908805,6.938893903907228e-18,-0.060813301949908805,6.938893903907228e-18
3,piqs_blocks,8.0,-0.06778838913649468,6.938893903907228e-18,-0.06778838913649468,6.938893903907228e-18
3,piqs_blocks,8.05,-0.07372279051773115,6.938893903907228e-18,-0.07372279051773115,6.938893903907228e-18
3,piqs_blocks,8.1,-0.07858331038273939,-5.6995112032828266e-36,-0.07858331038273939,-5.6995112032828266e-36
3,piqs_blocks,8.15,-0.08234040459419598,-5.4977847719115265e-36,-0.08234040459419598,-5.4977847719115265e-36
3,piqs_blocks,8.200000000000001,-0.08496838278342678,-1.734723475976807e-18,-0.08496838278342678,-1.734723475976807e-18
3,piqs_blocks,8.25,-0.08644559632969559,-5.089806985925852e-36,-0.08644559632969559,-5.089806985925852e-36
3,piqs_blocks,8.3,-0.08675461070157922,-3.469446951953614e-18,-0.08675461070157922,-3.469446951953614e-18
3,piqs_blocks,8.35,-0.08588236080729134,-6.938893903907228e-18,-0.08588236080729134,-6.938893903907228e-18
3,piqs_blocks,8.4,-0.08382028808035838,-6.938893903907228e-18,-0.08382028808035838,-6.938893903907228e-18
3,piqs_blocks,8.450000000000001,-0.08056445811670176,-6.938893903907228e-18,-0.08056445811670176,-6.938893903907228e-18
3,piqs_blocks,8.5,-0.07611565777843035,-1.3877787807814457e-17,-0.07611565777843035,-1.3877787807814457e-17
3,piqs_blocks,8.55,-0.07047947078790368,-1.3877787807814457e-17,-0.07047947078790368,-1.3877787807814457e-17
3,piqs_blocks,8.6,-0.06366633095219879,-1.3877787807814457e-17,-0.06366633095219879,-1.3877787807814457e-17
3,piqs_blocks,8.65,-0.055691552282287365,-1.3877787807814457e-17,-0.055691552282287365,-1.3877787807814457e-17
3,piqs_blocks,8.700000000000001,-0.046575335402190415,-1.3877787807814457e-17,-0.046575335402190415,-1.3877787807814457e-17
3,piqs_blocks,8.75,-0.036342749780270064,-1.3877787807814457e-17,-0.036342749780270064,-1.3877787807814457e-17
3,piqs_blocks,8.8,-0.02502369145675186,-1.3877787807814457e-17,-0.02502369145675186,-1.3877787807814457e-17
3,piqs_blocks,8.85,-0.01265281608756913,-1.3877787807814457e-17,-0.01265281608756913,-1.3877787807814457e-17
3,piqs_blocks,8.9,0.000730552726277589,-2.7755575615628914e-17,0.000730552726277589,-2.7755575615628914e-17
3,piqs_blocks,8.950000000000001,0.015082539703478011,-2.7755575615628914e-17,0.015082539703478011,-2.7755575615628914e-17
3,piqs_blocks,9.0,0.030354858468705267,-2.7755575615628914e-17,0.030354858468705267,-2.7755575615628914e-17
3,piqs_blocks,9.05,0.04649497603567333,-2.7755575615628914e-17,0.04649497603567333,-2.7755575615628914e-17
3,piqs_blocks,9.1,0.06344630061105315,-2.7755575615628914e-17,0.06344630061105315,-2.7755575615628914e-17
3,piqs_blocks,9.15,0.0811483919943692,-2.7755575615628914e-17,0.0811483919943692,-2.7755575615628914e-17
3,piqs_blocks,9.200000000000001,0.09953719370318985,-2.7755575615628914e-17,0.09953719370318985,-2.7755575615628914e-17
3,piqs_blocks,9.25,0.11854528581134208,-7.765031956120283e-37,0.11854528581134208,-7.765031956120283e-37
3,piqs_blocks,9.3,0.13810215735154394,-2.7755575615628914e-17,0.13810215735154394,-2.7755575615628914e-17
3,piqs_blocks,9.35,0.15813449700366727,-2.7755575615628914e-17,0.15813449700366727,-2.7755575615628914e-17
3,piqs_blocks,9.4,0.17856650066689617,-2.7755575615628914e-17,0.17856650066689617,-2.7755575615628914e-17
3,piqs_blocks,9.450000000000001,0.1993201943990193,-2.7755575615628914e-17,0.1993201943990193,-2.7755575615628914e-17
3,piqs_blocks,9.5,0.22031577110006825,-2.7755575615628914e-17,0.22031577110006825,-2.7755575615628914e-17
3,piqs_blocks,9.55,0.241471939221046,-2.7755575615628914e-17,0.241471939221046,-2.7755575615628914e-17
3,piqs_blocks,9.600000000000001,0.26270628169243093,-2.7755575615628914e-17,0.26270628169243093,-2.7755575615628914e-17
3,piqs_blocks,9.65,0.2839356231921336,-2.7755575615628914e-17,0.2839356231921336,-2.7755575615628914e-17
3,piqs_blocks,9.700000000000001,0.30507640380909085,-2.7755575615628914e-17,0.30507640380909085,-2.7755575615628914e-17
3,piqs_blocks,9.75,0.3260450571073006,-2.7755575615628914e-17,0.3260450571073006,-2.7755575615628914e-17
3,piqs_blocks,9.8,0.3467583905562317,-2.7755575615628914e-17,0.3467583905562317,-2.7755575615628914e-17
3,piqs_blocks,9.850000000000001,0.36713396626737116,-2.7755575615628914e-17,0.36713396626737116,-2.7755575615628914e-17
3,piqs_blocks,9.9,0.3870904799636533,-2.7755575615628914e-17,0.3870904799636533,-2.7755575615628914e-17
3,piqs_blocks,9.950000000000001,0.4065481361085401,-2.7755575615628914e-17,0.4065481361085401,-2.7755575615628914e-17
3,piqs_blocks,10.0,0.42542901713482983,-2.7755575615628914e-17,0.42542901713482983,-2.7755575615628914e-17
3,piqs_blocks,10.05,0.4436574447397278,-2.7755575615628914e-17,0.4436574447397278,-2.7755575615628914e-17
3,piqs_blocks,10.100000000000001,0.4611603312521346,-2.7755575615628914e-17,0.4611603312521346,-2.7755575615628914e-17
3,piqs_blocks,10.15,0.4778675191304088,-2.7755575615628914e-17,0.4778675191304088,-2.7755575615628914e-17
3,piqs_blocks,10.200000000000001,0.4937121067135227,-2.7755575615628914e-17,0.4937121067135227,-2.7755575615628914e-17
3,piqs_blocks,10.25,0.5086307584253231,-2.7755575615628914e-17,0.5086307584253231,-2.7755575615628914e-17
3,piqs_blocks,10.3,0.5225639977199142,-2.7755575615628914e-17,0.5225639977199142,-2.7755575615628914e-17
3,piqs_blocks,10.350000000000001,0.5354564811554726,-1.3877787807814457e-17,0.5354564811554726,-1.3877787807814457e-17
3,piqs_blocks,10.4,0.5472572520934275,-1.3877787807814457e-17,0.5472572520934275,-1.3877787807814457e-17
3,piqs_blocks,10.450000000000001,0.557919972639135,-1.3877787807814457e-17,0.557919972639135,-1.3877787807814457e-17
3,piqs_blocks,10.5,0.5674031325681925,-1.3877787807814457e-17,0.5674031325681925,-1.3877787807814457e-17
3,piqs_blocks,10.55,0.575670234118474,4.8855058406822735e-36,0.575670234118474,4.8855058406822735e-36
3,piqs_blocks,10.600000000000001,0.5826899516709388,-1.3877787807814457e-17,0.5826899516709388,-1.3877787807814457e-17
3,piqs_blocks,10.65,0.5884362654913003,-1.3877787807814457e-17,0.5884362654913003,-1.3877787807814457e-17
3,piqs_blocks,10.700000000000001,0.5928885688587252,-6.938893903907228e-18,0.5928885688587252,-6.938893903907228e-18
3,piqs_blocks,10.75,0.5960317480658442,-3.469446951953614e-18,0.5960317480658442,-3.469446951953614e-18
3,piqs_blocks,10.8,0.5978562349354212,-3.469446951953614e-18,0.5978562349354212,-3.469446951953614e-18
3,piqs_blocks,10.850000000000001,0.5983580316619427,-8.673617379884035e-19,0.5983580316619427,-8.673617379884035e-19
3,piqs_blocks,10.9,0.5975387079500988,1.734723475976807e-18,0.5975387079500988,1.734723475976807e-18
3,piqs_blocks,10.950000000000001,0.5954053705854804,6.491756130643508e-36,0.5954053705854804,6.491756130643508e-36
3,piqs_blocks,11.0,0.5919706057347575,6.938893903907228e-18,0.5919706057347575,6.938893903907228e-18
3,piqs_blocks,11.05,0.5872523944320216,6.938893903907228e-18,0.5872523944320216,6.938893903907228e-18
3,piqs_blocks,11.100000000000001,0.5812740018638295,6.938893903907228e-18,0.5812740018638295,6.938893903907228e-18
3,piqs_blocks,11.15,0.5740638412167011,6.938893903907228e-18,0.5740638412167011,6.938893903907228e-18
3,piqs_blocks,11.200000000000001,0.5656553129964575,1.3877787807814457e-17,0.5656553129964575,1.3877787807814457e-17
3,piqs_blocks,11.25,0.5560866208678261,1.3877787807814457e-17,0.5560866208678261,1.3877787807814457e-17
3,piqs_blocks,11.3,0.5454005651942966,1.3877787807814457e-17,0.5454005651942966,1.3877787807814457e-17
3,piqs_blocks,11.350000000000001,0.533644315581458,2.7755575615628914e-17,0.533644315581458,2.7755575615628914e-17
3,piqs_blocks,11.4,0.5208691638411362,2.7755575615628914e-17,0.5208691638411362,2.7755575615628914e-17
3,piqs_blocks,11.450000000000001,0.507130258897919,2.7755575615628914e-17,0.507130258897919,2.7755575615628914e-17
3,piqs_blocks,11.5,0.4924863252534213,1.3877787807814457e-17,0.4924863252534213,1.3877787807814457e-17
3,piqs_blocks,11.55,0.47699936670630594,2.7755575615628914e-17,0.47699936670630594,2.7755575615628914e-17
3,piqs_blocks,11.600000000000001,0.4607343570972352,2.7755575615628914e-17,0.4607343570972352,2.7755575615628914e-17
3,piqs_blocks,11.65,0.44375891990703786,2.7755575615628914e-17,0.44375891990703786,2.7755575615628914e-17
3,piqs_blocks,11.700000000000001,0.4261429985832609,2.7755575615628914e-17,0.4261429985832609,2.7755575615628914e-17
3,piqs_blocks,11.75,0.40795851950460893,2.7755575615628914e-17,0.40795851950460893,2.7755575615628914e-17
3,piqs_blocks,11.8,0.38927904951440495,2.7755575615628914e-17,0.38927904951440495,2.7755575615628914e-17
3,piqs_blocks,11.850000000000001,0.3701794499632123,2.7755575615628914e-17,0.3701794499632123,2.7755575615628914e-17
3,piqs_blocks,11.9,0.35073552919697193,2.7755575615628914e-17,0.35073552919697193,2.7755575615628914e-17
3,piqs_blocks,11.950000000000001,0.33102369541079246,2.7755575615628914e-17,0.33102369541079246,2.7755575615628914e-17
3,piqs_blocks,12.0,0.31112061175991257,2.7755575615628914e-17,0.31112061175991257,2.7755575615628914e-17
3,thesis,0.0,0.5999999999999996,0.0,0.5999999999999999,0.0
3,thesis,0.05,0.5993335678623722,3.469446951953614e-18,0.5993335678623725,1.734723475976807e-18
3,thesis,0.1,0.5973370839333741,6.938893903907228e-18,0.5973370839333744,3.469446951953614e-18
3,thesis,0.15000000000000002,0.5940189716934935,1.3877787807814457e-17,0.5940189716934937,1.3877787807814457e-17
3,thesis,0.2,0.5893932237886342,2.0816681711721685e-17,0.5893932237886345,6.938893903907228e-18
3,thesis,0.25,0.5834793325852597,2.0816681711721685e-17,0.58347933258526,6.938893903907228e-18
3,thesis,0.30000000000000004,0.5763021935206287,2.7755575615628914e-17,0.5763021935206288,-1.331372165505975e-36
3,thesis,0.35000000000000003,0.5678919818165395,2.7755575615628914e-17,0.5678919818165398,1.3877787807814457e-17
3,thesis,0.4,0.5582840032808607,4.163336342344337e-17,0.5582840032808609,1.3877787807814457e-17
3,thesis,0.45,0.5475185200721152,2.7755575615628914e-17,0.5475185200721154,1.3877787807814457e-17
3,thesis,0.5,0.5356405524475453,2.7755575615628914e-17,0.5356405524475454,2.7755575615628914e-17
3,thesis,0.55,0.522699657653402,5.551115123125783e-17,0.5226996576534021,1.3877787807814457e-17
3,thesis,0.6000000000000001,0.5087496872468081,5.551115123125783e-17,0.5087496872468082,2.7755575615628914e-17
3,thesis,0.65,0.49384852426053805,5.551115123125783e-17,0.49384852426053816,1.3877787807814457e-17
3,thesis,0.7000000000000001,0.4780578017346802,5.551115123125783e-17,0.47805780173468027,2.7755575615628914e-17
3,thesis,0.75,0.46144260424164824,5.551115123125783e-17,0.4614426042416483,2.7755575615628914e-17
3,thesis,0.8,0.4440711541227311,5.551115123125783e-17,0.44407115412273124,2.7755575615628914e-17
3,thesis,0.8500000000000001,0.4260144842347582,2.7755575615628914e-17,0.4260144842347582,2.7755575615628914e-17
3,thesis,0.9,0.40734609907398145,8.326672684688674e-17,0.40734609907398145,2.7755575615628914e-17
3,thesis,0.9500000000000001,0.38814162620055914,8.326672684688674e-17,0.38814162620055914,2.7755575615628914e-17
3,thesis,1.0,0.3684784599307106,8.326672684688674e-17,0.3684784599307106,2.7755575615628914e-17
3,thesis,1.05,0.3484353992944954,5.551115123125783e-17,0.3484353992944954,2.7755575615628914e-17
3,thesis,1.1,0.3280922822750857,8.326672684688674e-17,0.3280922822750857,2.7755575615628914e-17
3,thesis,1.1500000000000001,0.30752961835030923,5.551115123125783e-17,0.30752961835030923,2.7755575615628914e-17
3,thesis,1.2000000000000002,0.28682822134918773,8.326672684688674e-17,0.2868282213491877,2.7755575615628914e-17
3,thesis,1.25,0.26606884461529834,8.326672684688674e-17,0.26606884461529823,2.7755575615628914e-17
3,thesis,1.3,0.2453318204352894,8.326672684688674e-17,0.24533182043528928,2.7755575615628914e-17
3,thesis,1.35,0.22469670564508265,8.326672684688674e-17,0.2246967056450826,2.7755575615628914e-17
3,thesis,1.4000000000000001,0.20424193526859308,8.326672684688674e-17,0.20424193526859294,2.7755575615628914e-17
3,thesis,1.4500000000000002,0.18404448597468448,8.326672684688674e-17,0.1840444859746844,-6.197653451487259e-36
3,thesis,1.5,0.16417955105810267,8.326672684688674e-17,0.16417955105810259,5.551115123125783e-17
3,thesis,1.55,0.14472022855992295,8.326672684688674e-17,0.1447202285599228,2.7755575615628914e-17
3,thesis,1.6,0.12573722404333226,8.326672684688674e-17,0.12573722404333215,2.7755575615628914e-17
3,thesis,1.6500000000000001,0.10729856943208022,8.326672684688674e-17,0.10729856943208008,2.7755575615628914e-17
3,thesis,1.7000000000000002,0.0894693592025303,8.326672684688674e-17,0.0894693592025301,2.7755575615628914e-17
3,thesis,1.75,0.07231150509677818,5.551115123125783e-17,0.07231150509677813,2.7755575615628914e-17
3,thesis,1.8,0.05588351039471105,8.326672684688674e-17,0.055883510394711,2.7755575615628914e-17
3,thesis,1.85,0.040240264648116475,5.551115123125783e-17,0.040240264648116274,2.7755575615628914e-17
3,thesis,1.9000000000000001,0.02543285964099882,5.551115123125783e-17,0.025432859640998617,-7.892673069824181e-36
3,thesis,1.9500000000000002,0.01150842719814825,6.938893903907228e-17,0.011508427198148083,1.3877787807814457e-17
3,thesis,2.0,-0.001490000680257092,5.551115123125783e-17,-0.0014900006802572724,1.3877787807814457e-17
3,thesis,2.0500000000000003,-0.013523609025594144,5.551115123125783e-17,-0.01352360902559431,2.7755575615628914e-17
3,thesis,2.1,-0.02455789426229356,5.551115123125783e-17,-0.024557894262293697,2.7755575615628914e-17
3,thesis,2.15,-0.03456273568138099,4.163336342344337e-17,-0.03456273568138116,2.7755575615628914e-17
3,thesis,2.2,-0.04351244412604474,4.163336342344337e-17,-0.04351244412604484,1.3877787807814457e-17
3,thesis,2.25,-0.051385788128752954,4.163336342344337e-17,-0.05138578812875319,1.3877787807814457e-17
3,thesis,2.3000000000000003,-0.058165997875065406,4.163336342344337e-17,-0.05816599787506549,1.3877787807814457e-17
3,thesis,2.35,-0.06384074750005363,3.469446951953614e-17,-0.06384074750005372,1.3877787807814457e-17
3,thesis,2.4000000000000004,-0.06840211634830463,2.7755575615628914e-17,-0.06840211634830481,6.938893903907228e-18
3,thesis,2.45,-0.07184652994698167,2.7755575615628914e-17,-0.07184652994698174,1.3877787807814457e-17
3,thesis,2.5,-0.07417468155260727,2.42861286636753e-17,-0.07417468155260734,6.938893903907228e-18
3,thesis,2.5500000000000003,-0.07539143523538798,1.734723475976807e-17,-0.07539143523538802,6.938893903907228e-18
3,thesis,2.6,-0.07550571155938658,1.734723475976807e-17,-0.0755057115593866,3.469446951953614e-18
3,thesis,2.6500000000000004,-0.07453035700209194,1.0408340855860843e-17,-0.07453035700209196,1.734723475976807e-18
3,thesis,2.7,-0.07248199833244044,5.204170427930421e-18,-0.0724819983324404,-1.04463984004396e-35
3,thesis,2.75,-0.06938088323169474,1.4579322527838737e-35,-0.06938088323169467,-1.058310367305842e-35
3,thesis,2.8000000000000003,-0.06525070849644156,-6.938893903907228e-18,-0.06525070849644149,-1.0716869262706107e-35
3,thesis,2.85,-0.060118437207086386,-6.938893903907228e-18,-0.060118437207086275,-6.938893903907228e-18
3,thesis,2.9000000000000004,-0.054014106278421736,-1.3877787807814457e-17,-0.05401410627842157,-1.3877787807814457e-17
3,thesis,2.95,-0.04697062583105299,-1.3877787807814457e-17,-0.0469706258310528,-6.938893903907228e-18
3,thesis,3.0,-0.03902357183367634,-1.3877787807814457e-17,-0.039023571833676135,-1.1221804130147723e-35
3,thesis,3.0500000000000003,-0.030210973466511526,-2.7755575615628914e-17,-0.03021097346651133,-1.3877787807814457e-17
3,thesis,3.1,-0.020573096645763053,-2.7755575615628914e-17,-0.020573096645762845,-1.3877787807814457e-17
3,thesis,3.1500000000000004,-0.010152225128072415,-4.163336342344337e-17,-0.010152225128072123,-1.3877787807814457e-17
3,thesis,3.2,0.0010075594171357338,-5.551115123125783e-17,0.0010075594171360391,-1.3877787807814457e-17
3,thesis,3.25,0.012860597020316875,-4.163336342344337e-17,0.01286059702031727,-1.3877787807814457e-17
3,thesis,3.3000000000000003,0.02535986741244825,-4.163336342344337e-17,0.025359867412448618,-1.3877787807814457e-17
3,thesis,3.35,0.038457205175401146,-5.551115123125783e-17,0.03845720517540151,-1.3877787807814457e-17
3,thesis,3.4000000000000004,0.052103510870685495,-4.163336342344337e-17,0.052103510870685966,-1.3877787807814457e-17
3,thesis,3.45,0.0662489570495252,-5.551115123125783e-17,0.0662489570495257,-2.7755575615628914e-17
3,thesis,3.5,0.08084318812826623,-5.551115123125783e-17,0.08084318812826653,-2.7755575615628914e-17
3,thesis,3.5500000000000003,0.09583551320009556,-8.326672684688674e-17,0.09583551320009612,-2.7755575615628914e-17
3,thesis,3.6,0.11117509094617947,-5.551115123125783e-17,0.11117509094617979,-2.7755575615628914e-17
3,thesis,3.6500000000000004,0.1268111059057437,-5.551115123125783e-17,0.1268111059057443,-1.2508424277396196e-35
3,thesis,3.7,0.14269293546448475,-5.551115123125783e-17,0.14269293546448536,-2.7755575615628914e-17
3,thesis,3.75,0.15877030702309425,-8.326672684688674e-17,0.15877030702309486,-1.2655599198542022e-35
3,thesis,3.8000000000000003,0.17499344491174504,-8.326672684688674e-17,0.1749934449117457,-2.7755575615628914e-17
3,thesis,3.85,0.19131320672118612,-8.326672684688674e-17,0.19131320672118676,-2.7755575615628914e-17
3,thesis,3.9000000000000004,0.2076812088257604,-8.326672684688674e-17,0.20768120882576105,-2.7755575615628914e-17
3,thesis,3.95,0.2240499409772702,-8.326672684688674e-17,0.22404994097727088,-2.7755575615628914e-17
3,thesis,4.0,0.24037286995034657,-8.326672684688674e-17,0.24037286995034726,-2.7755575615628914e-17
3,thesis,4.05,0.256604532318925,-8.326672684688674e-17,0.25660453231892566,-2.7755575615628914e-17
3,thesis,4.1000000000000005,0.27270061653883665,-8.326672684688674e-17,0.27270061653883737,-2.7755575615628914e-17
3,thesis,4.15,0.288618034602564,-8.326672684688674e-17,0.28861803460256497,-1.3102294296305108e-35
3,thesis,4.2,0.3043149836181814,-8.326672684688674e-17,0.30431498361818204,-2.7755575615628914e-17
3,thesis,4.25,0.31975099774469523,-8.326672684688674e-17,0.31975099774469595,-2.7755575615628914e-17
3,thesis,4.3,0.33488699098981717,-5.551115123125783e-17,0.3348869909898178,-2.7755575615628914e-17
3,thesis,4.3500000000000005,0.3496852914430305,-8.326672684688674e-17,0.3496852914430312,-2.7755575615628914e-17
3,thesis,4.4,0.3641096675761938,-8.326672684688674e-17,0.36410966757619445,-2.7755575615628914e-17
3,thesis,4.45,0.3781253472953853,-5.551115123125783e-17,0.37812534729538594,-2.7755575615628914e-17
3,thesis,4.5,0.39169903047087795,-9.71445146547012e-17,0.39169903047087884,-2.7755575615628914e-17
3,thesis,4.55,0.40479889570676464,-5.551115123125783e-17,0.4047988957067655,-2.7755575615628914e-17
3,thesis,4.6000000000000005,0.4173946021375935,-8.326672684688674e-17,0.41739460213759405,-2.7755575615628914e-17
3,thesis,4.65,0.42945728705629405,-8.326672684688674e-17,0.4294572870562947,-2.7755575615628914e-17
3,thesis,4.7,0.44095956018563015,-5.551115123125783e-17,0.44095956018563065,-2.7755575615628914e-17
3,thesis,4.75,0.451875495404387,-5.551115123125783e-17,0.45187549540438754,-2.7755575615628914e-17
3,thesis,4.800000000000001,0.4621806207296424,-5.551115123125783e-17,0.46218062072964317,-2.7755575615628914e-17
3,thesis,4.8500000000000005,0.471851907337903,-5.551115123125783e-17,0.4718519073379036,-1.3877787807814457e-17
3,thesis,4.9,0.4808677583809015,-5.551115123125783e-17,0.48086775838090223,-1.3877787807814457e-17
3,thesis,4.95,0.4892079983167466,-4.163336342344337e-17,0.4892079983167471,-1.3294129322899783e-35
3,thesis,5.0,0.4968538634343046,-5.551115123125783e-17,0.49685386343430515,-1.3877787807814457e-17
3,thesis,5.050000000000001,0.5037879941986281,-4.85722573273506e-17,0.5037879941986285,-1.3251579185680433e-35
3,thesis,5.1000000000000005,0.5099944299884503,-3.469446951953614e-17,0.5099944299884508,-6.938893903907228e-18
3,thesis,5.15,0.5154586067338353,-2.7755575615628914e-17,0.5154586067338358,-1.3877787807814457e-17
3,thesis,5.2,0.5201673578936252,-2.0816681711721685e-17,0.5201673578936257,-1.3877787807814457e-17
3,thesis,5.25,0.5241089191390698,-1.3877787807814457e-17,0.5241089191390701,-6.938893903907228e-18
3,thesis,5.300000000000001,0.5272729370326641,-1.3877787807814457e-17,0.5272729370326646,-6.938893903907228e-18
3,thesis,5.3500000000000005,0.5296504819105338,-6.938893903907228e-18,0.5296504819105342,-3.469446951953614e-18
3,thesis,5.4,0.5312340650934795,-3.469446951953614e-18,0.5312340650934798,-1.734723475976807e-18
3,thesis,5.45,0.5320176604668474,1.734723475976807e-18,0.5320176604668477,2.1684043449710086e-19
3,thesis,5.5,0.5319967303835479,7.806255641895632e-18,0.5319967303835482,1.734723475976807e-18
3,thesis,5.550000000000001,0.5311682557586537,1.214306433183765e-17,0.5311682557586539,3.469446951953614e-18
3,thesis,5.6000000000000005,0.5295307701389061,2.0816681711721685e-17,0.5295307701389064,3.469446951953614e-18
3,thesis,5.65,0.5270843974469845,1.734723475976807e-17,0.5270843974469848,6.938893903907228e-18
3,thesis,5.7,0.5238308930193648,2.7755575615628914e-17,0.5238308930193647,6.938893903907228e-18
3,thesis,5.75,0.519773687478827,2.7755575615628914e-17,0.5197736874788269,6.938893903907228e-18
3,thesis,5.800000000000001,0.5149179329089361,3.469446951953614e-17,0.514917932908936,1.3877787807814457e-17
3,thesis,5.8500000000000005,0.5092705507288593,4.85722573273506e-17,0.5092705507288592,1.3877787807814457e-17
3,thesis,5.9,0.5028402806034153,4.163336342344337e-17,0.5028402806034151,1.3877787807814457e-17
3,thesis,5.95,0.49563772966592534,5.551115123125783e-17,0.495637729665925,1.3877787807814457e-17
3,thesis,6.0,0.4876754212808626,4.163336342344337e-17,0.4876754212808623,-1.2126333295038861e-35
3,thesis,6.050000000000001,0.4789678425300411,5.551115123125783e-17,0.47896784253004077,1.3877787807814457e-17
3,thesis,6.1000000000000005,0.4695314895706215,5.551115123125783e-17,0.4695314895706212,1.3877787807814457e-17
3,thesis,6.15,0.4593849099859837,6.938893903907228e-17,0.45938490998598314,1.3877787807814457e-17
3,thesis,6.2,0.44854874123187216,8.326672684688674e-17,0.4485487412318716,2.7755575615628914e-17
3,thesis,6.25,0.43704574427044585,8.326672684688674e-17,0.4370457442704454,-1.1622311748972787e-35
3,thesis,6.300000000000001,0.42490083148416913,8.326672684688674e-17,0.4249008314841686,2.7755575615628914e-17
3,thesis,6.3500000000000005,0.4121410879700077,8.326672684688674e-17,0.41214108797000715,2.7755575615628914e-17
3,thesis,6.4,0.39879578533216997,5.551115123125783e-17,0.3987957853321694,2.7755575615628914e-17
3,thesis,6.45,0.3848963871186731,8.326672684688674e-17,0.3848963871186726,-1.116082963840073e-35
3,thesis,6.5,0.3704765450831631,8.326672684688674e-17,0.3704765450831622,2.7755575615628914e-17
3,thesis,6.550000000000001,0.3555720854985399,8.326672684688674e-17,0.35557208549853914,-1.091135722784462e-35
3,thesis,6.6000000000000005,0.3402209848027298,8.326672684688674e-17,0.3402209848027291,2.7755575615628914e-17
3,thesis,6.65,0.3244633339190904,8.326672684688674e-17,0.32446333391908966,2.7755575615628914e-17
3,thesis,6.7,0.30834129066401544,8.326672684688674e-17,0.30834129066401483,2.7755575615628914e-17
3,thesis,6.75,0.29189901973182747,8.326672684688674e-17,0.2918990197318268,2.7755575615628914e-17
3,thesis,6.800000000000001,0.27518261983146275,8.326672684688674e-17,0.2751826198314618,2.7755575615628914e-17
3,thesis,6.8500000000000005,0.25824003764016057,8.326672684688674e-17,0.25824003764015957,2.7755575615628914e-17
3,thesis,6.9,0.24112096833566155,8.326672684688674e-17,0.2411209683356606,2.7755575615628914e-17
3,thesis,6.95,0.22387674256961426,8.326672684688674e-17,0.22387674256961387,2.7755575615628914e-17
3,thesis,7.0,0.2065601998501631,8.326672684688674e-17,0.20656019985016266,2.7755575615628914e-17
3,thesis,7.050000000000001,0.18922554841025663,8.326672684688674e-17,0.18922554841025566,2.7755575615628914e-17
3,thesis,7.1000000000000005,0.17192821174921974,5.551115123125783e-17,0.1719282117492188,2.7755575615628914e-17
3,thesis,7.15,0.15472466214766495,8.326672684688674e-17,0.154724662147664,-9.170573102863254e-36
3,thesis,7.2,0.1376722415690102,8.326672684688674e-17,0.13767224156900978,2.7755575615628914e-17
3,thesis,7.25,0.12082897047377912,5.551115123125783e-17,0.12082897047377873,2.7755575615628914e-17
3,thesis,7.300000000000001,0.10425334518455391,5.551115123125783e-17,0.10425334518455304,2.7755575615628914e-17
3,thesis,7.3500000000000005,0.08800412454904043,5.551115123125783e-17,0.08800412454903958,2.7755575615628914e-17
3,thesis,7.4,0.0721401067552082,5.551115123125783e-17,0.07214010675520736,2.7755575615628914e-17
3,thesis,7.45,0.05671989725504094,5.551115123125783e-17,0.05671989725504016,2.7755575615628914e-17
3,thesis,7.5,0.04180166885115118,5.551115123125783e-17,0.041801668851150435,1.3877787807814457e-17
3,thesis,7.550000000000001,0.02744291509253694,5.551115123125783e-17,0.027442915092536248,1.3877787807814457e-17
3,thesis,7.6000000000000005,0.013700198211271677,4.163336342344337e-17,0.01370019821127108,1.3877787807814457e-17
3,thesis,7.65,0.0006288929101265078,2.7755575615628914e-17,0.0006288929101259111,1.3877787807814457e-17
3,thesis,7.7,-0.011717072618662186,4.163336342344337e-17,-0.011717072618662783,1.3877787807814457e-17
3,thesis,7.75,-0.02328547700177276,4.163336342344337e-17,-0.023285477001773316,1.3877787807814457e-17
3,thesis,7.800000000000001,-0.034026065826406576,2.7755575615628914e-17,-0.03402606582640705,2.7755575615628914e-17
3,thesis,7.8500000000000005,-0.043890810078846626,1.3877787807814457e-17,-0.04389081007884704,-6.68329098494176e-36
3,thesis,7.9,-0.0528341613116592,2.7755575615628914e-17,-0.05283416131165958,-6.490031670332855e-36
3,thesis,7.95,-0.0608133019499085,2.0816681711721685e-17,-0.060813301949908805,6.938893903907228e-18
3,thesis,8.0,-0.0677883891364945,1.3877787807814457e-17,-0.06778838913649468,6.938893903907228e-18
3,thesis,8.05,-0.07372279051773097,6.938893903907228e-18,-0.07372279051773115,6.938893903907228e-18
3,thesis,8.1,-0.0785833103827392,3.469446951953614e-18,-0.07858331038273939,-5.6995112032828266e-36
3,thesis,8.15,-0.08234040459419596,7.573768513898994e-36,-0.08234040459419598,-5.4977847719115265e-36
3,thesis,8.200000000000001,-0.08496838278342679,-6.938893903907228e-18,-0.08496838278342678,-1.734723475976807e-18
3,thesis,8.25,-0.08644559632969563,-1.0408340855860843e-17,-0.08644559632969559,-5.089806985925852e-36
3,thesis,8.3,-0.08675461070157948,-1.3877787807814457e-17,-0.08675461070157922,-3.469446951953614e-18
3,thesis,8.35,-0.08588236080729157,-2.0816681711721685e-17,-0.08588236080729134,-6.938893903907228e-18
3,thesis,8.4,-0.08382028808035867,-2.0816681711721685e-17,-0.08382028808035838,-6.938893903907228e-18
3,thesis,8.450000000000001,-0.08056445811670211,-2.7755575615628914e-17,-0.08056445811670176,-6.938893903907228e-18
3,thesis,8.5,-0.07611565777843073,-3.469446951953614e-17,-0.07611565777843035,-1.3877787807814457e-17
3,thesis,8.55,-0.07047947078790413,-4.85722573273506e-17,-0.07047947078790368,-1.3877787807814457e-17
3,thesis,8.6,-0.0636663309521993,-4.163336342344337e-17,-0.06366633095219879,-1.3877787807814457e-17
3,thesis,8.65,-0.055691552282288226,-4.163336342344337e-17,-0.055691552282287365,-1.3877787807814457e-17
3,thesis,8.700000000000001,-0.046575335402191095,-4.163336342344337e-17,-0.046575335402190415,-1.3877787807814457e-17
3,thesis,8.75,-0.03634274978027112,-5.551115123125783e-17,-0.036342749780270064,-1.3877787807814457e-17
3,thesis,8.8,-0.025023691456752678,-5.551115123125783e-17,-0.02502369145675186,-1.3877787807814457e-17
3,thesis,8.85,-0.012652816087569976,-5.551115123125783e-17,-0.01265281608756913,-1.3877787807814457e-17
3,thesis,8.9,0.0007305527262766592,-5.551115123125783e-17,0.000730552726277589,-2.7755575615628914e-17
3,thesis,8.950000000000001,0.015082539703477074,-5.551115123125783e-17,0.015082539703478011,-2.7755575615628914e-17
3,thesis,9.0,0.030354858468703776,-5.551115123125783e-17,0.030354858468705267,-2.7755575615628914e-17
3,thesis,9.05,0.046494976035672264,-5.551115123125783e-17,0.04649497603567333,-2.7755575615628914e-17
3,thesis,9.1,0.06344630061105153,-8.326672684688674e-17,0.06344630061105315,-2.7755575615628914e-17
3,thesis,9.15,0.08114839199436805,-5.551115123125783e-17,0.0811483919943692,-2.7755575615628914e-17
3,thesis,9.200000000000001,0.09953719370318866,-8.326672684688674e-17,0.09953719370318985,-2.7755575615628914e-17
3,thesis,9.25,0.11854528581134083,-8.326672684688674e-17,0.11854528581134208,-7.765031956120283e-37
3,thesis,9.3,0.13810215735154274,-5.551115123125783e-17,0.13810215735154394,-2.7755575615628914e-17
3,thesis,9.35,0.15813449700366605,-8.326672684688674e-17,0.15813449700366727,-2.7755575615628914e-17
3,thesis,9.4,0.17856650066689483,-8.326672684688674e-17,0.17856650066689617,-2.7755575615628914e-17
3,thesis,9.450000000000001,0.19932019439901738,-8.326672684688674e-17,0.1993201943990193,-2.7755575615628914e-17
3,thesis,9.5,0.2203157711000669,-8.326672684688674e-17,0.22031577110006825,-2.7755575615628914e-17
3,thesis,9.55,0.2414719392210441,-8.326672684688674e-17,0.241471939221046,-2.7755575615628914e-17
3,thesis,9.600000000000001,0.2627062816924291,-8.326672684688674e-17,0.26270628169243093,-2.7755575615628914e-17
3,thesis,9.65,0.2839356231921323,-8.326672684688674e-17,0.2839356231921336,-2.7755575615628914e-17
3,thesis,9.700000000000001,0.30507640380908896,-8.326672684688674e-17,0.30507640380909085,-2.7755575615628914e-17
3,thesis,9.75,0.32604505710729925,-8.326672684688674e-17,0.3260450571073006,-2.7755575615628914e-17
3,thesis,9.8,0.34675839055622987,-5.551115123125783e-17,0.3467583905562317,-2.7755575615628914e-17
3,thesis,9.850000000000001,0.3671339662673697,-5.551115123125783e-17,0.36713396626737116,-2.7755575615628914e-17
3,thesis,9.9,0.38709047996365165,-8.326672684688674e-17,0.3870904799636533,-2.7755575615628914e-17
3,thesis,9.950000000000001,0.40654813610853846,-8.326672684688674e-17,0.4065481361085401,-2.7755575615628914e-17
3,thesis,10.0,0.42542901713482817,-8.326672684688674e-17,0.42542901713482983,-2.7755575615628914e-17
3,thesis,10.05,0.44365744473972607,-8.326672684688674e-17,0.4436574447397278,-2.7755575615628914e-17
3,thesis,10.100000000000001,0.4611603312521334,-5.551115123125783e-17,0.4611603312521346,-2.7755575615628914e-17
3,thesis,10.15,0.47786751913040726,-5.551115123125783e-17,0.4778675191304088,-2.7755575615628914e-17
3,thesis,10.200000000000001,0.4937121067135217,-8.326672684688674e-17,0.4937121067135227,-2.7755575615628914e-17
3,thesis,10.25,0.5086307584253218,-5.551115123125783e-17,0.5086307584253231,-2.7755575615628914e-17
3,thesis,10.3,0.5225639977199128,-5.551115123125783e-17,0.5225639977199142,-2.7755575615628914e-17
3,thesis,10.350000000000001,0.5354564811554716,-4.163336342344337e-17,0.5354564811554726,-1.3877787807814457e-17
3,thesis,10.4,0.5472572520934262,-2.7755575615628914e-17,0.5472572520934275,-1.3877787807814457e-17
3,thesis,10.450000000000001,0.5579199726391342,-4.163336342344337e-17,0.557919972639135,-1.3877787807814457e-17
3,thesis,10.5,0.5674031325681915,-4.163336342344337e-17,0.5674031325681925,-1.3877787807814457e-17
3,thesis,10.55,0.5756702341184733,-2.7755575615628914e-17,0.575670234118474,4.8855058406822735e-36
3,thesis,10.600000000000001,0.5826899516709381,-2.7755575615628914e-17,0.5826899516709388,-1.3877787807814457e-17
3,thesis,10.65,0.5884362654912997,-2.0816681711721685e-17,0.5884362654913003,-1.3877787807814457e-17
3,thesis,10.700000000000001,0.5928885688587245,-1.3877787807814457e-17,0.5928885688587252,-6.938893903907228e-18
3,thesis,10.75,0.5960317480658438,-1.3877787807814457e-17,0.5960317480658442,-3.469446951953614e-18
3,thesis,10.8,0.5978562349354208,-6.938893903907228e-18,0.5978562349354212,-3.469446951953614e-18
3,thesis,10.850000000000001,0.5983580316619425,-3.469446951953614e-18,0.5983580316619427,-8.673617379884035e-19
3,thesis,10.9,0.5975387079500987,1.734723475976807e-18,0.5975387079500988,1.734723475976807e-18
3,thesis,10.950000000000001,0.5954053705854804,3.469446951953614e-18,0.5954053705854804,6.491756130643508e-36
3,thesis,11.0,0.5919706057347573,1.0408340855860843e-17,0.5919706057347575,6.938893903907228e-18
3,thesis,11.05,0.5872523944320217,1.3877787807814457e-17,0.5872523944320216,6.938893903907228e-18
3,thesis,11.100000000000001,0.5812740018638296,2.0816681711721685e-17,0.5812740018638295,6.938893903907228e-18
3,thesis,11.15,0.5740638412167015,2.0816681711721685e-17,0.5740638412167011,6.938893903907228e-18
3,thesis,11.200000000000001,0.5656553129964578,2.7755575615628914e-17,0.5656553129964575,1.3877787807814457e-17
3,thesis,11.25,0.5560866208678265,2.7755575615628914e-17,0.5560866208678261,1.3877787807814457e-17
3,thesis,11.3,0.5454005651942972,4.163336342344337e-17,0.5454005651942966,1.3877787807814457e-17
3,thesis,11.350000000000001,0.5336443155814588,4.163336342344337e-17,0.533644315581458,2.7755575615628914e-17
3,thesis,11.4,0.5208691638411371,4.163336342344337e-17,0.5208691638411362,2.7755575615628914e-17
3,thesis,11.450000000000001,0.5071302588979199,5.551115123125783e-17,0.507130258897919,2.7755575615628914e-17
3,thesis,11.5,0.4924863252534222,5.551115123125783e-17,0.4924863252534213,1.3877787807814457e-17
3,thesis,11.55,0.47699936670630716,5.551115123125783e-17,0.47699936670630594,2.7755575615628914e-17
3,thesis,11.600000000000001,0.4607343570972364,8.326672684688674e-17,0.4607343570972352,2.7755575615628914e-17
3,thesis,11.65,0.44375891990703914,5.551115123125783e-17,0.44375891990703786,2.7755575615628914e-17
3,thesis,11.700000000000001,0.4261429985832622,5.551115123125783e-17,0.4261429985832609,2.7755575615628914e-17
3,thesis,11.75,0.40795851950461026,5.551115123125783e-17,0.40795851950460893,2.7755575615628914e-17
3,thesis,11.8,0.3892790495144063,8.326672684688674e-17,0.38927904951440495,2.7755575615628914e-17
3,thesis,11.850000000000001,0.3701794499632137,8.326672684688674e-17,0.3701794499632123,2.7755575615628914e-17
3,thesis,11.9,0.35073552919697354,5.551115123125783e-17,0.35073552919697193,2.7755575615628914e-17
3,thesis,11.950000000000001,0.331023695410794,8.326672684688674e-17,0.33102369541079246,2.7755575615628914e-17
3,thesis,12.0,0.3111206117599142,5.551115123125783e-17,0.31112061175991257,2.7755575615628914e-17
4,piqs_blocks,0.0,0.6000000000000001,0.0,0.6000000000000001,0.0
4,piqs_blocks,0.05,0.5994376640526828,-8.131516293641283e-19,0.5994376640526828,-8.131516293641283e-19
4,piqs_blocks,0.1,0.5977526243711473,-2.168404344971009e-18,0.5977526243711473,-2.168404344971009e-18
4,piqs_blocks,0.15000000000000002,0.5949507818891341,-1.084202172485504e-18,0.5949507818891341,-1.084202172485504e-18
4,piqs_blocks,0.2,0.591041959614235,-4.553649124439119e-18,0.591041959614235,-4.553649124439119e-18
4,piqs_blocks,0.25,0.5860398846068807,-6.071532165918825e-18,0.5860398846068807,-6.071532165918825e-18
4,piqs_blocks,0.30000000000000004,0.579962162359365,-9.540979117872439e-18,0.579962162359365,-9.540979117872439e-18
4,piqs_blocks,0.35000000000000003,0.5728302431938638,-6.938893903907228e-18,0.5728302431938638,-6.938893903907228e-18
4,piqs_blocks,0.4,0.5646693802043825,-8.673617379884035e-18,0.5646693802043825,-8.673617379884035e-18
4,piqs_blocks,0.45,0.5555085781843606,-9.107298248878237e-18,0.5555085781843606,-9.107298248878237e-18
4,piqs_blocks,0.5,0.5453805329113349,-6.938893903907227e-18,0.5453805329113349,-6.938893903907227e-18
4,piqs_blocks,0.55,0.5343215601044772,-5.6378512969246215e-18,0.5343215601044772,-5.6378512969246215e-18
4,piqs_blocks,0.6000000000000001,0.5223715133316145,-1.3010426069826053e-17,0.5223715133316145,-1.3010426069826053e-17
4,piqs_blocks,0.65,0.5095736901208825,-1.3010426069826053e-17,0.5095736901208825,-1.3010426069826053e-17
4,piqs_blocks,0.7000000000000001,0.495974725529567,-1.5612511283791264e-17,0.495974725529567,-1.5612511283791264e-17
4,piqs_blocks,0.75,0.48162447243975437,-1.474514954580286e-17,0.48162447243975437,-1.474514954580286e-17
4,piqs_blocks,0.8,0.46657586788763705,-1.9081958235744878e-17,0.46657586788763705,-1.9081958235744878e-17
4,piqs_blocks,0.8500000000000001,0.4508847847908879,-1.3010426069826038e-18,0.4508847847908879,-1.3010426069826038e-18
4,piqs_blocks,0.9,0.4346098685162634,-1.6046192152785466e-17,0.4346098685162634,-1.6046192152785466e-17
4,piqs_blocks,0.9500000000000001,0.41781235782705395,-1.734723475976807e-17,0.41781235782705395,-1.734723475976807e-17
4,piqs_blocks,1.0,0.4005558898663707,-1.9949319973733282e-17,0.4005558898663707,-1.9949319973733282e-17
4,piqs_blocks,1.05,0.382906288966402,-2.211772431870429e-17,0.382906288966402,-2.211772431870429e-17
4,piqs_blocks,1.1,0.36493133922430643,-1.7780915628762273e-17,0.36493133922430643,-1.7780915628762273e-17
4,piqs_blocks,1.1500000000000001,0.34670054095058894,-1.8214596497756474e-17,0.34670054095058894,-1.8214596497756474e-17
4,piqs_blocks,1.2000000000000002,0.32828485127368806,-1.7564075194265172e-17,0.32828485127368806,-1.7564075194265172e-17
4,piqs_blocks,1.25,0.30975640937285776,-2.0383000842727483e-17,0.30975640937285776,-2.0383000842727483e-17
4,piqs_blocks,1.3,0.2911882470078503,-2.0383000842727483e-17,0.2911882470078503,-2.0383000842727483e-17
4,piqs_blocks,1.35,0.2726539852157792,-1.9651164376299768e-17,0.2726539852157792,-1.9651164376299768e-17
4,piqs_blocks,1.4000000000000001,0.2542275182501339,-2.1358782797964437e-17,0.2542275182501339,-2.1358782797964437e-17
4,piqs_blocks,1.4500000000000002,0.23598268604136663,-2.211772431870429e-17,0.23598268604136663,-2.211772431870429e-17
4,piqs_blocks,1.5,0.21799293665985675,-2.0599841277224584e-17,0.21799293665985675,-2.0599841277224584e-17
4,piqs_blocks,1.55,0.20033098045743347,-9.540979117872436e-18,0.20033098045743347,-9.540979117872436e-18
4,piqs_blocks,1.6,0.18306843775005166,-2.3852447794681098e-17,0.18306843775005166,-2.3852447794681098e-17
4,piqs_blocks,1.6500000000000001,0.1662754820787889,-8.673617379884032e-18,0.1662754820787889,-8.673617379884032e-18
4,piqs_blocks,1.7000000000000002,0.15002048124627315,-2.3852447794681098e-17,0.15002048124627315,-2.3852447794681098e-17
4,piqs_blocks,1.75,0.1343696384682795,-1.7347234759768068e-17,0.1343696384682795,-1.7347234759768068e-17
4,piqs_blocks,1.8,0.11938663610308503,-1.6913553890773866e-17,0.11938663610308503,-1.6913553890773866e-17
4,piqs_blocks,1.85,0.10513228452193447,-1.084202172485504e-17,0.10513228452193447,-1.084202172485504e-17
4,piqs_blocks,1.9000000000000001,0.09166417876061779,-1.821459649775647e-17,0.09166417876061779,-1.821459649775647e-17
4,piqs_blocks,1.9500000000000002,0.07903636564291636,-1.084202172485504e-17,0.07903636564291636,-1.084202172485504e-17
4,piqs_blocks,2.0,0.06729902409006382,-1.1275702593849241e-17,0.06729902409006382,-1.1275702593849241e-17
4,piqs_blocks,2.0500000000000003,0.05649816132524178,-4.336808689942014e-18,0.05649816132524178,-4.336808689942014e-18
4,piqs_blocks,2.1,0.046675327647683854,-7.806255641895627e-18,0.046675327647683854,-7.806255641895627e-18
4,piqs_blocks,2.15,0.03786735238674058,-4.336808689942014e-18,0.03786735238674058,-4.336808689942014e-18
4,piqs_blocks,2.2,0.03010610355218897,-7.806255641895627e-18,0.03010610355218897,-7.806255641895627e-18
4,piqs_blocks,2.25,0.023418273573440007,-3.903127820947812e-18,0.023418273573440007,-3.903127820947812e-18
4,piqs_blocks,2.3000000000000003,0.01782519336778239,4.336808689942057e-19,0.01782519336778239,4.336808689942057e-19
4,piqs_blocks,2.35,0.013342676797440473,1.3010426069826094e-18,0.013342676797440473,1.3010426069826094e-18
4,piqs_blocks,2.4000000000000004,0.009980897368424585,8.673617379884076e-19,0.009980897368424585,8.673617379884076e-19
4,piqs_blocks,2.45,0.007744298792670287,4.3368086899420216e-18,0.007744298792670287,4.3368086899420216e-18
4,piqs_blocks,2.5,0.006631540780883474,7.372574772901435e-18,0.006631540780883474,7.372574772901435e-18
4,piqs_blocks,2.5500000000000003,0.006635481159232473,8.023096076392737e-18,0.006635481159232473,8.023096076392737e-18
4,piqs_blocks,2.6,0.007743195111233156,9.974659986866645e-18,0.007743195111233156,9.974659986866645e-18
4,piqs_blocks,2.6500000000000004,0.009936032039789114,1.4745149545802866e-17,0.009936032039789114,1.4745149545802866e-17
4,piqs_blocks,2.7,0.013189710226526388,1.0408340855860847e-17,0.013189710226526388,1.0408340855860847e-17
4,piqs_blocks,2.75,0.01747444913963653,1.7672495411513728e-17,0.01747444913963653,1.7672495411513728e-17
4,piqs_blocks,2.8000000000000003,0.022755138910873333,1.9081958235744884e-17,0.022755138910873333,1.9081958235744884e-17
4,piqs_blocks,2.85,0.028991546170721794,1.7347234759768077e-17,0.028991546170721794,1.7347234759768077e-17
4,piqs_blocks,2.9000000000000004,0.036138555101692296,1.626303258728257e-17,0.036138555101692296,1.626303258728257e-17
4,piqs_blocks,2.95,0.04414644224682744,2.5370330836160807e-17,0.04414644224682744,2.5370330836160807e-17
4,piqs_blocks,3.0,0.05296118329746215,2.602085213965211e-17,0.05296118329746215,2.602085213965211e-17
4,piqs_blocks,3.0500000000000003,0.06252478978456324,1.864827736675068e-17,0.06252478978456324,1.864827736675068e-17
4,piqs_blocks,3.1,0.07277567331501672,3.252606517456513e-17,0.07277567331501672,3.252606517456513e-17
4,piqs_blocks,3.1500000000000004,0.08364903473127153,3.209238430557093e-17,0.08364903473127153,3.209238430557093e-17
4,piqs_blocks,3.2,0.09507727533282337,1.9298798670241982e-17,0.09507727533282337,1.9298798670241982e-17
4,piqs_blocks,3.25,0.10699042708394468,3.0682921481339775e-17,0.10699042708394468,3.0682921481339775e-17
4,piqs_blocks,3.3000000000000003,0.11931659854634721,3.209238430557093e-17,0.11931659854634721,3.209238430557093e-17
4,piqs_blocks,3.35,0.13198243312032182,3.122502256758253e-17,0.13198243312032182,3.122502256758253e-17
4,piqs_blocks,3.4000000000000004,0.14491357605521504,3.0357660829594124e-17,0.14491357605521504,3.0357660829594124e-17
4,piqs_blocks,3.45,0.15803514660136594,3.0357660829594124e-17,0.15803514660136594,3.0357660829594124e-17
4,piqs_blocks,3.5,0.17127221162200482,2.949029909160572e-17,0.17127221162200482,2.949029909160572e-17
4,piqs_blocks,3.5500000000000003,0.18455025696579974,2.949029909160572e-17,0.18455025696579974,2.949029909160572e-17
4,piqs_blocks,3.6,0.19779565291908624,3.0791341698588326e-17,0.19779565291908624,3.0791341698588326e-17
4,piqs_blocks,3.6500000000000004,0.2109361101112257,2.7755575615628914e-17,0.2109361101112257,2.7755575615628914e-17
4,piqs_blocks,3.7,0.22390112233650572,2.7321894746634715e-17,0.22390112233650572,2.7321894746634715e-17
4,piqs_blocks,3.75,0.23662239288062747,2.7321894746634715e-17,0.23662239288062747,2.7321894746634715e-17
4,piqs_blocks,3.8000000000000003,0.24903424109779784,1.387778780781446e-17,0.24903424109779784,1.387778780781446e-17
4,piqs_blocks,3.85,0.26107398617407723,1.3444106938820258e-17,0.26107398617407723,1.3444106938820258e-17
4,piqs_blocks,3.9000000000000004,0.27268230523188275,2.2551405187698495e-17,0.27268230523188275,2.2551405187698495e-17
4,piqs_blocks,3.95,0.28380356317699496,2.580401170515501e-17,0.28380356317699496,2.580401170515501e-17
4,piqs_blocks,4.0,0.29438611196040243,1.1275702593849249e-17,0.29438611196040243,1.1275702593849249e-17
4,piqs_blocks,4.05,0.30438255721982455,1.0787811616230772e-17,0.30438255721982455,1.0787811616230772e-17
4,piqs_blocks,4.1000000000000005,0.3137499905765838,1.0303308770401312e-17,0.3137499905765838,1.0303308770401312e-17
4,piqs_blocks,4.15,0.3224501861892304,1.3335686721571708e-17,0.3224501861892304,1.3335686721571708e-17
4,piqs_blocks,4.2,0.33044976050235125,1.6913553890773872e-17,0.33044976050235125,1.6913553890773872e-17
4,piqs_blocks,4.25,0.3377202944736424,1.5829351718288368e-17,0.3377202944736424,1.5829351718288368e-17
4,piqs_blocks,4.3,0.3442384179107955,4.553649124439121e-18,0.3442384179107955,4.553649124439121e-18
4,piqs_blocks,4.3500000000000005,0.34998585589824954,-2.6020852139652083e-18,0.34998585589824954,-2.6020852139652083e-18
4,piqs_blocks,4.4,0.35494943763859454,-3.0357660829594105e-18,0.35494943763859454,-3.0357660829594105e-18
4,piqs_blocks,4.45,0.35912106837067315,-4.336808689941999e-19,0.35912106837067315,-4.336808689941999e-19
4,piqs_blocks,4.5,0.3624976653525722,-1.7347234759768054e-18,0.3624976653525722,-1.7347234759768054e-18
4,piqs_blocks,4.55,0.36508105920929673,-3.903127820947814e-18,0.36508105920929673,-3.903127820947814e-18
4,piqs_blocks,4.6000000000000005,0.36687786223866786,-6.938893903907227e-18,0.36687786223866786,-6.938893903907227e-18
4,piqs_blocks,4.65,0.3678993055418752,-6.938893903907227e-18,0.3678993055418752,-6.938893903907227e-18
4,piqs_blocks,4.7,0.3681610470943481,-1.2143064331837648e-17,0.3681610470943481,-1.2143064331837648e-17
4,piqs_blocks,4.75,0.36768295309572735,-1.2143064331837648e-17,0.36768295309572735,-1.2143064331837648e-17
4,piqs_blocks,4.800000000000001,0.3664888551325777,-1.8214596497756474e-17,0.3664888551325777,-1.8214596497756474e-17
4,piqs_blocks,4.8500000000000005,0.3646062858522724,-1.2143064331837648e-17,0.3646062858522724,-1.2143064331837648e-17
4,piqs_blocks,4.9,0.36206619597980727,-1.7780915628762273e-17,0.36206619597980727,-1.7780915628762273e-17
4,piqs_blocks,4.95,0.35890265561010914,-1.6479873021779667e-17,0.35890265561010914,-1.6479873021779667e-17
4,piqs_blocks,5.0,0.3551525427760648,-2.47198095326695e-17,0.3551525427760648,-2.47198095326695e-17
4,piqs_blocks,5.050000000000001,0.3508552223267837,-1.9081958235744878e-17,0.3508552223267837,-1.9081958235744878e-17
4,piqs_blocks,5.1000000000000005,0.34605221815166753,-2.42861286636753e-17,0.34605221815166753,-2.42861286636753e-17
4,piqs_blocks,5.15,0.34078688175428584,-2.168404344971009e-17,0.34078688175428584,-2.168404344971009e-17
4,piqs_blocks,5.2,0.3351040601167748,-2.1250362580715887e-17,0.3351040601167748,-2.1250362580715887e-17
4,piqs_blocks,5.25,0.3290497657018248,-2.3635607360183997e-17,0.3290497657018248,-2.3635607360183997e-17
4,piqs_blocks,5.300000000000001,0.3226708513169776,-2.3635607360183997e-17,0.3226708513169776,-2.3635607360183997e-17
4,piqs_blocks,5.3500000000000005,0.31601469241690167,-2.0599841277224584e-17,0.31601469241690167,-2.0599841277224584e-17
4,piqs_blocks,5.4,0.3091288792458927,-2.233456475320139e-17,0.3091288792458927,-2.233456475320139e-17
4,piqs_blocks,5.45,0.3020609210275927,-3.33663218582414e-17,0.3020609210275927,-3.33663218582414e-17
4,piqs_blocks,5.5,0.29485796419466714,-3.426078865054194e-17,0.29485796419466714,-3.426078865054194e-17
4,piqs_blocks,5.550000000000001,0.2875665264209184,-3.0574501264091225e-17,0.2875665264209184,-3.0574501264091225e-17
4,piqs_blocks,5.6000000000000005,0.280232247975204,-3.404394821604484e-17,0.280232247975204,-3.404394821604484e-17
4,piqs_blocks,5.65,0.2728996616638491,-3.2959746043559335e-17,0.2728996616638491,-3.2959746043559335e-17
4,piqs_blocks,5.7,0.26561198236932965,-2.905661822261152e-17,0.26561198236932965,-2.905661822261152e-17
4,piqs_blocks,5.75,0.2584109169312389,-2.8189256484623115e-17,0.2584109169312389,-2.8189256484623115e-17
4,piqs_blocks,5.800000000000001,0.2513364948542801,-2.8189256484623115e-17,0.2513364948542801,-2.8189256484623115e-17
4,piqs_blocks,5.8500000000000005,0.24442692007055689,-2.7755575615628914e-17,0.24442692007055689,-2.7755575615628914e-17
4,piqs_blocks,5.9,0.23771844373295914,-2.7755575615628914e-17,0.23771844373295914,-2.7755575615628914e-17
4,piqs_blocks,5.95,0.23124525777600227,-2.7321894746634712e-17,0.23124525777600227,-2.7321894746634712e-17
4,piqs_blocks,6.0,0.22503940875297104,-2.5587171270657905e-17,0.22503940875297104,-2.5587171270657905e-17
4,piqs_blocks,6.050000000000001,0.21913073124627785,-2.5153490401663703e-17,0.21913073124627785,-2.5153490401663703e-17
4,piqs_blocks,6.1000000000000005,0.21354679995399356,-2.688821387764051e-17,0.21354679995399356,-2.688821387764051e-17
4,piqs_blocks,6.15,0.20831289938167263,-2.5153490401663703e-17,0.20831289938167263,-2.5153490401663703e-17
4,piqs_blocks,6.2,0.20345200991669898,-2.6020852139652106e-17,0.20345200991669898,-2.6020852139652106e-17
4,piqs_blocks,6.25,0.19898480893392684,-2.6020852139652106e-17,0.19898480893392684,-2.6020852139652106e-17
4,piqs_blocks,6.300000000000001,0.19492968547754252,-2.47198095326695e-17,0.19492968547754252,-2.47198095326695e-17
4,piqs_blocks,6.3500000000000005,0.19130276698564364,-2.3852447794681098e-17,0.19130276698564364,-2.3852447794681098e-17
4,piqs_blocks,6.4,0.18811795647144938,-2.6020852139652103e-17,0.18811795647144938,-2.6020852139652103e-17
4,piqs_blocks,6.45,0.18538697854842826,-1.9190378452993425e-17,0.18538697854842826,-1.9190378452993425e-17
4,piqs_blocks,6.5,0.1831194326856545,-1.6696713456276768e-17,0.1831194326856545,-1.6696713456276768e-17
4,piqs_blocks,6.550000000000001,0.18132285210377047,-1.7347234759768068e-17,0.18132285210377047,-1.7347234759768068e-17
4,piqs_blocks,6.6000000000000005,0.1800027667700555,-1.6913553890773866e-17,0.1800027667700555,-1.6913553890773866e-17
4,piqs_blocks,6.65,0.1791627690219858,-1.9732479539236178e-17,0.1791627690219858,-1.9732479539236178e-17
4,piqs_blocks,6.7,0.17880458044071756,-9.324138683375337e-18,0.17880458044071756,-9.324138683375337e-18
4,piqs_blocks,6.75,0.17892811870724618,-1.029992063861229e-17,0.17892811870724618,-1.029992063861229e-17
4,piqs_blocks,6.800000000000001,0.17953156330246434,-8.294146619514107e-18,0.17953156330246434,-8.294146619514107e-18
4,piqs_blocks,6.8500000000000005,0.18061141905559586,-8.565197162635483e-18,0.18061141905559586,-8.565197162635483e-18
4,piqs_blocks,6.9,0.18216257670100122,-3.361026734705062e-18,0.18216257670100122,-3.361026734705062e-18
4,piqs_blocks,6.95,0.1841783697684198,-2.385244779468108e-18,0.1841783697684198,-2.385244779468108e-18
4,piqs_blocks,7.0,0.18665062730357102,-1.951563910473906e-18,0.18665062730357102,-1.951563910473906e-18
4,piqs_blocks,7.050000000000001,0.1895697220917858,2.1684043449710108e-18,0.1895697220917858,2.1684043449710108e-18
4,piqs_blocks,7.1000000000000005,0.19292461423410484,1.3010426069826072e-18,0.19292461423410484,1.3010426069826072e-18
4,piqs_blocks,7.15,0.1967028901001709,-1.3010426069826034e-18,0.1967028901001709,-1.3010426069826034e-18
4,piqs_blocks,7.2,0.20089079685243172,5.2041704279304236e-18,0.20089079685243172,5.2041704279304236e-18
4,piqs_blocks,7.25,0.20547327289891457,6.505213034913029e-18,0.20547327289891457,6.505213034913029e-18
4,piqs_blocks,7.300000000000001,0.21043397478453535,9.974659986866642e-18,0.21043397478453535,9.974659986866642e-18
4,piqs_blocks,7.3500000000000005,0.21575530117111552,1.0408340855860844e-17,0.21575530117111552,1.0408340855860844e-17
4,piqs_blocks,7.4,0.22141841468176077,1.691355389077387e-17,0.22141841468176077,1.691355389077387e-17
4,piqs_blocks,7.45,0.22740326249400944,9.54097911787244e-18,0.22740326249400944,9.54097911787244e-18
4,piqs_blocks,7.5,0.23368859665642028,1.3010426069826055e-17,0.23368859665642028,1.3010426069826055e-17
4,piqs_blocks,7.550000000000001,0.24025199517359375,2.3418766925686896e-17,0.24025199517359375,2.3418766925686896e-17
4,piqs_blocks,7.6000000000000005,0.24706988495383594,1.6479873021779667e-17,0.24706988495383594,1.6479873021779667e-17
4,piqs_blocks,7.65,0.25411756774095196,2.0383000842727483e-17,0.25411756774095196,2.0383000842727483e-17
4,piqs_blocks,7.7,0.2613692501564654,2.3418766925686896e-17,0.2613692501564654,2.3418766925686896e-17
4,piqs_blocks,7.75,0.26879807896077224,3.122502256758253e-17,0.26879807896077224,3.122502256758253e-17
4,piqs_blocks,7.800000000000001,0.276376182601472,3.122502256758253e-17,0.276376182601472,3.122502256758253e-17
4,piqs_blocks,7.8500000000000005,0.2840747200549344,3.165870343657673e-17,0.2840747200549344,3.165870343657673e-17
4,piqs_blocks,7.9,0.2918639378838419,3.209238430557093e-17,0.2918639378838419,3.209238430557093e-17
4,piqs_blocks,7.95,0.29971323633021585,1.8648277366750676e-17,0.29971323633021585,1.8648277366750676e-17
4,piqs_blocks,8.0,0.30759124514167485,3.2742905609062234e-17,0.30759124514167485,3.2742905609062234e-17
4,piqs_blocks,8.05,0.31546590969020016,3.382710778154774e-17,0.31546590969020016,3.382710778154774e-17
4,piqs_blocks,8.1,0.32330458778942867,3.393552799879629e-17,0.32330458778942867,3.393552799879629e-17
4,piqs_blocks,8.15,0.33107415745074575,3.4206578541917665e-17,0.33107415745074575,3.4206578541917665e-17
4,piqs_blocks,8.200000000000001,0.338741135642565,3.456572051155349e-17,0.338741135642565,3.456572051155349e-17
4,piqs_blocks,8.25,0.34627180793383805,3.5887091909270197e-17,0.34627180793383805,3.5887091909270197e-17
4,piqs_blocks,8.3,0.353632368714657,3.198396408832238e-17,0.353632368714657,3.198396408832238e-17
4,piqs_blocks,8.35,0.36078907149667144,3.686287386450715e-17,0.36078907149667144,3.686287386450715e-17
4,piqs_blocks,8.4,0.36770838860679145,3.642919299551295e-17,0.36770838860679145,3.642919299551295e-17
4,piqs_blocks,8.450000000000001,0.3743571794021009,2.3852447794681098e-17,0.3743571794021009,2.3852447794681098e-17
4,piqs_blocks,8.5,0.38070286595499664,3.729655473350135e-17,0.38070286595499664,3.729655473350135e-17
4,piqs_blocks,8.55,0.3867136149879676,3.7730235602495554e-17,0.3867136149879676,3.7730235602495554e-17
4,piqs_blocks,8.6,0.3923585246798798,3.7730235602495554e-17,0.3923585246798798,3.7730235602495554e-17
4,piqs_blocks,8.65,0.3976078148225965,2.2985086056692694e-17,0.3976078148225965,2.2985086056692694e-17
4,piqs_blocks,8.700000000000001,0.40243301868058823,3.5128150388530344e-17,0.40243301868058823,3.5128150388530344e-17
4,piqs_blocks,8.75,0.4068071747990152,3.426078865054194e-17,0.4068071747990152,3.426078865054194e-17
4,piqs_blocks,8.8,0.4107050169194175,2.949029909160572e-17,0.4107050169194175,2.949029909160572e-17
4,piqs_blocks,8.85,0.41410316009826487,3.209238430557093e-17,0.41410316009826487,3.209238430557093e-17
4,piqs_blocks,8.9,0.4169802810834886,2.862293735361732e-17,0.4169802810834886,2.862293735361732e-17
4,piqs_blocks,8.950000000000001,0.41931729098870685,3.382710778154774e-17,0.41931729098870685,3.382710778154774e-17
4,piqs_blocks,9.0,0.42109749831484233,2.0816681711721685e-17,0.42109749831484233,2.0816681711721685e-17
4,piqs_blocks,9.05,0.42230676040451126,1.9949319973733282e-17,0.42230676040451126,1.9949319973733282e-17
4,piqs_blocks,9.1,0.4229336214758953,2.211772431870429e-17,0.4229336214758953,2.211772431870429e-17
4,piqs_blocks,9.15,0.42296943546941124,1.951563910473908e-17,0.42296943546941124,1.951563910473908e-17
4,piqs_blocks,9.200000000000001,0.42240847205162035,1.8648277366750676e-17,0.42240847205162035,1.8648277366750676e-17
4,piqs_blocks,9.25,0.4212480042554072,1.0408340855860846e-17,0.4212480042554072,1.0408340855860846e-17
4,piqs_blocks,9.3,0.4194883763920847,1.2576745200831855e-17,0.4194883763920847,1.2576745200831855e-17
4,piqs_blocks,9.35,0.41713305104805337,7.589415207398533e-18,0.41713305104805337,7.589415207398533e-18
4,piqs_blocks,9.4,0.41418863417394447,5.4210108624275245e-18,0.41418863417394447,5.4210108624275245e-18
4,piqs_blocks,9.450000000000001,0.41066487748555147,2.3852447794681117e-18,0.41066487748555147,2.3852447794681117e-18
4,piqs_blocks,9.5,0.4065746576207929,1.3010426069826076e-18,0.4065746576207929,1.3010426069826076e-18
4,piqs_blocks,9.55,0.40193393173276604,-2.981555974335135e-18,0.40193393173276604,-2.981555974335135e-18
4,piqs_blocks,9.600000000000001,0.3967616694427584,-2.7105054312137584e-18,0.3967616694427584,-2.7105054312137584e-18
4,piqs_blocks,9.65,0.3910797613258946,-7.91467585914418e-18,0.3910797613258946,-7.91467585914418e-18
4,piqs_blocks,9.700000000000001,0.38491290435281433,-7.995991022080592e-18,0.38491290435281433,-7.995991022080592e-18
4,piqs_blocks,9.75,0.3782884649602669,-1.3227266504323153e-17,0.3782884649602669,-1.3227266504323153e-17
4,piqs_blocks,9.8,0.37123632066860596,-1.6479873021779667e-17,0.37123632066860596,-1.6479873021779667e-17
4,piqs_blocks,9.850000000000001,0.36378868140178133,-1.691355389077387e-17,0.36378868140178133,-1.691355389077387e-17
4,piqs_blocks,9.9,0.35597989189247387,-1.8648277366750676e-17,0.35597989189247387,-1.8648277366750676e-17
4,piqs_blocks,9.950000000000001,0.3478462167686125,-1.9081958235744875e-17,0.3478462167686125,-1.9081958235744875e-17
4,piqs_blocks,10.0,0.3394256101148535,-1.9081958235744875e-17,0.3394256101148535,-1.9081958235744875e-17
4,piqs_blocks,10.05,0.3307574714810866,-2.6454533008646302e-17,0.3307574714810866,-2.6454533008646302e-17
4,piqs_blocks,10.100000000000001,0.32188239046736056,-2.862293735361731e-17,0.32188239046736056,-2.862293735361731e-17
4,piqs_blocks,10.15,0.31284188214861197,-2.1684043449710083e-17,0.31284188214861197,-2.1684043449710083e-17
4,piqs_blocks,10.200000000000001,0.3036781157114878,-2.1684043449710083e-17,0.3036781157114878,-2.1684043449710083e-17
4,piqs_blocks,10.25,0.2944336387578268,-3.5561831257524545e-17,0.2944336387578268,-3.5561831257524545e-17
4,piqs_blocks,10.3,0.2851510997838478,-3.469446951953614e-17,0.2851510997838478,-3.469446951953614e-17
4,piqs_blocks,10.350000000000001,0.2758729713699771,-2.5153490401663697e-17,0.2758729713699771,-2.5153490401663697e-17
4,piqs_blocks,10.4,0.26664127661302905,-2.081668171172168e-17,0.26664127661302905,-2.081668171172168e-17
4,piqs_blocks,10.450000000000001,0.2574973213000848,-3.7730235602495554e-17,0.2574973213000848,-3.7730235602495554e-17
4,piqs_blocks,10.5,0.24848143426215177,-3.469446951953614e-17,0.24848143426215177,-3.469446951953614e-17
4,piqs_blocks,10.55,0.23963271825614366,-3.7730235602495554e-17,0.23963271825614366,-3.7730235602495554e-17
4,piqs_blocks,10.600000000000001,0.23098881360698034,-3.2959746043559335e-17,0.23098881360698034,-3.2959746043559335e-17
4,piqs_blocks,10.65,0.22258567669894183,-3.426078865054194e-17,0.22258567669894183,-3.426078865054194e-17
4,piqs_blocks,10.700000000000001,0.21445737523856737,-3.642919299551295e-17,0.21445737523856737,-3.642919299551295e-17
4,piqs_blocks,10.75,0.20663590202235183,-3.165870343657673e-17,0.20663590202235183,-3.165870343657673e-17
4,piqs_blocks,10.8,0.1991510087335289,-3.447762908503904e-17,0.1991510087335289,-3.447762908503904e-17
4,piqs_blocks,10.850000000000001,0.19203006106594583,-3.5019730171281793e-17,0.19203006106594583,-3.5019730171281793e-17
4,piqs_blocks,10.9,0.18529791623211167,-3.6374982886888674e-17,0.18529791623211167,-3.6374982886888674e-17
4,piqs_blocks,10.950000000000001,0.1789768236600089,-3.2742905609062234e-17,0.1789768236600089,-3.2742905609062234e-17
4,piqs_blocks,11.0,0.1730863494222264,-3.382710778154774e-17,0.1730863494222264,-3.382710778154774e-17
4,piqs_blocks,11.05,0.16764332467467083,-2.081668171172168e-17,0.16764332467467083,-2.081668171172168e-17
4,piqs_blocks,11.100000000000001,0.16266181811384928,-1.9732479539236175e-17,0.16266181811384928,-1.9732479539236175e-17
4,piqs_blocks,11.15,0.1581531321947911,-2.4719809532669495e-17,0.1581531321947911,-2.4719809532669495e-17
4,piqs_blocks,11.200000000000001,0.15412582258942445,-2.6454533008646302e-17,0.15412582258942445,-2.6454533008646302e-17
4,piqs_blocks,11.25,0.1505857401108996,-2.6454533008646302e-17,0.1505857401108996,-2.6454533008646302e-17
4,piqs_blocks,11.3,0.14753609408610674,-2.55871712706579e-17,0.14753609408610674,-2.55871712706579e-17
4,piqs_blocks,11.350000000000001,0.14497753592949403,-1.6913553890773863e-17,0.14497753592949403,-1.6913553890773863e-17
4,piqs_blocks,11.4,0.14290826145908594,-1.6913553890773863e-17,0.14290826145908594,-1.6913553890773863e-17
4,piqs_blocks,11.450000000000001,0.1413241303029557,-1.647987302177966e-17,0.1413241303029557,-1.647987302177966e-17
4,piqs_blocks,11.5,0.1402188005736948,-1.7780915628762267e-17,0.1402188005736948,-1.7780915628762267e-17
4,piqs_blocks,11.55,0.13958387684171059,-1.4745149545802854e-17,0.13958387684171059,-1.4745149545802854e-17
4,piqs_blocks,11.600000000000001,0.1394090693172887,-6.0715321659188194e-18,0.1394090693172887,-6.0715321659188194e-18
4,piqs_blocks,11.65,0.13968236205769166,-8.67361737988403e-18,0.13968236205769166,-8.67361737988403e-18
4,piqs_blocks,11.700000000000001,0.14039018795023428,-6.0715321659188194e-18,0.14039018795023428,-6.0715321659188194e-18
4,piqs_blocks,11.75,0.14151760818602432,-2.6020852139652056e-18,0.14151760818602432,-2.6020852139652056e-18
4,piqs_blocks,11.8,0.14304849393221322,-3.0357660829594078e-18,0.14304849393221322,-3.0357660829594078e-18
4,piqs_blocks,11.850000000000001,0.14496570793315106,-3.903127820947811e-18,0.14496570793315106,-3.903127820947811e-18
4,piqs_blocks,11.9,0.14725128382238362,3.728649475412885e-33,0.14725128382238362,3.728649475412885e-33
4,piqs_blocks,11.950000000000001,0.14988660100716264,3.0357660829594167e-18,0.14988660100716264,3.0357660829594167e-18
4,piqs_blocks,12.0,0.15285255309394027,6.505213034913031e-18,0.15285255309394027,6.505213034913031e-18
4,thesis,0.0,0.6000000000000004,0.0,0.6000000000000001,0.0
4,thesis,0.05,0.5994376640526832,-7.589415207398535e-19,0.5994376640526828,-8.131516293641283e-19
4,thesis,0.1,0.5977526243711476,-2.0599841277224592e-18,0.5977526243711473,-2.168404344971009e-18
4,thesis,0.15000000000000002,0.5949507818891345,1.734723475976806e-18,0.5949507818891341,-1.084202172485504e-18
4,thesis,0.2,0.5910419596142352,-2.602085213965212e-18,0.591041959614235,-4.553649124439119e-18
4,thesis,0.25,0.5860398846068811,-6.938893903907231e-18,0.5860398846068807,-6.071532165918825e-18
4,thesis,0.30000000000000004,0.5799621623593654,-7.372574772901433e-18,0.579962162359365,-9.540979117872439e-18
4,thesis,0.35000000000000003,0.5728302431938641,-7.372574772901433e-18,0.5728302431938638,-6.938893903907228e-18
4,thesis,0.4,0.5646693802043828,-7.806255641895635e-18,0.5646693802043825,-8.673617379884035e-18
4,thesis,0.45,0.5555085781843608,-4.7704895589362226e-18,0.5555085781843606,-9.107298248878237e-18
4,thesis,0.5,0.5453805329113351,-1.1709383462843451e-17,0.5453805329113349,-6.938893903907227e-18
4,thesis,0.55,0.5343215601044775,-5.204170427930424e-18,0.5343215601044772,-5.6378512969246215e-18
4,thesis,0.6000000000000001,0.5223715133316149,-1.1275702593849252e-17,0.5223715133316145,-1.3010426069826053e-17
4,thesis,0.65,0.5095736901208828,-7.806255641895637e-18,0.5095736901208825,-1.3010426069826053e-17
4,thesis,0.7000000000000001,0.49597472552956734,-1.3877787807814463e-17,0.495974725529567,-1.5612511283791264e-17
4,thesis,0.75,0.4816244724397546,-9.540979117872444e-18,0.48162447243975437,-1.474514954580286e-17
4,thesis,0.8,0.4665758678876373,-9.974659986866647e-18,0.46657586788763705,-1.9081958235744878e-17
4,thesis,0.8500000000000001,0.4508847847908882,-9.540979117872445e-18,0.4508847847908879,-1.3010426069826038e-18
4,thesis,0.9,0.4346098685162636,-1.0408340855860849e-17,0.4346098685162634,-1.6046192152785466e-17
4,thesis,0.9500000000000001,0.41781235782705417,-1.084202172485505e-17,0.41781235782705395,-1.734723475976807e-17
4,thesis,1.0,0.40055588986637103,-9.974659986866647e-18,0.4005558898663707,-1.9949319973733282e-17
4,thesis,1.05,0.38290628896640233,-1.1709383462843454e-17,0.382906288966402,-2.211772431870429e-17
4,thesis,1.1,0.36493133922430665,-1.0408340855860849e-17,0.36493133922430643,-1.7780915628762273e-17
4,thesis,1.1500000000000001,0.3467005409505892,-1.0191500421363748e-17,0.34670054095058894,-1.8214596497756474e-17
4,thesis,1.2000000000000002,0.3282848512736882,-9.107298248878243e-18,0.32828485127368806,-1.7564075194265172e-17
4,thesis,1.25,0.309756409372858,-1.1492543028346353e-17,0.30975640937285776,-2.0383000842727483e-17
4,thesis,1.3,0.2911882470078504,-7.264154555652886e-18,0.2911882470078503,-2.0383000842727483e-17
4,thesis,1.35,0.2726539852157793,-9.432558900623895e-18,0.2726539852157792,-1.9651164376299768e-17
4,thesis,1.4000000000000001,0.2542275182501341,-7.10152422978006e-18,0.2542275182501339,-2.1358782797964437e-17
4,thesis,1.4500000000000002,0.2359826860413668,-3.686287386450721e-18,0.23598268604136663,-2.211772431870429e-17
4,thesis,1.5,0.21799293665985692,-3.469446951953617e-18,0.21799293665985675,-2.0599841277224584e-17
4,thesis,1.55,0.20033098045743364,-3.903127820947819e-18,0.20033098045743347,-9.540979117872436e-18
4,thesis,1.6,0.18306843775005183,-5.637851296924626e-18,0.18306843775005166,-2.3852447794681098e-17
4,thesis,1.6500000000000001,0.16627548207878912,-3.469446951953617e-18,0.1662754820787889,-8.673617379884032e-18
4,thesis,1.7000000000000002,0.15002048124627326,1.301042606982605e-17,0.15002048124627315,-2.3852447794681098e-17
4,thesis,1.75,0.13436963846827965,-8.239936510889837e-18,0.1343696384682795,-1.7347234759768068e-17
4,thesis,1.8,0.11938663610308513,4.7704895589362164e-18,0.11938663610308503,-1.6913553890773866e-17
4,thesis,1.85,0.10513228452193463,-1.73472347597681e-18,0.10513228452193447,-1.084202172485504e-17
4,thesis,1.9000000000000001,0.09166417876061796,6.0715321659188225e-18,0.09166417876061779,-1.821459649775647e-17
4,thesis,1.9500000000000002,0.07903636564291648,6.938893903907226e-18,0.07903636564291636,-1.084202172485504e-17
4,thesis,2.0,0.06729902409006394,6.938893903907227e-18,0.06729902409006382,-1.1275702593849241e-17
4,thesis,2.0500000000000003,0.05649816132524188,4.336808689942016e-18,0.05649816132524178,-4.336808689942014e-18
4,thesis,2.1,0.04667532764768395,1.2143064331837648e-17,0.046675327647683854,-7.806255641895627e-18
4,thesis,2.15,0.037867352386740674,8.673617379884035e-18,0.03786735238674058,-4.336808689942014e-18
4,thesis,2.2,0.03010610355218904,1.214306433183765e-17,0.03010610355218897,-7.806255641895627e-18
4,thesis,2.25,0.023418273573440132,1.3877787807814457e-17,0.023418273573440007,-3.903127820947812e-18
4,thesis,2.3000000000000003,0.017825193367782474,1.691355389077387e-17,0.01782519336778239,4.336808689942057e-19
4,thesis,2.35,0.013342676797440486,1.5612511283791264e-17,0.013342676797440473,1.3010426069826094e-18
4,thesis,2.4000000000000004,0.009980897368424627,1.9949319973733282e-17,0.009980897368424585,8.673617379884076e-19
4,thesis,2.45,0.007744298792670384,1.7780915628762273e-17,0.007744298792670287,4.3368086899420216e-18
4,thesis,2.5,0.006631540780883488,2.0383000842727483e-17,0.006631540780883474,7.372574772901435e-18
4,thesis,2.5500000000000003,0.006635481159232501,1.713039432527097e-17,0.006635481159232473,8.023096076392737e-18
4,thesis,2.6,0.0077431951112332115,1.8431436932253575e-17,0.007743195111233156,9.974659986866645e-18
4,thesis,2.6500000000000004,0.009936032039789114,1.919037845299343e-17,0.009936032039789114,1.4745149545802866e-17
4,thesis,2.7,0.01318971022652643,2.4665599424045226e-17,0.013189710226526388,1.0408340855860847e-17
4,thesis,2.75,0.01747444913963654,2.4367443826611712e-17,0.01747444913963653,1.7672495411513728e-17
4,thesis,2.8000000000000003,0.022755138910873315,1.9949319973733282e-17,0.022755138910873333,1.9081958235744884e-17
4,thesis,2.85,0.028991546170721805,2.7972416050126014e-17,0.028991546170721794,1.7347234759768077e-17
4,thesis,2.9000000000000004,0.036138555101692366,2.1250362580715887e-17,0.036138555101692296,1.626303258728257e-17
4,thesis,2.95,0.044146442246827455,2.2768245622195593e-17,0.04414644224682744,2.5370330836160807e-17
4,thesis,3.0,0.05296118329746222,2.2985086056692694e-17,0.05296118329746215,2.602085213965211e-17
4,thesis,3.0500000000000003,0.06252478978456323,2.5587171270657905e-17,0.06252478978456324,1.864827736675068e-17
4,thesis,3.1,0.07277567331501665,2.862293735361732e-17,0.07277567331501672,3.252606517456513e-17
4,thesis,3.1500000000000004,0.0836490347312715,2.42861286636753e-17,0.08364903473127153,3.209238430557093e-17
4,thesis,3.2,0.09507727533282331,2.8406096919120216e-17,0.09507727533282337,1.9298798670241982e-17
4,thesis,3.25,0.10699042708394464,2.5912431922403556e-17,0.10699042708394468,3.0682921481339775e-17
4,thesis,3.3000000000000003,0.1193165985463472,9.54097911787244e-18,0.11931659854634721,3.209238430557093e-17
4,thesis,3.35,0.13198243312032193,2.6454533008646308e-17,0.13198243312032182,3.122502256758253e-17
4,thesis,3.4000000000000004,0.14491357605521513,2.168404344971009e-17,0.14491357605521504,3.0357660829594124e-17
4,thesis,3.45,0.15803514660136592,8.673617379884035e-18,0.15803514660136594,3.0357660829594124e-17
4,thesis,3.5,0.1712722116220048,2.0816681711721685e-17,0.17127221162200482,2.949029909160572e-17
4,thesis,3.5500000000000003,0.1845502569657997,2.1250362580715887e-17,0.18455025696579974,2.949029909160572e-17
4,thesis,3.6,0.19779565291908632,2.0816681711721685e-17,0.19779565291908624,3.0791341698588326e-17
4,thesis,3.6500000000000004,0.21093611011122582,1.6479873021779667e-17,0.2109361101112257,2.7755575615628914e-17
4,thesis,3.7,0.22390112233650572,1.9515639104739077e-17,0.22390112233650572,2.7321894746634715e-17
4,thesis,3.75,0.23662239288062747,1.8648277366750673e-17,0.23662239288062747,2.7321894746634715e-17
4,thesis,3.8000000000000003,0.24903424109779781,1.734723475976807e-17,0.24903424109779784,1.387778780781446e-17
4,thesis,3.85,0.26107398617407734,1.474514954580286e-17,0.26107398617407723,1.3444106938820258e-17
4,thesis,3.9000000000000004,0.27268230523188286,-4.5536491244391225e-18,0.27268230523188275,2.2551405187698495e-17
4,thesis,3.95,0.2838035631769951,1.4094628242311555e-17,0.28380356317699496,2.580401170515501e-17
4,thesis,4.0,0.29438611196040265,1.1817803680091995e-17,0.29438611196040243,1.1275702593849249e-17
4,thesis,4.05,0.30438255721982466,1.1058862159352142e-17,0.30438255721982455,1.0787811616230772e-17
4,thesis,4.1000000000000005,0.31374999057658404,7.731716742537249e-18,0.3137499905765838,1.0303308770401312e-17
4,thesis,4.15,0.32245018618923044,2.6562953225894812e-18,0.3224501861892304,1.3335686721571708e-17
4,thesis,4.2,0.3304497605023515,-2.602085213965216e-18,0.33044976050235125,1.6913553890773872e-17
4,thesis,4.25,0.3377202944736426,1.0842021724854987e-18,0.3377202944736424,1.5829351718288368e-17
4,thesis,4.3,0.3442384179107958,-3.0357660829594186e-18,0.3442384179107955,4.553649124439121e-18
4,thesis,4.3500000000000005,0.3499858558982498,-3.0357660829594186e-18,0.34998585589824954,-2.6020852139652083e-18
4,thesis,4.4,0.3549494376385949,-6.722053469410134e-18,0.35494943763859454,-3.0357660829594105e-18
4,thesis,4.45,0.3591210683706734,-6.965998958219372e-18,0.35912106837067315,-4.336808689941999e-19
4,thesis,4.5,0.3624976653525726,-8.023096076392739e-18,0.3624976653525722,-1.7347234759768054e-18
4,thesis,4.55,0.3650810592092971,-6.938893903907236e-18,0.36508105920929673,-3.903127820947814e-18
4,thesis,4.6000000000000005,0.36687786223866825,-6.5052130349130335e-18,0.36687786223866786,-6.938893903907227e-18
4,thesis,4.65,0.36789930554187567,-1.3877787807814463e-17,0.3678993055418752,-6.938893903907227e-18
4,thesis,4.7,0.3681610470943485,-1.2143064331837656e-17,0.3681610470943481,-1.2143064331837648e-17
4,thesis,4.75,0.36768295309572774,-1.561251128379127e-17,0.36768295309572735,-1.2143064331837648e-17
4,thesis,4.800000000000001,0.3664888551325782,-1.4745149545802866e-17,0.3664888551325777,-1.8214596497756474e-17
4,thesis,4.8500000000000005,0.36460628585227284,-1.561251128379127e-17,0.3646062858522724,-1.2143064331837648e-17
4,thesis,4.9,0.3620661959798078,-1.4311468676808665e-17,0.36206619597980727,-1.7780915628762273e-17
4,thesis,4.95,0.35890265561010953,-2.3418766925686905e-17,0.35890265561010914,-1.6479873021779667e-17
4,thesis,5.0,0.3551525427760653,-2.21177243187043e-17,0.3551525427760648,-2.47198095326695e-17
4,thesis,5.050000000000001,0.35085522232678423,-2.5153490401663712e-17,0.3508552223267837,-1.9081958235744878e-17
4,thesis,5.1000000000000005,0.34605221815166815,-2.3852447794681104e-17,0.34605221815166753,-2.42861286636753e-17
4,thesis,5.15,0.3407868817542865,-2.2117724318704297e-17,0.34078688175428584,-2.168404344971009e-17
4,thesis,5.2,0.3351040601167753,-3.209238430557094e-17,0.3351040601167748,-2.1250362580715887e-17
4,thesis,5.25,0.3290497657018255,-2.4502969098172406e-17,0.3290497657018248,-2.3635607360183997e-17
4,thesis,5.300000000000001,0.3226708513169782,-2.515349040166371e-17,0.3226708513169776,-2.3635607360183997e-17
4,thesis,5.3500000000000005,0.3160146924169023,-2.970713952610283e-17,0.31601469241690167,-2.0599841277224584e-17
4,thesis,5.4,0.3091288792458932,-2.504507018441516e-17,0.3091288792458927,-2.233456475320139e-17
4,thesis,5.45,0.30206092102759324,-2.9734244580414965e-17,0.3020609210275927,-3.33663218582414e-17
4,thesis,5.5,0.2948579641946678,-2.9490299091605727e-17,0.29485796419466714,-3.426078865054194e-17
4,thesis,5.550000000000001,0.28756652642091896,-2.634611279139776e-17,0.2875665264209184,-3.0574501264091225e-17
4,thesis,5.6000000000000005,0.2802322479752047,-2.3635607360184e-17,0.280232247975204,-3.404394821604484e-17
4,thesis,5.65,0.2728996616638496,-2.4719809532669504e-17,0.2728996616638491,-3.2959746043559335e-17
4,thesis,5.7,0.2656119823693301,-2.38524477946811e-17,0.26561198236932965,-2.905661822261152e-17
4,thesis,5.75,0.2584109169312396,-2.2985086056692697e-17,0.2584109169312389,-2.8189256484623115e-17
4,thesis,5.800000000000001,0.25133649485428056,-2.2551405187698495e-17,0.2513364948542801,-2.8189256484623115e-17
4,thesis,5.8500000000000005,0.2444269200705575,-2.2117724318704294e-17,0.24442692007055689,-2.7755575615628914e-17
4,thesis,5.9,0.23771844373295972,-2.47198095326695e-17,0.23771844373295914,-2.7755575615628914e-17
4,thesis,5.95,0.23124525777600263,-2.47198095326695e-17,0.23124525777600227,-2.7321894746634712e-17
4,thesis,6.0,0.22503940875297146,-2.3852447794681098e-17,0.22503940875297104,-2.5587171270657905e-17
4,thesis,6.050000000000001,0.21913073124627835,-2.2551405187698492e-17,0.21913073124627785,-2.5153490401663703e-17
4,thesis,6.1000000000000005,0.2135467999539941,-2.3418766925686896e-17,0.21354679995399356,-2.688821387764051e-17
4,thesis,6.15,0.2083128993816729,-1.9949319973733282e-17,0.20831289938167263,-2.5153490401663703e-17
4,thesis,6.2,0.20345200991669943,-2.0816681711721685e-17,0.20345200991669898,-2.6020852139652106e-17
4,thesis,6.25,0.19898480893392728,-1.778091562876227e-17,0.19898480893392684,-2.6020852139652106e-17
4,thesis,6.300000000000001,0.1949296854775429,-1.8648277366750673e-17,0.19492968547754252,-2.47198095326695e-17
4,thesis,6.3500000000000005,0.19130276698564405,-1.778091562876227e-17,0.19130276698564364,-2.3852447794681098e-17
4,thesis,6.4,0.18811795647144977,-1.821459649775647e-17,0.18811795647144938,-2.6020852139652103e-17
4,thesis,6.45,0.18538697854842867,-9.324138683375335e-18,0.18538697854842826,-1.9190378452993425e-17
4,thesis,6.5,0.18311943268565492,-1.3227266504323151e-17,0.1831194326856545,-1.6696713456276768e-17
4,thesis,6.550000000000001,0.18132285210377075,-1.6913553890773866e-17,0.18132285210377047,-1.7347234759768068e-17
4,thesis,6.6000000000000005,0.18000276677005578,-5.637851296924619e-18,0.1800027667700555,-1.6913553890773866e-17
4,thesis,6.65,0.1791627690219859,-8.023096076392728e-18,0.1791627690219858,-1.9732479539236178e-17
4,thesis,6.7,0.17880458044071762,-3.903127820947812e-18,0.17880458044071756,-9.324138683375337e-18
4,thesis,6.75,0.1789281187072464,-4.2283884726934634e-18,0.17892811870724618,-1.029992063861229e-17
4,thesis,6.800000000000001,0.1795315633024644,-1.7347234759768025e-18,0.17953156330246434,-8.294146619514107e-18
4,thesis,6.8500000000000005,0.180611419055596,-3.1170812458958206e-18,0.18061141905559586,-8.565197162635483e-18
4,thesis,6.9,0.18216257670100133,-7.589415207398485e-19,0.18216257670100122,-3.361026734705062e-18
4,thesis,6.95,0.18417836976841986,6.505213034913057e-19,0.1841783697684198,-2.385244779468108e-18
4,thesis,7.0,0.18665062730357102,1.9515639104739095e-18,0.18665062730357102,-1.951563910473906e-18
4,thesis,7.050000000000001,0.18956972209178583,4.770489558936221e-18,0.1895697220917858,2.1684043449710108e-18
4,thesis,7.1000000000000005,0.19292461423410484,4.336808689942019e-18,0.19292461423410484,1.3010426069826072e-18
4,thesis,7.15,0.1967028901001709,2.1684043449710104e-18,0.1967028901001709,-1.3010426069826034e-18
4,thesis,7.2,0.20089079685243172,5.6378512969246246e-18,0.20089079685243172,5.2041704279304236e-18
4,thesis,7.25,0.20547327289891443,7.372574772901432e-18,0.20547327289891457,6.505213034913029e-18
4,thesis,7.300000000000001,0.21043397478453532,2.602085213965212e-18,0.21043397478453535,9.974659986866642e-18
4,thesis,7.3500000000000005,0.2157553011711154,6.505213034913028e-18,0.21575530117111552,1.0408340855860844e-17
4,thesis,7.4,0.22141841468176054,6.071532165918826e-18,0.22141841468176077,1.691355389077387e-17
4,thesis,7.45,0.22740326249400927,9.540979117872437e-18,0.22740326249400944,9.54097911787244e-18
4,thesis,7.5,0.2336885966564201,9.540979117872442e-18,0.23368859665642028,1.3010426069826055e-17
4,thesis,7.550000000000001,0.2402519951735935,9.540979117872439e-18,0.24025199517359375,2.3418766925686896e-17
4,thesis,7.6000000000000005,0.24706988495383567,1.734723475976807e-17,0.24706988495383594,1.6479873021779667e-17
4,thesis,7.65,0.2541175677409517,1.691355389077387e-17,0.25411756774095196,2.0383000842727483e-17
4,thesis,7.7,0.26136925015646517,1.2576745200831851e-17,0.2613692501564654,2.3418766925686896e-17
4,thesis,7.75,0.2687980789607719,1.7347234759768056e-18,0.26879807896077224,3.122502256758253e-17
4,thesis,7.800000000000001,0.2763761826014717,1.5612511283791258e-17,0.276376182601472,3.122502256758253e-17
4,thesis,7.8500000000000005,0.28407472005493406,1.8648277366750673e-17,0.2840747200549344,3.165870343657673e-17
4,thesis,7.9,0.29186393788384163,1.778091562876227e-17,0.2918639378838419,3.209238430557093e-17
4,thesis,7.95,0.2997132363302155,3.4694469519536103e-18,0.29971323633021585,1.8648277366750676e-17
4,thesis,8.0,0.3075912451416746,1.322726650432315e-17,0.30759124514167485,3.2742905609062234e-17
4,thesis,8.05,0.3154659096901997,1.626303258728256e-17,0.31546590969020016,3.382710778154774e-17
4,thesis,8.1,0.3233045877894283,1.604619215278546e-17,0.32330458778942867,3.393552799879629e-17
4,thesis,8.15,0.3310741574507454,1.5666721392415533e-17,0.33107415745074575,3.4206578541917665e-17
4,thesis,8.200000000000001,0.3387411356425647,1.3688052427629487e-17,0.338741135642565,3.456572051155349e-17
4,thesis,8.25,0.34627180793383777,1.7889335846010817e-17,0.34627180793383805,3.5887091909270197e-17
4,thesis,8.3,0.35363236871465664,1.3335686721571698e-17,0.353632368714657,3.198396408832238e-17
4,thesis,8.35,0.36078907149667117,1.2359904766334743e-17,0.36078907149667144,3.686287386450715e-17
4,thesis,8.4,0.36770838860679117,1.1492543028346338e-17,0.36770838860679145,3.642919299551295e-17
4,thesis,8.450000000000001,0.37435717940210067,1.214306433183764e-17,0.3743571794021009,2.3852447794681098e-17
4,thesis,8.5,0.3807028659549964,1.474514954580285e-17,0.38070286595499664,3.729655473350135e-17
4,thesis,8.55,0.38671361498796736,-4.336808689942027e-18,0.3867136149879676,3.7730235602495554e-17
4,thesis,8.6,0.3923585246798795,1.1275702593849237e-17,0.3923585246798798,3.7730235602495554e-17
4,thesis,8.65,0.3976078148225962,1.3877787807814448e-17,0.3976078148225965,2.2985086056692694e-17
4,thesis,8.700000000000001,0.402433018680588,1.5612511283791258e-17,0.40243301868058823,3.5128150388530344e-17
4,thesis,8.75,0.40680717479901507,-2.1684043449710177e-18,0.4068071747990152,3.426078865054194e-17
4,thesis,8.8,0.4107050169194174,3.035766082959404e-18,0.4107050169194175,2.949029909160572e-17
4,thesis,8.85,0.41410316009826464,9.324138683375329e-18,0.41410316009826487,3.209238430557093e-17
4,thesis,8.9,0.4169802810834884,2.7105054312137526e-18,0.4169802810834886,2.862293735361732e-17
4,thesis,8.950000000000001,0.41931729098870685,8.023096076392724e-18,0.41931729098870685,3.382710778154774e-17
4,thesis,9.0,0.4210974983148422,1.604619215278546e-17,0.42109749831484233,2.0816681711721685e-17
4,thesis,9.05,0.4223067604045112,5.6378512969246146e-18,0.42230676040451126,1.9949319973733282e-17
4,thesis,9.1,0.4229336214758953,-2.1684043449710177e-18,0.4229336214758953,2.211772431870429e-17
4,thesis,9.15,0.42296943546941124,3.4694469519536057e-18,0.42296943546941124,1.951563910473908e-17
4,thesis,9.200000000000001,0.42240847205162046,2.602085213965202e-18,0.42240847205162035,1.8648277366750676e-17
4,thesis,9.25,0.4212480042554073,3.4694469519536057e-18,0.4212480042554072,1.0408340855860846e-17
4,thesis,9.3,0.4194883763920848,2.602085213965203e-18,0.4194883763920847,1.2576745200831855e-17
4,thesis,9.35,0.4171330510480534,3.4694469519536065e-18,0.41713305104805337,7.589415207398533e-18
4,thesis,9.4,0.4141886341739447,-6.933347799794049e-33,0.41418863417394447,5.4210108624275245e-18
4,thesis,9.450000000000001,0.4106648774855516,-6.505213034913096e-19,0.41066487748555147,2.3852447794681117e-18
4,thesis,9.5,0.40657465762079315,-3.252606517456575e-19,0.4065746576207929,1.3010426069826076e-18
4,thesis,9.55,0.40193393173276626,-5.149960319306208e-19,0.40193393173276604,-2.981555974335135e-18
4,thesis,9.600000000000001,0.3967616694427586,-2.6562953225894913e-18,0.3967616694427584,-2.7105054312137584e-18
4,thesis,9.65,0.39107976132589495,-3.361026734705069e-18,0.3910797613258946,-7.91467585914418e-18
4,thesis,9.700000000000001,0.38491290435281467,-2.7918205941501785e-18,0.38491290435281433,-7.995991022080592e-18
4,thesis,9.75,0.37828846496026713,-2.3852447794681136e-18,0.3782884649602669,-1.3227266504323153e-17
4,thesis,9.8,0.3712363206686063,-5.204170427930425e-18,0.37123632066860596,-1.6479873021779667e-17
4,thesis,9.850000000000001,0.3637886814017818,-5.204170427930425e-18,0.36378868140178133,-1.691355389077387e-17
4,thesis,9.9,0.3559798918924742,-2.168404344971011e-18,0.35597989189247387,-1.8648277366750676e-17
4,thesis,9.950000000000001,0.3478462167686128,-7.37257477290143e-18,0.3478462167686125,-1.9081958235744875e-17
4,thesis,10.0,0.3394256101148539,-4.770489558936221e-18,0.3394256101148535,-1.9081958235744875e-17
4,thesis,10.05,0.3307574714810872,-2.6020852139652114e-18,0.3307574714810866,-2.6454533008646302e-17
4,thesis,10.100000000000001,0.321882390467361,-3.469446951953615e-18,0.32188239046736056,-2.862293735361731e-17
4,thesis,10.15,0.3128418821486125,-1.1275702593849246e-17,0.31284188214861197,-2.1684043449710083e-17
4,thesis,10.200000000000001,0.30367811571148845,-1.2143064331837647e-17,0.3036781157114878,-2.1684043449710083e-17
4,thesis,10.25,0.29443363875782735,-6.9388939039072276e-18,0.2944336387578268,-3.5561831257524545e-17
4,thesis,10.3,0.2851510997838483,-6.071532165918824e-18,0.2851510997838478,-3.469446951953614e-17
4,thesis,10.350000000000001,0.2758729713699776,3.9031278209478175e-18,0.2758729713699771,-2.5153490401663697e-17
4,thesis,10.4,0.2666412766130295,-5.637851296924622e-18,0.26664127661302905,-2.081668171172168e-17
4,thesis,10.450000000000001,0.2574973213000853,-6.9388939039072276e-18,0.2574973213000848,-3.7730235602495554e-17
4,thesis,10.5,0.24848143426215274,-7.806255641895626e-18,0.24848143426215177,-3.469446951953614e-17
4,thesis,10.55,0.23963271825614446,-7.806255641895626e-18,0.23963271825614366,-3.7730235602495554e-17
4,thesis,10.600000000000001,0.23098881360698104,-1.2143064331837643e-17,0.23098881360698034,-3.2959746043559335e-17
4,thesis,10.65,0.2225856766989423,-6.505213034913022e-18,0.22258567669894183,-3.426078865054194e-17
4,thesis,10.700000000000001,0.21445737523856828,-2.6020852139652068e-18,0.21445737523856737,-3.642919299551295e-17
4,thesis,10.75,0.20663590202235244,-8.89045781438113e-18,0.20663590202235183,-3.165870343657673e-17
4,thesis,10.8,0.19915100873352953,-8.67361737988403e-18,0.1991510087335289,-3.447762908503904e-17
4,thesis,10.850000000000001,0.19203006106594667,-9.757819552369534e-18,0.19203006106594583,-3.5019730171281793e-17
4,thesis,10.9,0.18529791623211217,-8.294146619514103e-18,0.18529791623211167,-3.6374982886888674e-17
4,thesis,10.950000000000001,0.1789768236600096,-1.816038638913216e-18,0.1789768236600089,-3.2742905609062234e-17
4,thesis,11.0,0.17308634942222723,-6.938893903907223e-18,0.1730863494222264,-3.382710778154774e-17
4,thesis,11.05,0.1676433246746716,-8.456776945386928e-18,0.16764332467467083,-2.081668171172168e-17
4,thesis,11.100000000000001,0.16266181811384983,-7.806255641895626e-18,0.16266181811384928,-1.9732479539236175e-17
4,thesis,11.15,0.15815313219479193,-6.5052130349130204e-18,0.1581531321947911,-2.4719809532669495e-17
4,thesis,11.200000000000001,0.1541258225894252,-8.67361737988403e-18,0.15412582258942445,-2.6454533008646302e-17
4,thesis,11.25,0.1505857401109003,1.30104260698261e-18,0.1505857401108996,-2.6454533008646302e-17
4,thesis,11.3,0.1475360940861073,-1.7347234759768048e-18,0.14753609408610674,-2.55871712706579e-17
4,thesis,11.350000000000001,0.14497753592949475,-3.903127820947812e-18,0.14497753592949403,-1.6913553890773863e-17
4,thesis,11.4,0.14290826145908636,-3.903127820947814e-18,0.14290826145908594,-1.6913553890773863e-17
4,thesis,11.450000000000001,0.14132413030295624,-4.336808689942015e-18,0.1413241303029557,-1.647987302177966e-17
4,thesis,11.5,0.14021880057369548,4.770489558936222e-18,0.1402188005736948,-1.7780915628762267e-17
4,thesis,11.55,0.13958387684171109,-4.336808689942015e-18,0.13958387684171059,-1.4745149545802854e-17
4,thesis,11.600000000000001,0.13940906931728936,8.673617379884035e-19,0.1394090693172887,-6.0715321659188194e-18
4,thesis,11.65,0.13968236205769224,-1.7347234759768063e-18,0.13968236205769166,-8.67361737988403e-18
4,thesis,11.700000000000001,0.14039018795023478,7.703719777548943e-34,0.14039018795023428,-6.0715321659188194e-18
4,thesis,11.75,0.14151760818602474,5.637851296924622e-18,0.14151760818602432,-2.6020852139652056e-18
4,thesis,11.8,0.14304849393221375,1.734723475976807e-18,0.14304849393221322,-3.0357660829594078e-18
4,thesis,11.850000000000001,0.1449657079331515,4.770489558936219e-18,0.14496570793315106,-3.903127820947811e-18
4,thesis,11.9,0.14725128382238406,6.938893903907227e-18,0.14725128382238362,3.728649475412885e-33
4,thesis,11.950000000000001,0.14988660100716306,3.035766082959411e-18,0.14988660100716264,3.0357660829594167e-18
4,thesis,12.0,0.1528525530939407,6.0715321659188225e-18,0.15285255309394027,6.505213034913031e-18
5,piqs_blocks,0.0,0.6000000000000012,0.0,0.6000000000000012,0.0
5,piqs_blocks,0.05,0.5995201183997316,1.5178830414797062e-18,0.5995201183997316,1.5178830414797062e-18
5,piqs_blocks,0.1,0.5980818943817621,3.0357660829594124e-18,0.5980818943817621,3.0357660829594124e-18
5,piqs_blocks,0.15000000000000002,0.5956895901736474,5.637851296924623e-18,0.5956895901736474,5.637851296924623e-18
5,piqs_blocks,0.2,0.5923503089822997,2.6020852139652106e-18,0.5923503089822997,2.6020852139652106e-18
5,piqs_blocks,0.25,0.588073993878973,8.673617379884035e-18,0.588073993878973,8.673617379884035e-18
5,piqs_blocks,0.30000000000000004,0.5828734255328663,8.673617379884035e-18,0.5828734255328663,8.673617379884035e-18
5,piqs_blocks,0.35000000000000003,0.5767642181056369,7.806255641895632e-18,0.5767642181056369,7.806255641895632e-18
5,piqs_blocks,0.4,0.5697648124475132,1.0408340855860843e-17,0.5697648124475132,1.0408340855860843e-17
5,piqs_blocks,0.45,0.5618964655821805,1.214306433183765e-17,0.5618964655821805,1.214306433183765e-17
5,piqs_blocks,0.5,0.5531832353355575,2.0816681711721685e-17,0.5531832353355575,2.0816681711721685e-17
5,piqs_blocks,0.55,0.54365195885599,1.3877787807814457e-17,0.54365195885599,1.3877787807814457e-17
5,piqs_blocks,0.6000000000000001,0.5333322236928625,1.734723475976807e-17,0.5333322236928625,1.734723475976807e-17
5,piqs_blocks,0.65,0.5222563300492816,1.734723475976807e-17,0.5222563300492816,1.734723475976807e-17
5,piqs_blocks,0.7000000000000001,0.5104592428039609,1.734723475976807e-17,0.5104592428039609,1.734723475976807e-17
5,piqs_blocks,0.75,0.49797853190879854,1.3877787807814457e-17,0.49797853190879854,1.3877787807814457e-17
5,piqs_blocks,0.8,0.48485429981245765,2.0816681711721685e-17,0.48485429981245765,2.0816681711721685e-17
5,piqs_blocks,0.8500000000000001,0.47112909463650177,3.122502256758253e-17,0.47112909463650177,3.122502256758253e-17
5,piqs_blocks,0.9,0.456847807938703,1.734723475976807e-17,0.456847807938703,1.734723475976807e-17
5,piqs_blocks,0.9500000000000001,0.44205755603692,2.0816681711721685e-17,0.44205755603692,2.0816681711721685e-17
5,piqs_blocks,1.0,0.42680754403471194,1.3877787807814457e-17,0.42680754403471194,1.3877787807814457e-17
5,piqs_blocks,1.05,0.4111489118844497,1.734723475976807e-17,0.4111489118844497,1.734723475976807e-17
5,piqs_blocks,1.1,0.3951345620423982,2.0816681711721685e-17,0.3951345620423982,2.0816681711721685e-17
5,piqs_blocks,1.1500000000000001,0.37881896850997027,1.3877787807814457e-17,0.37881896850997027,1.3877787807814457e-17
5,piqs_blocks,1.2000000000000002,0.36225796731256865,1.3877787807814457e-17,0.36225796731256865,1.3877787807814457e-17
5,piqs_blocks,1.25,0.34550852873830395,1.3877787807814457e-17,0.34550852873830395,1.3877787807814457e-17
5,piqs_blocks,1.3,0.3286285119392594,1.3877787807814457e-17,0.3286285119392594,1.3877787807814457e-17
5,piqs_blocks,1.35,0.31167640278355807,2.0816681711721685e-17,0.31167640278355807,2.0816681711721685e-17
5,piqs_blocks,1.4000000000000001,0.2947110361327767,2.7755575615628914e-17,0.2947110361327767,2.7755575615628914e-17
5,piqs_blocks,1.4500000000000002,0.2777913040017194,3.469446951953614e-17,0.2777913040017194,3.469446951953614e-17
5,piqs_blocks,1.5,0.26097585133164125,2.0816681711721685e-17,0.26097585133164125,2.0816681711721685e-17
5,piqs_blocks,1.55,0.2443227613692568,2.0816681711721685e-17,0.2443227613692568,2.0816681711721685e-17
5,piqs_blocks,1.6,0.22788923288792357,1.3877787807814457e-17,0.22788923288792357,1.3877787807814457e-17
5,piqs_blocks,1.6500000000000001,0.21173125171014934,1.3877787807814457e-17,0.21173125171014934,1.3877787807814457e-17
5,piqs_blocks,1.7000000000000002,0.19590325918820167,1.3877787807814457e-17,0.19590325918820167,1.3877787807814457e-17
5,piqs_blocks,1.75,0.18045782046857534,4.163336342344337e-17,0.18045782046857534,4.163336342344337e-17
5,piqs_blocks,1.8,0.16544529550329767,1.3877787807814457e-17,0.16544529550329767,1.3877787807814457e-17
5,piqs_blocks,1.85,0.15091351587384516,1.3877787807814457e-17,0.15091351587384516,1.3877787807814457e-17
5,piqs_blocks,1.9000000000000001,0.13690747055961225,2.7755575615628914e-17,0.13690747055961225,2.7755575615628914e-17
5,piqs_blocks,1.9500000000000002,0.1234690038107439,2.7755575615628914e-17,0.1234690038107439,2.7755575615628914e-17
5,piqs_blocks,2.0,0.11063652827357894,2.7755575615628914e-17,0.11063652827357894,2.7755575615628914e-17
5,piqs_blocks,2.0500000000000003,0.0984447564653751,1.3877787807814457e-17,0.0984447564653751,1.3877787807814457e-17
5,piqs_blocks,2.1,0.08692445360339994,1.3877787807814457e-17,0.08692445360339994,1.3877787807814457e-17
5,piqs_blocks,2.15,0.07610221466242124,2.7755575615628914e-17,0.07610221466242124,2.7755575615628914e-17
5,piqs_blocks,2.2,0.06600026836526085,2.7755575615628914e-17,0.06600026836526085,2.7755575615628914e-17
5,piqs_blocks,2.25,0.05663631060502645,1.3877787807814457e-17,0.05663631060502645,1.3877787807814457e-17
5,piqs_blocks,2.3000000000000003,0.04802336955711065,1.3877787807814457e-17,0.04802336955711065,1.3877787807814457e-17
5,piqs_blocks,2.35,0.04016970446671049,2.7755575615628914e-17,0.04016970446671049,2.7755575615628914e-17
5,piqs_blocks,2.4000000000000004,0.03307873979657758,1.3877787807814457e-17,0.03307873979657758,1.3877787807814457e-17
5,piqs_blocks,2.45,0.02674903609349931,2.7755575615628914e-17,0.02674903609349931,2.7755575615628914e-17
5,piqs_blocks,2.5,0.021174298584474074,1.3877787807814457e-17,0.021174298584474074,1.3877787807814457e-17
5,piqs_blocks,2.5500000000000003,0.01634342414885958,2.7755575615628914e-17,0.01634342414885958,2.7755575615628914e-17
5,piqs_blocks,2.6,0.012240586935318508,6.938893903907228e-18,0.012240586935318508,6.938893903907228e-18
5,piqs_blocks,2.6500000000000004,0.008845362506728894,2.0816681711721685e-17,0.008845362506728894,2.0816681711721685e-17
5,piqs_blocks,2.7,0.006132890007035534,6.938893903907228e-18,0.006132890007035534,6.938893903907228e-18
5,piqs_blocks,2.75,0.004074071455993464,6.938893903907228e-18,0.004074071455993464,6.938893903907228e-18
5,piqs_blocks,2.8000000000000003,0.002635806895590332,2.0816681711721685e-17,0.002635806895590332,2.0816681711721685e-17
5,piqs_blocks,2.85,0.0017812637402099853,-6.938893903907228e-18,0.0017812637402099853,-6.938893903907228e-18
5,piqs_blocks,2.9000000000000004,0.0014701783257761551,2.0816681711721685e-17,0.0014701783257761551,2.0816681711721685e-17
5,piqs_blocks,2.95,0.0016591873154128585,6.938893903907228e-18,0.0016591873154128585,6.938893903907228e-18
5,piqs_blocks,3.0,0.002302186304557311,2.7755575615628914e-17,0.002302186304557311,2.7755575615628914e-17
5,piqs_blocks,3.0500000000000003,0.003350712680620222,3.469446951953614e-17,0.003350712680620222,3.469446951953614e-17
5,piqs_blocks,3.1,0.0047543495345021575,2.0816681711721685e-17,0.0047543495345021575,2.0816681711721685e-17
5,piqs_blocks,3.1500000000000004,0.0064611471964489825,6.938893903907228e-18,0.0064611471964489825,6.938893903907228e-18
5,piqs_blocks,3.2,0.008418058779338766,4.091126669349086e-36,0.008418058779338766,4.091126669349086e-36
5,piqs_blocks,3.25,0.010571385960546825,2.0816681711721685e-17,0.010571385960546825,2.0816681711721685e-17
5,piqs_blocks,3.3000000000000003,0.012867231120588647,-6.938893903907228e-18,0.012867231120588647,-6.938893903907228e-18
5,piqs_blocks,3.35,0.015251951883833,2.0816681711721685e-17,0.015251951883833,2.0816681711721685e-17
5,piqs_blocks,3.4000000000000004,0.017672614074285532,-6.938893903907228e-18,0.017672614074285532,-6.938893903907228e-18
5,piqs_blocks,3.45,0.02007743910783398,6.938893903907228e-18,0.02007743910783398,6.938893903907228e-18
5,piqs_blocks,3.5,0.02241624189101394,6.938893903907228e-18,0.02241624189101394,6.938893903907228e-18
5,piqs_blocks,3.5500000000000003,0.024640855384425377,6.938893903907228e-18,0.024640855384425377,6.938893903907228e-18
5,piqs_blocks,3.6,0.02670553811508309,2.0816681711721685e-17,0.02670553811508309,2.0816681711721685e-17
5,piqs_blocks,3.6500000000000004,0.02856736108448995,-3.469446951953614e-18,0.02856736108448995,-3.469446951953614e-18
5,piqs_blocks,3.7,0.030186570715939935,4.6192537099552685e-36,0.030186570715939935,4.6192537099552685e-36
5,piqs_blocks,3.75,0.031526924713028655,6.938893903907228e-18,0.031526924713028655,6.938893903907228e-18
5,piqs_blocks,3.8000000000000003,0.03255599795876959,4.7195016940324886e-36,0.03255599795876959,4.7195016940324886e-36
5,piqs_blocks,3.85,0.03324545586803131,-1.0408340855860843e-17,0.03324545586803131,-1.0408340855860843e-17
5,piqs_blocks,3.9000000000000004,0.03357129291193718,6.938893903907228e-18,0.03357129291193718,6.938893903907228e-18
5,piqs_blocks,3.95,0.033514034357937955,3.469446951953614e-18,0.033514034357937955,3.469446951953614e-18
5,piqs_blocks,4.0,0.03305889960988034,6.938893903907228e-18,0.03305889960988034,6.938893903907228e-18
5,piqs_blocks,4.05,0.03219592588486446,4.9617769495582486e-36,0.03219592588486446,4.9617769495582486e-36
5,piqs_blocks,4.1000000000000005,0.030920051324283826,3.469446951953614e-18,0.030920051324283826,3.469446951953614e-18
5,piqs_blocks,4.15,0.0292311570014457,6.938893903907228e-18,0.0292311570014457,6.938893903907228e-18
5,piqs_blocks,4.2,0.027134067653907454,5.204170427930421e-18,0.027134067653907454,5.204170427930421e-18
5,piqs_blocks,4.25,0.024638511331538174,4.336808689942018e-18,0.024638511331538174,4.336808689942018e-18
5,piqs_blocks,4.3,0.021759038507864738,5.204170427930421e-18,0.021759038507864738,5.204170427930421e-18
5,piqs_blocks,4.3500000000000005,0.018514901549177384,5.204170427930421e-18,0.018514901549177384,5.204170427930421e-18
5,piqs_blocks,4.4,0.014929895770038407,6.071532165918825e-18,0.014929895770038407,6.071532165918825e-18
5,piqs_blocks,4.45,0.011032163622353743,3.903127820947816e-18,0.011032163622353743,3.903127820947816e-18
5,piqs_blocks,4.5,0.006853963865374693,1.734723475976807e-18,0.006853963865374693,1.734723475976807e-18
5,piqs_blocks,4.55,0.00243140784348736,-2.6020852139652106e-18,0.00243140784348736,-2.6020852139652106e-18
5,piqs_blocks,4.6000000000000005,-0.0021958347447029736,6.938893903907228e-18,-0.0021958347447029736,6.938893903907228e-18
5,piqs_blocks,4.65,-0.00698485797053381,5.491550155423179e-36,-0.00698485797053381,5.491550155423179e-36
5,piqs_blocks,4.7,-0.011889866871523873,8.673617379884035e-18,-0.011889866871523873,8.673617379884035e-18
5,piqs_blocks,4.75,-0.016862546720328102,5.572356442162588e-36,-0.016862546720328102,5.572356442162588e-36
5,piqs_blocks,4.800000000000001,-0.021852451217336,5.6119257453413816e-36,-0.021852451217336,5.6119257453413816e-36
5,piqs_blocks,4.8500000000000005,-0.026807406337299444,1.3877787807814457e-17,-0.026807406337299444,1.3877787807814457e-17
5,piqs_blocks,4.9,-0.031673926469400496,6.938893903907228e-18,-0.031673926469400496,6.938893903907228e-18
5,piqs_blocks,4.95,-0.03639763942888905,-1.0408340855860843e-17,-0.03639763942888905,-1.0408340855860843e-17
5,piqs_blocks,5.0,-0.040923716886708754,-1.3877787807814457e-17,-0.040923716886708754,-1.3877787807814457e-17
5,piqs_blocks,5.050000000000001,-0.04519730676099796,-3.469446951953614e-18,-0.04519730676099796,-3.469446951953614e-18
5,piqs_blocks,5.1000000000000005,-0.049163964140394464,-3.469446951953614e-18,-0.049163964140394464,-3.469446951953614e-18
5,piqs_blocks,5.15,-0.052770077362863155,-3.469446951953614e-18,-0.052770077362863155,-3.469446951953614e-18
5,piqs_blocks,5.2,-0.055963285954265016,5.90795690902405e-36,-0.055963285954265016,5.90795690902405e-36
5,piqs_blocks,5.25,-0.058692887236902816,-6.938893903907228e-18,-0.058692887236902816,-6.938893903907228e-18
5,piqs_blocks,5.300000000000001,-0.060910228548420875,5.976128636937731e-36,-0.060910228548420875,5.976128636937731e-36
5,piqs_blocks,5.3500000000000005,-0.06256908216420191,1.3877787807814457e-17,-0.06256908216420191,1.3877787807814457e-17
5,piqs_blocks,5.4,-0.06362600019012489,-6.938893903907228e-18,-0.06362600019012489,-6.938893903907228e-18
5,piqs_blocks,5.45,-0.06404064688548379,6.073896021697621e-36,-0.06404064688548379,6.073896021697621e-36
5,piqs_blocks,5.5,-0.06377610608613864,-1.3877787807814457e-17,-0.06377610608613864,-1.3877787807814457e-17
5,piqs_blocks,5.550000000000001,-0.06279916162365576,-6.938893903907228e-18,-0.06279916162365576,-6.938893903907228e-18
5,piqs_blocks,5.6000000000000005,-0.061080548875276044,-2.0816681711721685e-17,-0.061080548875276044,-2.0816681711721685e-17
5,piqs_blocks,5.65,-0.05859517582998304,-1.3877787807814457e-17,-0.05859517582998304,-1.3877787807814457e-17
5,piqs_blocks,5.7,-0.05532231231561556,-2.0816681711721685e-17,-0.05532231231561556,-2.0816681711721685e-17
5,piqs_blocks,5.75,-0.05124574629877511,-2.0816681711721685e-17,-0.05124574629877511,-2.0816681711721685e-17
5,piqs_blocks,5.800000000000001,-0.046353906441067204,-2.0816681711721685e-17,-0.046353906441067204,-2.0816681711721685e-17
5,piqs_blocks,5.8500000000000005,-0.04063995036984673,-1.3877787807814457e-17,-0.04063995036984673,-1.3877787807814457e-17
5,piqs_blocks,5.9,-0.03410181839698584,-2.0816681711721685e-17,-0.03410181839698584,-2.0816681711721685e-17
5,piqs_blocks,5.95,-0.02674225269311757,-6.938893903907228e-18,-0.02674225269311757,-6.938893903907228e-18
5,piqs_blocks,6.0,-0.018568782195245853,-3.469446951953614e-17,-0.018568782195245853,-3.469446951953614e-17
5,piqs_blocks,6.050000000000001,-0.00959367379050912,-1.3877787807814457e-17,-0.00959367379050912,-1.3877787807814457e-17
5,piqs_blocks,6.1000000000000005,0.00016614942378132685,-2.0816681711721685e-17,0.00016614942378132685,-2.0816681711721685e-17
5,piqs_blocks,6.15,0.010689221755859214,6.456581557871977e-36,0.010689221755859214,6.456581557871977e-36
5,piqs_blocks,6.2,0.021949679126533395,-2.0816681711721685e-17,0.021949679126533395,-2.0816681711721685e-17
5,piqs_blocks,6.25,0.0339174323597738,-2.7755575615628914e-17,0.0339174323597738,-2.7755575615628914e-17
5,piqs_blocks,6.300000000000001,0.04655836784064441,-3.469446951953614e-17,0.04655836784064441,-3.469446951953614e-17
5,piqs_blocks,6.3500000000000005,0.05983457363237988,-2.0816681711721685e-17,0.05983457363237988,-2.0816681711721685e-17
5,piqs_blocks,6.4,0.07370458897034754,-2.0816681711721685e-17,0.07370458897034754,-2.0816681711721685e-17
5,piqs_blocks,6.45,0.08812367489585178,-6.938893903907228e-18,0.08812367489585178,-6.938893903907228e-18
5,piqs_blocks,6.5,0.1030441036584666,-3.469446951953614e-17,0.1030441036584666,-3.469446951953614e-17
5,piqs_blocks,6.550000000000001,0.11841546440283209,-3.469446951953614e-17,0.11841546440283209,-3.469446951953614e-17
5,piqs_blocks,6.6000000000000005,0.13418498256553696,-3.469446951953614e-17,0.13418498256553696,-3.469446951953614e-17
5,piqs_blocks,6.65,0.15029785034053683,-2.0816681711721685e-17,0.15029785034053683,-2.0816681711721685e-17
5,piqs_blocks,6.7,0.16669756552800513,-2.0816681711721685e-17,0.16669756552800513,-2.0816681711721685e-17
5,piqs_blocks,6.75,0.1833262760619554,-2.7755575615628914e-17,0.1833262760619554,-2.7755575615628914e-17
5,piqs_blocks,6.800000000000001,0.20012512751644912,-3.469446951953614e-17,0.20012512751644912,-3.469446951953614e-17
5,piqs_blocks,6.8500000000000005,0.2170346109186318,-6.938893903907228e-18,0.2170346109186318,-6.938893903907228e-18
5,piqs_blocks,6.9,0.2339949082488904,-3.469446951953614e-17,0.2339949082488904,-3.469446951953614e-17
5,piqs_blocks,6.95,0.25094623308347164,-2.7755575615628914e-17,0.25094623308347164,-2.7755575615628914e-17
5,piqs_blocks,7.0,0.26782916393222694,-2.0816681711721685e-17,0.26782916393222694,-2.0816681711721685e-17
5,piqs_blocks,7.050000000000001,0.28458496794264326,-3.469446951953614e-17,0.28458496794264326,-3.469446951953614e-17
5,piqs_blocks,7.1000000000000005,0.3011559127797819,-2.0816681711721685e-17,0.3011559127797819,-2.0816681711721685e-17
5,piqs_blocks,7.15,0.31748556464866856,-2.7755575615628914e-17,0.31748556464866856,-2.7755575615628914e-17
5,piqs_blocks,7.2,0.3335190705993938,-3.469446951953614e-17,0.3335190705993938,-3.469446951953614e-17
5,piqs_blocks,7.25,0.34920342344378613,-3.469446951953614e-17,0.34920342344378613,-3.469446951953614e-17
5,piqs_blocks,7.300000000000001,0.3644877078139722,-2.7755575615628914e-17,0.3644877078139722,-2.7755575615628914e-17
5,piqs_blocks,7.3500000000000005,0.3793233261051734,-3.469446951953614e-17,0.3793233261051734,-3.469446951953614e-17
5,piqs_blocks,7.4,0.3936642032653786,-2.0816681711721685e-17,0.3936642032653786,-2.0816681711721685e-17
5,piqs_blocks,7.45,0.40746696962055134,-3.469446951953614e-17,0.40746696962055134,-3.469446951953614e-17
5,piqs_blocks,7.5,0.4206911211532302,-2.7755575615628914e-17,0.4206911211532302,-2.7755575615628914e-17
5,piqs_blocks,7.550000000000001,0.4332991568821168,-2.7755575615628914e-17,0.4332991568821168,-2.7755575615628914e-17
5,piqs_blocks,7.6000000000000005,0.4452566932178627,-2.0816681711721685e-17,0.4452566932178627,-2.0816681711721685e-17
5,piqs_blocks,7.65,0.45653255539310783,-2.0816681711721685e-17,0.45653255539310783,-2.0816681711721685e-17
5,piqs_blocks,7.7,0.46709884628028037,-2.7755575615628914e-17,0.46709884628028037,-2.7755575615628914e-17
5,piqs_blocks,7.75,0.47693099311621495,-1.734723475976807e-17,0.47693099311621495,-1.734723475976807e-17
5,piqs_blocks,7.800000000000001,0.4860077728458528,-1.734723475976807e-17,0.4860077728458528,-1.734723475976807e-17
5,piqs_blocks,7.8500000000000005,0.49431131697589176,-1.734723475976807e-17,0.49431131697589176,-1.734723475976807e-17
5,piqs_blocks,7.9,0.5018270969911728,-1.734723475976807e-17,0.5018270969911728,-1.734723475976807e-17
5,piqs_blocks,7.95,0.5085438915299278,-1.734723475976807e-17,0.5085438915299278,-1.734723475976807e-17
5,piqs_blocks,8.0,0.51445373663719,-1.734723475976807e-17,0.51445373663719,-1.734723475976807e-17
5,piqs_blocks,8.05,0.5195518605172711,-2.42861286636753e-17,0.5195518605172711,-2.42861286636753e-17
5,piqs_blocks,8.1,0.5238366042852541,-1.3877787807814457e-17,0.5238366042852541,-1.3877787807814457e-17
5,piqs_blocks,8.15,0.5273093302731313,-1.0408340855860843e-17,0.5273093302731313,-1.0408340855860843e-17
5,piqs_blocks,8.200000000000001,0.5299743194781918,-8.673617379884035e-18,0.5299743194781918,-8.673617379884035e-18
5,piqs_blocks,8.25,0.5318386597494473,-1.214306433183765e-17,0.5318386597494473,-1.214306433183765e-17
5,piqs_blocks,8.3,0.5329121262925746,-8.673617379884035e-18,0.5329121262925746,-8.673617379884035e-18
5,piqs_blocks,8.35,0.5332070560357185,-8.673617379884035e-18,0.5332070560357185,-8.673617379884035e-18
5,piqs_blocks,8.4,0.5327382173385324,-5.204170427930421e-18,0.5327382173385324,-5.204170427930421e-18
5,piqs_blocks,8.450000000000001,0.5315226764463523,6.801951799595627e-36,0.5315226764463523,6.801951799595627e-36
5,piqs_blocks,8.5,0.5295796619921183,-3.469446951953614e-18,0.5295796619921183,-3.469446951953614e-18
5,piqs_blocks,8.55,0.526930428732473,3.469446951953614e-18,0.526930428732473,3.469446951953614e-18
5,piqs_blocks,8.6,0.5235981215736787,3.469446951953614e-18,0.5235981215736787,3.469446951953614e-18
5,piqs_blocks,8.65,0.5196076408000421,3.469446951953614e-18,0.5196076408000421,3.469446951953614e-18
5,piqs_blocks,8.700000000000001,0.5149855092651321,8.673617379884035e-18,0.5149855092651321,8.673617379884035e-18
5,piqs_blocks,8.75,0.5097597421470678,1.734723475976807e-18,0.5097597421470678,1.734723475976807e-18
5,piqs_blocks,8.8,0.5039597197065186,1.734723475976807e-18,0.5039597197065186,1.734723475976807e-18
5,piqs_blocks,8.85,0.49761606332285974,1.734723475976807e-18,0.49761606332285974,1.734723475976807e-18
5,piqs_blocks,8.9,0.49076051492322137,6.071532165918825e-18,0.49076051492322137,6.071532165918825e-18
5,piqs_blocks,8.950000000000001,0.48342581976405957,1.214306433183765e-17,0.48342581976405957,1.214306433183765e-17
5,piqs_blocks,9.0,0.47564561237828007,6.938893903907228e-18,0.47564561237828007,6.938893903907228e-18
5,piqs_blocks,9.05,0.4674543053657802,9.107298248878237e-18,0.4674543053657802,9.107298248878237e-18
5,piqs_blocks,9.1,0.45888698058417926,1.452830911130576e-17,0.45888698058417926,1.452830911130576e-17
5,piqs_blocks,9.15,0.44997928219194033,8.673617379884035e-19,0.44997928219194033,8.673617379884035e-19
5,piqs_blocks,9.200000000000001,0.4407673109102634,3.903127820947816e-18,0.4407673109102634,3.903127820947816e-18
5,piqs_blocks,9.25,0.43128751880487876,1.214306433183765e-17,0.43128751880487876,1.214306433183765e-17
5,piqs_blocks,9.3,0.4215766038457615,1.214306433183765e-17,0.4215766038457615,1.214306433183765e-17
5,piqs_blocks,9.35,0.41167140348294445,1.734723475976807e-17,0.41167140348294445,1.734723475976807e-17
5,piqs_blocks,9.4,0.4016087864807735,1.5612511283791264e-17,0.4016087864807735,1.5612511283791264e-17
5,piqs_blocks,9.450000000000001,0.3914255422814544,1.0408340855860843e-17,0.3914255422814544,1.0408340855860843e-17
5,piqs_blocks,9.5,0.38115826722143764,1.5612511283791264e-17,0.38115826722143764,1.5612511283791264e-17
5,piqs_blocks,9.55,0.37084324700054044,1.734723475976807e-17,0.37084324700054044,1.734723475976807e-17
5,piqs_blocks,9.600000000000001,0.3605163349026736,2.0816681711721685e-17,0.3605163349026736,2.0816681711721685e-17
5,piqs_blocks,9.65,0.3502128253871873,1.3877787807814457e-17,0.3502128253871873,1.3877787807814457e-17
5,piqs_blocks,9.700000000000001,0.3399673228093386,1.3877787807814457e-17,0.3399673228093386,1.3877787807814457e-17
5,piqs_blocks,9.75,0.32981360518490704,3.469446951953614e-17,0.32981360518490704,3.469446951953614e-17
5,piqs_blocks,9.8,0.31978448308496926,3.122502256758253e-17,0.31978448308496926,3.122502256758253e-17
5,piqs_blocks,9.850000000000001,0.30991165392933073,3.122502256758253e-17,0.30991165392933073,3.122502256758253e-17
5,piqs_blocks,9.9,0.3002255521378494,1.0408340855860843e-17,0.3002255521378494,1.0408340855860843e-17
5,piqs_blocks,9.950000000000001,0.2907551957944688,3.122502256758253e-17,0.2907551957944688,3.122502256758253e-17
5,piqs_blocks,10.0,0.28152803067552007,2.42861286636753e-17,0.28152803067552007,2.42861286636753e-17
5,piqs_blocks,10.05,0.2725697726880147,2.0816681711721685e-17,0.2725697726880147,2.0816681711721685e-17
5,piqs_blocks,10.100000000000001,0.26390424995145034,2.0816681711721685e-17,0.26390424995145034,2.0816681711721685e-17
5,piqs_blocks,10.15,0.2555532459342155,2.7755575615628914e-17,0.2555532459342155,2.7755575615628914e-17
5,piqs_blocks,10.200000000000001,0.2475363452193417,2.0816681711721685e-17,0.2475363452193417,2.0816681711721685e-17
5,piqs_blocks,10.25,0.23987078362046088,2.0816681711721685e-17,0.23987078362046088,2.0816681711721685e-17
5,piqs_blocks,10.3,0.23257130449397556,2.0816681711721685e-17,0.23257130449397556,2.0816681711721685e-17
5,piqs_blocks,10.350000000000001,0.22565002319453986,2.0816681711721685e-17,0.22565002319453986,2.0816681711721685e-17
5,piqs_blocks,10.4,0.2191163016950734,2.0816681711721685e-17,0.2191163016950734,2.0816681711721685e-17
5,piqs_blocks,10.450000000000001,0.2129766354373107,2.0816681711721685e-17,0.2129766354373107,2.0816681711721685e-17
5,piqs_blocks,10.5,0.20723455449222633,2.0816681711721685e-17,0.20723455449222633,2.0816681711721685e-17
5,piqs_blocks,10.55,0.20189054109000854,2.0816681711721685e-17,0.20189054109000854,2.0816681711721685e-17
5,piqs_blocks,10.600000000000001,0.1969419655255445,2.0816681711721685e-17,0.1969419655255445,2.0816681711721685e-17
5,piqs_blocks,10.65,0.19238304235698905,6.938893903907228e-18,0.19238304235698905,6.938893903907228e-18
5,piqs_blocks,10.700000000000001,0.18820480869202094,2.0816681711721685e-17,0.18820480869202094,2.0816681711721685e-17
5,piqs_blocks,10.75,0.1843951261992965,3.469446951953614e-17,0.1843951261992965,3.469446951953614e-17
5,piqs_blocks,10.8,0.1809387082925754,2.7755575615628914e-17,0.1809387082925754,2.7755575615628914e-17
5,piqs_blocks,10.850000000000001,0.1778171737136569,2.0816681711721685e-17,0.1778171737136569,2.0816681711721685e-17
5,piqs_blocks,10.9,0.17500912748982744,2.0816681711721685e-17,0.17500912748982744,2.0816681711721685e-17
5,piqs_blocks,10.950000000000001,0.1724902699647365,2.0816681711721685e-17,0.1724902699647365,2.0816681711721685e-17
5,piqs_blocks,11.0,0.17023353430165433,2.7755575615628914e-17,0.17023353430165433,2.7755575615628914e-17
5,piqs_blocks,11.05,0.16820925253859248,2.0816681711721685e-17,0.16820925253859248,2.0816681711721685e-17
5,piqs_blocks,11.100000000000001,0.16638534993982285,2.0816681711721685e-17,0.16638534993982285,2.0816681711721685e-17
5,piqs_blocks,11.15,0.16472756704227082,4.163336342344337e-17,0.16472756704227082,4.163336342344337e-17
5,piqs_blocks,11.200000000000001,0.16319970844274445,1.3877787807814457e-17,0.16319970844274445,1.3877787807814457e-17
5,piqs_blocks,11.25,0.16176391701785203,6.938893903907228e-18,0.16176391701785203,6.938893903907228e-18
5,piqs_blocks,11.3,0.16038097191772582,6.938893903907228e-18,0.16038097191772582,6.938893903907228e-18
5,piqs_blocks,11.350000000000001,0.1590106083323956,2.7755575615628914e-17,0.1590106083323956,2.7755575615628914e-17
5,piqs_blocks,11.4,0.1576118567008447,6.938893903907228e-18,0.1576118567008447,6.938893903907228e-18
5,piqs_blocks,11.450000000000001,0.15614339872240207,-6.938893903907228e-18,0.15614339872240207,-6.938893903907228e-18
5,piqs_blocks,11.5,0.15456393724297302,6.938893903907228e-18,0.15456393724297302,6.938893903907228e-18
5,piqs_blocks,11.55,0.15283257682915863,6.938893903907228e-18,0.15283257682915863,6.938893903907228e-18
5,piqs_blocks,11.600000000000001,0.1509092116158926,3.469446951953614e-17,0.1509092116158926,3.469446951953614e-17
5,piqs_blocks,11.65,0.1487549168215601,6.938893903907228e-18,0.1487549168215601,6.938893903907228e-18
5,piqs_blocks,11.700000000000001,0.1463323401721509,6.938893903907228e-18,0.1463323401721509,6.938893903907228e-18
5,piqs_blocks,11.75,0.1436060893656793,6.938893903907228e-18,0.1436060893656793,6.938893903907228e-18
5,piqs_blocks,11.8,0.1405431116422622,2.0816681711721685e-17,0.1405431116422622,2.0816681711721685e-17
5,piqs_blocks,11.850000000000001,0.13711306150563302,6.938893903907228e-18,0.13711306150563302,6.938893903907228e-18
5,piqs_blocks,11.9,0.13328865266962103,2.0816681711721685e-17,0.13328865266962103,2.0816681711721685e-17
5,piqs_blocks,11.950000000000001,0.12904599037876496,6.938893903907228e-18,0.12904599037876496,6.938893903907228e-18
5,piqs_blocks,12.0,0.1243648803755694,6.938893903907228e-18,0.1243648803755694,6.938893903907228e-18
5,thesis,0.0,0.5999999999999999,0.0,0.6000000000000012,0.0
5,thesis,0.05,0.5995201183997302,6.505213034913027e-19,0.5995201183997316,1.5178830414797062e-18
5,thesis,0.1,0.5980818943817607,3.903127820947816e-18,0.5980818943817621,3.0357660829594124e-18
5,thesis,0.15000000000000002,0.595689590173646,3.903127820947816e-18,0.5956895901736474,5.637851296924623e-18
5,thesis,0.2,0.5923503089822982,4.336808689942018e-18,0.5923503089822997,2.6020852139652106e-18
5,thesis,0.25,0.5880739938789716,6.071532165918825e-18,0.588073993878973,8.673617379884035e-18
5,thesis,0.30000000000000004,0.582873425532865,6.938893903907228e-18,0.5828734255328663,8.673617379884035e-18
5,thesis,0.35000000000000003,0.5767642181056356,9.540979117872439e-18,0.5767642181056369,7.806255641895632e-18
5,thesis,0.4,0.569764812447512,1.214306433183765e-17,0.5697648124475132,1.0408340855860843e-17
5,thesis,0.45,0.5618964655821791,1.214306433183765e-17,0.5618964655821805,1.214306433183765e-17
5,thesis,0.5,0.5531832353355561,1.5612511283791264e-17,0.5531832353355575,2.0816681711721685e-17
5,thesis,0.55,0.5436519588559888,1.3877787807814457e-17,0.54365195885599,1.3877787807814457e-17
5,thesis,0.6000000000000001,0.5333322236928612,1.734723475976807e-17,0.5333322236928625,1.734723475976807e-17
5,thesis,0.65,0.5222563300492803,1.734723475976807e-17,0.5222563300492816,1.734723475976807e-17
5,thesis,0.7000000000000001,0.5104592428039598,2.42861286636753e-17,0.5104592428039609,1.734723475976807e-17
5,thesis,0.75,0.4979785319087974,2.0816681711721685e-17,0.49797853190879854,1.3877787807814457e-17
5,thesis,0.8,0.48485429981245665,2.0816681711721685e-17,0.48485429981245765,2.0816681711721685e-17
5,thesis,0.8500000000000001,0.47112909463650066,1.3877787807814457e-17,0.47112909463650177,3.122502256758253e-17
5,thesis,0.9,0.456847807938702,1.0408340855860843e-17,0.456847807938703,1.734723475976807e-17
5,thesis,0.9500000000000001,0.44205755603691904,1.3877787807814457e-17,0.44205755603692,2.0816681711721685e-17
5,thesis,1.0,0.426807544034711,1.3877787807814457e-17,0.42680754403471194,1.3877787807814457e-17
5,thesis,1.05,0.41114891188444874,2.0816681711721685e-17,0.4111489118844497,1.734723475976807e-17
5,thesis,1.1,0.39513456204239733,2.0816681711721685e-17,0.3951345620423982,2.0816681711721685e-17
5,thesis,1.1500000000000001,0.3788189685099694,6.938893903907228e-18,0.37881896850997027,1.3877787807814457e-17
5,thesis,1.2000000000000002,0.36225796731256776,1.3877787807814457e-17,0.36225796731256865,1.3877787807814457e-17
5,thesis,1.25,0.3455085287383031,6.938893903907228e-18,0.34550852873830395,1.3877787807814457e-17
5,thesis,1.3,0.3286285119392586,-2.2616554585201612e-37,0.3286285119392594,1.3877787807814457e-17
5,thesis,1.35,0.31167640278355724,1.3877787807814457e-17,0.31167640278355807,2.0816681711721685e-17
5,thesis,1.4000000000000001,0.29471103613277605,-2.4312273194827373e-37,0.2947110361327767,2.7755575615628914e-17
5,thesis,1.4500000000000002,0.27779130400171875,-2.515652802300025e-37,0.2777913040017194,3.469446951953614e-17
5,thesis,1.5,0.2609758513316405,6.938893903907228e-18,0.26097585133164125,2.0816681711721685e-17
5,thesis,1.55,0.2443227613692561,6.938893903907228e-18,0.2443227613692568,2.0816681711721685e-17
5,thesis,1.6,0.22788923288792295,1.3877787807814457e-17,0.22788923288792357,1.3877787807814457e-17
5,thesis,1.6500000000000001,0.21173125171014873,2.0816681711721685e-17,0.21173125171014934,1.3877787807814457e-17
5,thesis,1.7000000000000002,0.1959032591882011,6.938893903907228e-18,0.19590325918820167,1.3877787807814457e-17
5,thesis,1.75,0.18045782046857478,-3.016629193605997e-37,0.18045782046857534,4.163336342344337e-17
5,thesis,1.8,0.16544529550329717,1.3877787807814457e-17,0.16544529550329767,1.3877787807814457e-17
5,thesis,1.85,0.15091351587384466,-3.1812967164150515e-37,0.15091351587384516,1.3877787807814457e-17
5,thesis,1.9000000000000001,0.13690747055961178,-3.2631573961948233e-37,0.13690747055961225,2.7755575615628914e-17
5,thesis,1.9500000000000002,0.12346900381074345,-3.3446917629542633e-37,0.1234690038107439,2.7755575615628914e-17
5,thesis,2.0,0.11063652827357848,-3.425891663324642e-37,0.11063652827357894,2.7755575615628914e-17
5,thesis,2.0500000000000003,0.0984447564653747,-1.3877787807814457e-17,0.0984447564653751,1.3877787807814457e-17
5,thesis,2.1,0.08692445360339955,-3.587255619467077e-37,0.08692445360339994,1.3877787807814457e-17
5,thesis,2.15,0.07610221466242091,-1.3877787807814457e-17,0.07610221466242124,2.7755575615628914e-17
5,thesis,2.2,0.06600026836526053,-1.3877787807814457e-17,0.06600026836526085,2.7755575615628914e-17
5,thesis,2.25,0.05663631060502612,-1.3877787807814457e-17,0.05663631060502645,1.3877787807814457e-17
5,thesis,2.3000000000000003,0.04802336955711037,-3.90561499898857e-37,0.04802336955711065,1.3877787807814457e-17
5,thesis,2.35,0.0401697044667102,-3.984248251677047e-37,0.04016970446671049,2.7755575615628914e-17
5,thesis,2.4000000000000004,0.0330787397965773,-4.062483082860553e-37,0.03307873979657758,1.3877787807814457e-17
5,thesis,2.45,0.026749036093499063,-4.140311669121164e-37,0.02674903609349931,2.7755575615628914e-17
5,thesis,2.5,0.02117429858447387,-4.217726227665111e-37,0.021174298584474074,1.3877787807814457e-17
5,thesis,2.5500000000000003,0.016343424148859368,-4.29471901710105e-37,0.01634342414885958,2.7755575615628914e-17
5,thesis,2.6,0.01224058693531832,-1.3877787807814457e-17,0.012240586935318508,6.938893903907228e-18
5,thesis,2.6500000000000004,0.008845362506728734,-1.3877787807814457e-17,0.008845362506728894,2.0816681711721685e-17
5,thesis,2.7,0.006132890007035308,-1.3877787807814457e-17,0.006132890007035534,6.938893903907228e-18
5,thesis,2.75,0.004074071455993346,-1.3877787807814457e-17,0.004074071455993464,6.938893903907228e-18
5,thesis,2.8000000000000003,0.002635806895590157,-1.3877787807814457e-17,0.002635806895590332,2.0816681711721685e-17
5,thesis,2.85,0.0017812637402097164,-1.3877787807814457e-17,0.0017812637402099853,-6.938893903907228e-18
5,thesis,2.9000000000000004,0.0014701783257760215,-2.7755575615628914e-17,0.0014701783257761551,2.0816681711721685e-17
5,thesis,2.95,0.001659187315412692,-1.3877787807814457e-17,0.0016591873154128585,6.938893903907228e-18
5,thesis,3.0,0.002302186304557096,-4.163336342344337e-17,0.002302186304557311,2.7755575615628914e-17
5,thesis,3.0500000000000003,0.0033507126806199498,-3.469446951953614e-17,0.003350712680620222,3.469446951953614e-17
5,thesis,3.1,0.004754349534501866,-2.7755575615628914e-17,0.0047543495345021575,2.0816681711721685e-17
5,thesis,3.1500000000000004,0.006461147196448816,-1.3877787807814457e-17,0.0064611471964489825,6.938893903907228e-18
5,thesis,3.2,0.00841805877933859,-1.3877787807814457e-17,0.008418058779338766,4.091126669349086e-36
5,thesis,3.25,0.010571385960546603,-2.0816681711721685e-17,0.010571385960546825,2.0816681711721685e-17
5,thesis,3.3000000000000003,0.012867231120588362,-2.0816681711721685e-17,0.012867231120588647,-6.938893903907228e-18
5,thesis,3.35,0.015251951883832753,-6.938893903907228e-18,0.015251951883833,2.0816681711721685e-17
5,thesis,3.4000000000000004,0.01767261407428533,-2.0816681711721685e-17,0.017672614074285532,-6.938893903907228e-18
5,thesis,3.45,0.020077439107833755,-2.0816681711721685e-17,0.02007743910783398,6.938893903907228e-18
5,thesis,3.5,0.022416241891013756,-1.3877787807814457e-17,0.02241624189101394,6.938893903907228e-18
5,thesis,3.5500000000000003,0.02464085538442515,-2.0816681711721685e-17,0.024640855384425377,6.938893903907228e-18
5,thesis,3.6,0.026705538115082816,-6.938893903907228e-18,0.02670553811508309,2.0816681711721685e-17
5,thesis,3.6500000000000004,0.028567361084489703,-3.469446951953614e-18,0.02856736108448995,-3.469446951953614e-18
5,thesis,3.7,0.03018657071593966,-6.938893903907228e-18,0.030186570715939935,4.6192537099552685e-36
5,thesis,3.75,0.031526924713028356,-6.938893903907228e-18,0.031526924713028655,6.938893903907228e-18
5,thesis,3.8000000000000003,0.03255599795876929,-6.0607577483321165e-37,0.03255599795876959,4.7195016940324886e-36
5,thesis,3.85,0.03324545586803103,-6.938893903907228e-18,0.03324545586803131,-1.0408340855860843e-17
5,thesis,3.9000000000000004,0.033571292911936834,-1.3877787807814457e-17,0.03357129291193718,6.938893903907228e-18
5,thesis,3.95,0.033514034357937636,-6.938893903907228e-18,0.033514034357937955,3.469446951953614e-18
5,thesis,4.0,0.03305889960987998,-3.469446951953614e-18,0.03305889960988034,6.938893903907228e-18
5,thesis,4.05,0.03219592588486418,-3.469446951953614e-18,0.03219592588486446,4.9617769495582486e-36
5,thesis,4.1000000000000005,0.030920051324283503,-1.734723475976807e-18,0.030920051324283826,3.469446951953614e-18
5,thesis,4.15,0.02923115700144534,1.734723475976807e-18,0.0292311570014457,6.938893903907228e-18
5,thesis,4.2,0.027134067653907055,2.6020852139652106e-18,0.027134067653907454,5.204170427930421e-18
5,thesis,4.25,0.024638511331537803,3.469446951953614e-18,0.024638511331538174,4.336808689942018e-18
5,thesis,4.3,0.021759038507864387,4.336808689942018e-18,0.021759038507864738,5.204170427930421e-18
5,thesis,4.3500000000000005,0.018514901549177034,7.806255641895632e-18,0.018514901549177384,5.204170427930421e-18
5,thesis,4.4,0.01492989577003807,1.0408340855860843e-17,0.014929895770038407,6.071532165918825e-18
5,thesis,4.45,0.011032163622353364,6.938893903907228e-18,0.011032163622353743,3.903127820947816e-18
5,thesis,4.5,0.006853963865374294,8.673617379884035e-19,0.006853963865374693,1.734723475976807e-18
5,thesis,4.55,0.0024314078434870233,8.673617379884035e-19,0.00243140784348736,-2.6020852139652106e-18
5,thesis,4.6000000000000005,-0.002195834744703338,1.5612511283791264e-17,-0.0021958347447029736,6.938893903907228e-18
5,thesis,4.65,-0.0069848579705341675,1.5612511283791264e-17,-0.00698485797053381,5.491550155423179e-36
5,thesis,4.7,-0.011889866871524237,1.5612511283791264e-17,-0.011889866871523873,8.673617379884035e-18
5,thesis,4.75,-0.016862546720328466,8.673617379884035e-18,-0.016862546720328102,5.572356442162588e-36
5,thesis,4.800000000000001,-0.02185245121733641,1.734723475976807e-17,-0.021852451217336,5.6119257453413816e-36
5,thesis,4.8500000000000005,-0.0268074063372999,1.0408340855860843e-17,-0.026807406337299444,1.3877787807814457e-17
5,thesis,4.9,-0.03167392646940084,2.42861286636753e-17,-0.031673926469400496,6.938893903907228e-18
5,thesis,4.95,-0.03639763942888939,6.938893903907228e-18,-0.03639763942888905,-1.0408340855860843e-17
5,thesis,5.0,-0.040923716886709094,2.7755575615628914e-17,-0.040923716886708754,-1.3877787807814457e-17
5,thesis,5.050000000000001,-0.045197306760998326,2.0816681711721685e-17,-0.04519730676099796,-3.469446951953614e-18
5,thesis,5.1000000000000005,-0.04916396414039484,-6.938893903907228e-18,-0.049163964140394464,-3.469446951953614e-18
5,thesis,5.15,-0.05277007736286354,3.8163916471489756e-17,-0.052770077362863155,-3.469446951953614e-18
5,thesis,5.2,-0.05596328595426536,2.0816681711721685e-17,-0.055963285954265016,5.90795690902405e-36
5,thesis,5.25,-0.05869288723690297,2.0816681711721685e-17,-0.058692887236902816,-6.938893903907228e-18
5,thesis,5.300000000000001,-0.060910228548421264,2.0816681711721685e-17,-0.060910228548420875,5.976128636937731e-36
5,thesis,5.3500000000000005,-0.06256908216420226,6.938893903907228e-18,-0.06256908216420191,1.3877787807814457e-17
5,thesis,5.4,-0.06362600019012521,3.469446951953614e-17,-0.06362600019012489,-6.938893903907228e-18
5,thesis,5.45,-0.0640406468854841,6.938893903907228e-18,-0.06404064688548379,6.073896021697621e-36
5,thesis,5.5,-0.06377610608613904,1.3877787807814457e-17,-0.06377610608613864,-1.3877787807814457e-17
5,thesis,5.550000000000001,-0.06279916162365606,-7.879871918539439e-37,-0.06279916162365576,-6.938893903907228e-18
5,thesis,5.6000000000000005,-0.061080548875276336,1.3877787807814457e-17,-0.061080548875276044,-2.0816681711721685e-17
5,thesis,5.65,-0.05859517582998337,1.3877787807814457e-17,-0.05859517582998304,-1.3877787807814457e-17
5,thesis,5.7,-0.055322312315615685,1.3877787807814457e-17,-0.05532231231561556,-2.0816681711721685e-17
5,thesis,5.75,-0.051245746298775374,1.3877787807814457e-17,-0.05124574629877511,-2.0816681711721685e-17
5,thesis,5.800000000000001,-0.046353906441067544,-8.06553720256423e-37,-0.046353906441067204,-2.0816681711721685e-17
5,thesis,5.8500000000000005,-0.04063995036984712,-8.100265072478936e-37,-0.04063995036984673,-1.3877787807814457e-17
5,thesis,5.9,-0.034101818396986144,-8.134182922636597e-37,-0.03410181839698584,-2.0816681711721685e-17
5,thesis,5.95,-0.026742252693117783,1.3877787807814457e-17,-0.02674225269311757,-6.938893903907228e-18
5,thesis,6.0,-0.0185687821952461,-6.938893903907228e-18,-0.018568782195245853,-3.469446951953614e-17
5,thesis,6.050000000000001,-0.009593673790509318,-1.3877787807814457e-17,-0.00959367379050912,-1.3877787807814457e-17
5,thesis,6.1000000000000005,0.0001661494237810944,-8.261687512646892e-37,0.00016614942378132685,-2.0816681711721685e-17
5,thesis,6.15,0.010689221755858878,-8.29150601939406e-37,0.010689221755859214,6.456581557871977e-36
5,thesis,6.2,0.02194967912653313,-6.938893903907228e-18,0.021949679126533395,-2.0816681711721685e-17
5,thesis,6.25,0.0339174323597735,-8.348652702899123e-37,0.0339174323597738,-2.7755575615628914e-17
5,thesis,6.300000000000001,0.04655836784064403,-1.3877787807814457e-17,0.04655836784064441,-3.469446951953614e-17
5,thesis,6.3500000000000005,0.05983457363237962,-6.938893903907228e-18,0.05983457363237988,-2.0816681711721685e-17
5,thesis,6.4,0.07370458897034712,-1.3877787807814457e-17,0.07370458897034754,-2.0816681711721685e-17
5,thesis,6.45,0.08812367489585138,-8.452906498391358e-37,0.08812367489585178,-6.938893903907228e-18
5,thesis,6.5,0.10304410365846627,-1.3877787807814457e-17,0.1030441036584666,-3.469446951953614e-17
5,thesis,6.550000000000001,0.11841546440283163,-1.3877787807814457e-17,0.11841546440283209,-3.469446951953614e-17
5,thesis,6.6000000000000005,0.1341849825655365,-1.3877787807814457e-17,0.13418498256553696,-3.469446951953614e-17
5,thesis,6.65,0.15029785034053622,-8.543637446676712e-37,0.15029785034053683,-2.0816681711721685e-17
5,thesis,6.7,0.16669756552800452,-1.3877787807814457e-17,0.16669756552800513,-2.0816681711721685e-17
5,thesis,6.75,0.18332627606195495,-8.58388564203804e-37,0.1833262760619554,-2.7755575615628914e-17
5,thesis,6.800000000000001,0.20012512751644856,-1.3877787807814457e-17,0.20012512751644912,-3.469446951953614e-17
5,thesis,6.8500000000000005,0.21703461091863133,-1.3877787807814457e-17,0.2170346109186318,-6.938893903907228e-18
5,thesis,6.9,0.2339949082488898,-2.0816681711721685e-17,0.2339949082488904,-3.469446951953614e-17
5,thesis,6.95,0.25094623308347097,-1.3877787807814457e-17,0.25094623308347164,-2.7755575615628914e-17
5,thesis,7.0,0.26782916393222606,-1.3877787807814457e-17,0.26782916393222694,-2.0816681711721685e-17
5,thesis,7.050000000000001,0.28458496794264265,-6.938893903907228e-18,0.28458496794264326,-3.469446951953614e-17
5,thesis,7.1000000000000005,0.30115591277978115,-1.3877787807814457e-17,0.3011559127797819,-2.0816681711721685e-17
5,thesis,7.15,0.3174855646486678,-6.938893903907228e-18,0.31748556464866856,-2.7755575615628914e-17
5,thesis,7.2,0.33351907059939273,-1.3877787807814457e-17,0.3335190705993938,-3.469446951953614e-17
5,thesis,7.25,0.34920342344378524,-2.0816681711721685e-17,0.34920342344378613,-3.469446951953614e-17
5,thesis,7.300000000000001,0.3644877078139714,-8.743515573684432e-37,0.3644877078139722,-2.7755575615628914e-17
5,thesis,7.3500000000000005,0.3793233261051724,-6.938893903907228e-18,0.3793233261051734,-3.469446951953614e-17
5,thesis,7.4,0.3936642032653777,-1.3877787807814457e-17,0.3936642032653786,-2.0816681711721685e-17
5,thesis,7.45,0.40746696962055046,-6.938893903907228e-18,0.40746696962055134,-3.469446951953614e-17
5,thesis,7.5,0.4206911211532293,-1.3877787807814457e-17,0.4206911211532302,-2.7755575615628914e-17
5,thesis,7.550000000000001,0.4332991568821159,-1.3877787807814457e-17,0.4332991568821168,-2.7755575615628914e-17
5,thesis,7.6000000000000005,0.4452566932178617,-2.0816681711721685e-17,0.4452566932178627,-2.0816681711721685e-17
5,thesis,7.65,0.4565325553931068,-3.469446951953614e-18,0.45653255539310783,-2.0816681711721685e-17
5,thesis,7.7,0.46709884628027926,-1.3877787807814457e-17,0.46709884628028037,-2.7755575615628914e-17
5,thesis,7.75,0.4769309931162139,-6.938893903907228e-18,0.47693099311621495,-1.734723475976807e-17
5,thesis,7.800000000000001,0.48600777284585167,-8.796945677589993e-37,0.4860077728458528,-1.734723475976807e-17
5,thesis,7.8500000000000005,0.49431131697589065,-6.938893903907228e-18,0.49431131697589176,-1.734723475976807e-17
5,thesis,7.9,0.5018270969911715,-1.0408340855860843e-17,0.5018270969911728,-1.734723475976807e-17
5,thesis,7.95,0.5085438915299267,6.938893903907228e-18,0.5085438915299278,-1.734723475976807e-17
5,thesis,8.0,0.5144537366371886,3.469446951953614e-18,0.51445373663719,-1.734723475976807e-17
5,thesis,8.05,0.5195518605172698,-3.469446951953614e-18,0.5195518605172711,-2.42861286636753e-17
5,thesis,8.1,0.5238366042852528,3.469446951953614e-18,0.5238366042852541,-1.3877787807814457e-17
5,thesis,8.15,0.52730933027313,3.469446951953614e-18,0.5273093302731313,-1.0408340855860843e-17
5,thesis,8.200000000000001,0.5299743194781905,5.204170427930421e-18,0.5299743194781918,-8.673617379884035e-18
5,thesis,8.25,0.531838659749446,1.734723475976807e-18,0.5318386597494473,-1.214306433183765e-17
5,thesis,8.3,0.5329121262925731,5.204170427930421e-18,0.5329121262925746,-8.673617379884035e-18
5,thesis,8.35,0.5332070560357173,8.673617379884035e-18,0.5332070560357185,-8.673617379884035e-18
5,thesis,8.4,0.532738217338531,8.673617379884035e-18,0.5327382173385324,-5.204170427930421e-18
5,thesis,8.450000000000001,0.5315226764463509,1.3877787807814457e-17,0.5315226764463523,6.801951799595627e-36
5,thesis,8.5,0.529579661992117,1.734723475976807e-17,0.5295796619921183,-3.469446951953614e-18
5,thesis,8.55,0.5269304287324715,6.938893903907228e-18,0.526930428732473,3.469446951953614e-18
5,thesis,8.6,0.5235981215736774,1.3877787807814457e-17,0.5235981215736787,3.469446951953614e-18
5,thesis,8.65,0.5196076408000407,1.3877787807814457e-17,0.5196076408000421,3.469446951953614e-18
5,thesis,8.700000000000001,0.5149855092651308,1.9081958235744878e-17,0.5149855092651321,8.673617379884035e-18
5,thesis,8.75,0.5097597421470664,2.0816681711721685e-17,0.5097597421470678,1.734723475976807e-18
5,thesis,8.8,0.5039597197065174,2.0816681711721685e-17,0.5039597197065186,1.734723475976807e-18
5,thesis,8.85,0.49761606332285857,1.214306433183765e-17,0.49761606332285974,1.734723475976807e-18
5,thesis,8.9,0.4907605149232202,1.214306433183765e-17,0.49076051492322137,6.071532165918825e-18
5,thesis,8.950000000000001,0.48342581976405835,1.6479873021779667e-17,0.48342581976405957,1.214306433183765e-17
5,thesis,9.0,0.4756456123782789,2.5153490401663703e-17,0.47564561237828007,6.938893903907228e-18
5,thesis,9.05,0.4674543053657791,2.1250362580715887e-17,0.4674543053657802,9.107298248878237e-18
5,thesis,9.1,0.45888698058417815,2.0816681711721685e-17,0.45888698058417926,1.452830911130576e-17
5,thesis,9.15,0.4499792821919391,1.6696713456276768e-17,0.44997928219194033,8.673617379884035e-19
5,thesis,9.200000000000001,0.4407673109102624,2.47198095326695e-17,0.4407673109102634,3.903127820947816e-18
5,thesis,9.25,0.43128751880487776,2.6020852139652106e-17,0.43128751880487876,1.214306433183765e-17
5,thesis,9.3,0.4215766038457603,2.0816681711721685e-17,0.4215766038457615,1.214306433183765e-17
5,thesis,9.35,0.41167140348294334,2.42861286636753e-17,0.41167140348294445,1.734723475976807e-17
5,thesis,9.4,0.4016087864807725,2.42861286636753e-17,0.4016087864807735,1.5612511283791264e-17
5,thesis,9.450000000000001,0.39142554228145326,2.42861286636753e-17,0.3914255422814544,1.0408340855860843e-17
5,thesis,9.5,0.38115826722143664,1.9081958235744878e-17,0.38115826722143764,1.5612511283791264e-17
5,thesis,9.55,0.37084324700053944,1.0408340855860843e-17,0.37084324700054044,1.734723475976807e-17
5,thesis,9.600000000000001,0.36051633490267243,2.0816681711721685e-17,0.3605163349026736,2.0816681711721685e-17
5,thesis,9.65,0.3502128253871864,1.3877787807814457e-17,0.3502128253871873,1.3877787807814457e-17
5,thesis,9.700000000000001,0.3399673228093376,1.3877787807814457e-17,0.3399673228093386,1.3877787807814457e-17
5,thesis,9.75,0.32981360518490604,2.0816681711721685e-17,0.32981360518490704,3.469446951953614e-17
5,thesis,9.8,0.3197844830849684,2.42861286636753e-17,0.31978448308496926,3.122502256758253e-17
5,thesis,9.850000000000001,0.3099116539293298,2.0816681711721685e-17,0.30991165392933073,3.122502256758253e-17
5,thesis,9.9,0.30022555213784863,1.3877787807814457e-17,0.3002255521378494,1.0408340855860843e-17
5,thesis,9.950000000000001,0.290755195794468,6.938893903907228e-18,0.2907551957944688,3.122502256758253e-17
5,thesis,10.0,0.2815280306755193,-6.938893903907228e-18,0.28152803067552007,2.42861286636753e-17
5,thesis,10.05,0.2725697726880139,6.938893903907228e-18,0.2725697726880147,2.0816681711721685e-17
5,thesis,10.100000000000001,0.2639042499514496,1.3877787807814457e-17,0.26390424995145034,2.0816681711721685e-17
5,thesis,10.15,0.25555324593421486,6.938893903907228e-18,0.2555532459342155,2.7755575615628914e-17
5,thesis,10.200000000000001,0.247536345219341,6.938893903907228e-18,0.2475363452193417,2.0816681711721685e-17
5,thesis,10.25,0.23987078362046016,-7.80653351618348e-37,0.23987078362046088,2.0816681711721685e-17
5,thesis,10.3,0.232571304493975,-7.765581190623468e-37,0.23257130449397556,2.0816681711721685e-17
5,thesis,10.350000000000001,0.22565002319453928,-1.3877787807814457e-17,0.22565002319453986,2.0816681711721685e-17
5,thesis,10.4,0.21911630169507282,6.938893903907228e-18,0.2191163016950734,2.0816681711721685e-17
5,thesis,10.450000000000001,0.21297663543731016,6.938893903907228e-18,0.2129766354373107,2.0816681711721685e-17
5,thesis,10.5,0.20723455449222558,-7.594048486196414e-37,0.20723455449222633,2.0816681711721685e-17
5,thesis,10.55,0.20189054109000815,-7.54925590116669e-37,0.20189054109000854,2.0816681711721685e-17
5,thesis,10.600000000000001,0.1969419655255441,6.938893903907228e-18,0.1969419655255445,2.0816681711721685e-17
5,thesis,10.65,0.19238304235698855,-2.7755575615628914e-17,0.19238304235698905,6.938893903907228e-18
5,thesis,10.700000000000001,0.18820480869202055,-7.4103669241687136e-37,0.18820480869202094,2.0816681711721685e-17
5,thesis,10.75,0.184395126199296,-1.3877787807814457e-17,0.1843951261992965,3.469446951953614e-17
5,thesis,10.8,0.18093870829257497,-1.3877787807814457e-17,0.1809387082925754,2.7755575615628914e-17
5,thesis,10.850000000000001,0.17781717371365668,-7.2648091171237534e-37,0.1778171737136569,2.0816681711721685e-17
5,thesis,10.9,0.17500912748982708,-2.7755575615628914e-17,0.17500912748982744,2.0816681711721685e-17
5,thesis,10.950000000000001,0.17249026996473646,-7.164130117565631e-37,0.1724902699647365,2.0816681711721685e-17
5,thesis,11.0,0.17023353430165433,-2.7755575615628914e-17,0.17023353430165433,2.7755575615628914e-17
5,thesis,11.05,0.16820925253859248,-1.3877787807814457e-17,0.16820925253859248,2.0816681711721685e-17
5,thesis,11.100000000000001,0.16638534993982257,-2.0816681711721685e-17,0.16638534993982285,2.0816681711721685e-17
5,thesis,11.15,0.16472756704227082,-6.9542168653115565e-37,0.16472756704227082,4.163336342344337e-17
5,thesis,11.200000000000001,0.1631997084427442,-6.938893903907228e-18,0.16319970844274445,1.3877787807814457e-17
5,thesis,11.25,0.16176391701785153,-6.8450665751177e-37,0.16176391701785203,6.938893903907228e-18
5,thesis,11.3,0.16038097191772566,-6.938893903907228e-18,0.16038097191772582,6.938893903907228e-18
5,thesis,11.350000000000001,0.15901060833239558,-2.7755575615628914e-17,0.1590106083323956,2.7755575615628914e-17
5,thesis,11.4,0.15761185670084413,-4.163336342344337e-17,0.1576118567008447,6.938893903907228e-18
5,thesis,11.450000000000001,0.15614339872240207,-6.618596942437244e-37,0.15614339872240207,-6.938893903907228e-18
5,thesis,11.5,0.1545639372429728,-4.163336342344337e-17,0.15456393724297302,6.938893903907228e-18
5,thesis,11.55,0.15283257682915835,-6.501368184784172e-37,0.15283257682915863,6.938893903907228e-18
5,thesis,11.600000000000001,0.15090921161589252,-2.7755575615628914e-17,0.1509092116158926,3.469446951953614e-17
5,thesis,11.65,0.14875491682156,-1.3877787807814457e-17,0.1487549168215601,6.938893903907228e-18
5,thesis,11.700000000000001,0.14633234017215105,-2.7755575615628914e-17,0.1463323401721509,6.938893903907228e-18
5,thesis,11.75,0.14360608936567903,-1.3877787807814457e-17,0.1436060893656793,6.938893903907228e-18
5,thesis,11.8,0.14054311164226208,-1.3877787807814457e-17,0.1405431116422622,2.0816681711721685e-17
5,thesis,11.850000000000001,0.1371130615056331,-6.134271889620544e-37,0.13711306150563302,6.938893903907228e-18
5,thesis,11.9,0.13328865266962076,-1.3877787807814457e-17,0.13328865266962103,2.0816681711721685e-17
5,thesis,11.950000000000001,0.12904599037876482,6.938893903907228e-18,0.12904599037876496,6.938893903907228e-18
5,thesis,12.0,0.12436488037556909,-5.942359225849788e-37,0.1243648803755694,6.938893903907228e-18
8,piqs_blocks,0.0,0.6000000000000004,0.0,0.6000000000000004,0.0
8,piqs_blocks,0.05,0.5996719296903193,-7.521652571642504e-19,0.5996719296903193,-7.521652571642504e-19
8,piqs_blocks,0.1,0.5986883751798652,-6.234162491840194e-19,0.5986883751798652,-6.234162491840194e-19
8,piqs_blocks,0.15000000000000002,0.5970513067260664,-1.029992063868488e-18,0.5970513067260664,-1.029992063868488e-18
8,piqs_blocks,0.2,0.5947640113739086,-3.0628711372811862e-18,0.5947640113739086,-3.0628711372811862e-18
8,piqs_blocks,0.25,0.5918310976839005,-4.011548038208344e-18,0.5918310976839005,-4.011548038208344e-18
8,piqs_blocks,0.30000000000000004,0.5882585019628277,-1.1926223897483285e-18,0.5882585019628277,-1.1926223897483285e-18
8,piqs_blocks,0.35000000000000003,0.5840534956169887,-3.740497495091506e-18,0.5840534956169887,-3.740497495091506e-18
8,piqs_blocks,0.4,0.5792246931504353,-4.174178364087889e-18,0.5792246931504353,-4.174178364087889e-18
8,piqs_blocks,0.45,0.5737820602420015,-8.998878031650493e-18,0.5737820602420015,-8.998878031650493e-18
8,piqs_blocks,0.5,0.5677369212563408,-5.746271514196012e-18,0.5677369212563408,-5.746271514196012e-18
8,piqs_blocks,0.55,0.5611019654773577,-1.9515639104986897e-18,0.5611019654773577,-1.9515639104986897e-18
8,piqs_blocks,0.6000000000000001,0.553891251298793,-6.830473686685308e-18,0.553891251298793,-6.830473686685308e-18
8,piqs_blocks,0.65,0.5461202075676017,-2.493664996745037e-18,0.5461202075676017,-2.493664996745037e-18
8,piqs_blocks,0.7000000000000001,0.5378056312522457,-7.914675859174196e-18,0.5378056312522457,-7.914675859174196e-18
8,piqs_blocks,0.75,0.5289656806010465,-5.963111948701809e-18,0.5289656806010465,-5.963111948701809e-18
8,piqs_blocks,0.8,0.5196198629659456,-7.264154555685812e-18,0.5196198629659456,-7.264154555685812e-18
8,piqs_blocks,0.8500000000000001,0.5097890164948434,1.951563910439708e-18,0.5097890164948434,1.951563910439708e-18
8,piqs_blocks,0.9,0.49949528494124507,-1.1275702593884578e-17,0.49949528494124507,-1.1275702593884578e-17
8,piqs_blocks,0.9500000000000001,0.4887620849030742,-7.914675859180507e-18,0.4887620849030742,-7.914675859180507e-18
8,piqs_blocks,1.0,0.47761406488273955,4.4452289071533954e-18,0.47761406488273955,4.4452289071533954e-18
8,piqs_blocks,1.05,0.4660770556570333,-1.5504091066580585e-17,0.4660770556570333,-1.5504091066580585e-17
8,piqs_blocks,1.1,0.4541780115570632,-1.0408340855899263e-17,0.4541780115570632,-1.0408340855899263e-17
8,piqs_blocks,1.1500000000000001,0.44194494238369325,-5.20417042796923e-18,0.44194494238369325,-5.20417042796923e-18
8,piqs_blocks,1.2000000000000002,0.42940683582107325,-1.0625181290396983e-17,0.42940683582107325,-1.0625181290396983e-17
8,piqs_blocks,1.25,0.4165935703576661,-1.669671345631588e-17,0.4165935703576661,-1.669671345631588e-17
8,piqs_blocks,1.3,0.40353581887832796,-1.8214596497795495e-17,0.40353581887832796,-1.8214596497795495e-17
8,piqs_blocks,1.35,0.3902649432497983,-1.5395670849332934e-17,0.3902649432497983,-1.5395670849332934e-17
8,piqs_blocks,1.4000000000000001,0.376812880382536,-4.770489558974576e-18,0.376812880382536,-4.770489558974576e-18
8,piqs_blocks,1.4500000000000002,0.36321202041116846,-2.428612866371308e-17,0.36321202041116846,-2.428612866371308e-17
8,piqs_blocks,1.5,0.34949507779073574,-2.2985086056729743e-17,0.34949507779073574,-2.2985086056729743e-17
8,piqs_blocks,1.55,0.3356949562532238,-1.0408340855897007e-17,0.3356949562532238,-1.0408340855897007e-17
8,piqs_blocks,1.6,0.3218446087054089,-1.6263032587317692e-17,0.3218446087054089,-1.6263032587317692e-17
8,piqs_blocks,1.6500000000000001,0.3079768932716861,-1.6371452804565053e-17,0.3079768932716861,-1.6371452804565053e-17
8,piqs_blocks,1.7000000000000002,0.29412442679141365,-1.908195823577748e-17,0.29412442679141365,-1.908195823577748e-17
8,piqs_blocks,1.75,0.28031943716667745,-8.673617379915168e-18,0.28031943716667745,-8.673617379915168e-18
8,piqs_blocks,1.8,0.2665936160208959,-2.0166160408259912e-17,0.2665936160208959,-2.0166160408259912e-17
8,piqs_blocks,1.85,0.25297797316935017,-1.4094628242339362e-17,0.25297797316935017,-1.4094628242339362e-17
8,piqs_blocks,1.9000000000000001,0.23950269441798017,-2.6020852139678065e-17,0.23950269441798017,-2.6020852139678065e-17
8,piqs_blocks,1.9500000000000002,0.22619700419558222,-1.3769367590589911e-17,0.22619700419558222,-1.3769367590589911e-17
8,piqs_blocks,2.0,0.21308903448636418,-2.1900883884229142e-17,0.21308903448636418,-2.1900883884229142e-17
8,piqs_blocks,2.0500000000000003,0.20020570146472003,-2.4286128663695107e-17,0.20020570146472003,-2.4286128663695107e-17
8,piqs_blocks,2.1,0.18757259114274535,-9.540979117890025e-18,0.18757259114274535,-9.540979117890025e-18
8,piqs_blocks,2.15,0.17521385522468474,-2.5478751053424645e-17,0.17521385522468474,-2.5478751053424645e-17
8,piqs_blocks,2.2,0.16315211822305564,-2.8622937353630253e-17,0.16315211822305564,-2.8622937353630253e-17
8,piqs_blocks,2.25,0.1514083967310525,-1.8214596497767013e-17,0.1514083967310525,-1.8214596497767013e-17
8,piqs_blocks,2.3000000000000003,0.14000203156797314,-2.379823768606492e-17,0.14000203156797314,-2.379823768606492e-17
8,piqs_blocks,2.35,0.1289506333222754,-1.761828530289508e-17,0.1289506333222754,-1.761828530289508e-17
8,piqs_blocks,2.4000000000000004,0.11827004161430461,-1.8051966171886804e-17,0.11827004161430461,-1.8051966171886804e-17
8,piqs_blocks,2.45,0.10797429819193016,-2.5668486433594995e-17,0.10797429819193016,-2.5668486433594995e-17
8,piqs_blocks,2.5,0.09807563376168799,-2.061339380437886e-17,0.09807563376168799,-2.061339380437886e-17
8,piqs_blocks,2.5500000000000003,0.08858446825010197,-2.0139055353914008e-17,0.08858446825010197,-2.0139055353914008e-17
8,piqs_blocks,2.6,0.07950942398920785,-2.371692252311376e-17,0.07950942398920785,-2.371692252311376e-17
8,piqs_blocks,2.6500000000000004,0.07085735113140018,-1.84991995680249e-17,0.07085735113140018,-1.84991995680249e-17
8,piqs_blocks,2.7,0.06263336442584222,-2.3120611328242048e-17,0.06263336442584222,-2.3120611328242048e-17
8,piqs_blocks,2.75,0.054840890335750084,-1.4423277025832646e-17,0.054840890335750084,-1.4423277025832646e-17
8,piqs_blocks,2.8000000000000003,0.04748172334642885,-1.9596954267659743e-17,0.04748172334642885,-1.9596954267659743e-17
8,piqs_blocks,2.85,0.04055609021097731,-2.2795350676489895e-17,0.04055609021097731,-2.2795350676489895e-17
8,piqs_blocks,2.9000000000000004,0.034062720806491545,-1.967826943059208e-17,0.034062720806491545,-1.967826943059208e-17
8,piqs_blocks,2.95,0.027998924230083287,-2.640032290000032e-17,0.027998924230083287,-2.640032290000032e-17
8,piqs_blocks,3.0,0.02236066875204243,-1.962405932196414e-17,0.02236066875204243,-1.962405932196414e-17
8,piqs_blocks,3.0500000000000003,0.017142664263211455,-2.4774019641268625e-17,0.017142664263211455,-2.4774019641268625e-17
8,piqs_blocks,3.1,0.012338445904473125,-1.2739375526677994e-17,0.012338445904473125,-1.2739375526677994e-17
8,piqs_blocks,3.1500000000000004,0.007940457646782716,-2.1304572689312077e-17,0.007940457646782716,-2.1304572689312077e-17
8,piqs_blocks,3.2,0.003940134698221888,-2.049142105994668e-17,0.003940134698221888,-2.049142105994668e-17
8,piqs_blocks,3.25,0.0003279837472030117,-2.3527187142904958e-17,0.0003279837472030117,-2.3527187142904958e-17
8,piqs_blocks,3.3000000000000003,-0.0029063397953455854,-1.7130394325239496e-17,-0.0029063397953455854,-1.7130394325239496e-17
8,piqs_blocks,3.35,-0.005773958221375979,-1.9515639104706758e-17,-0.005773958221375979,-1.9515639104706758e-17
8,piqs_blocks,3.4000000000000004,-0.008286702102358778,-2.3093506273908223e-17,-0.008286702102358778,-2.3093506273908223e-17
8,piqs_blocks,3.45,-0.010457045310590184,-1.2576745200798274e-17,-0.010457045310590184,-1.2576745200798274e-17
8,piqs_blocks,3.5,-0.012298044586236064,-2.2334564753167403e-17,-0.012298044586236064,-2.2334564753167403e-17
8,piqs_blocks,3.5500000000000003,-0.013823283561979732,-1.799775606322512e-17,-0.013823283561979732,-1.799775606322512e-17
8,piqs_blocks,3.6,-0.015046820976342128,-2.0491421059941657e-17,-0.015046820976342128,-2.0491421059941657e-17
8,piqs_blocks,3.6500000000000004,-0.01598314263940069,-9.866239769583732e-18,-0.01598314263940069,-9.866239769583732e-18
8,piqs_blocks,3.7,-0.01664711656547295,-1.7021974107988215e-17,-0.01664711656547295,-1.7021974107988215e-17
8,piqs_blocks,3.75,-0.017053950560618356,-2.222614453591892e-17,-0.017053950560618356,-2.222614453591892e-17
8,piqs_blocks,3.8000000000000003,-0.01721915145223453,-1.702197410798891e-17,-0.01721915145223453,-1.702197410798891e-17
8,piqs_blocks,3.85,-0.017158485076586388,-1.2576745200798878e-17,-0.017158485076586388,-1.2576745200798878e-17
8,piqs_blocks,3.9000000000000004,-0.016887936100032017,-1.192622389730823e-17,-0.016887936100032017,-1.192622389730823e-17
8,piqs_blocks,3.95,-0.0164236667423884,2.1684043452865475e-19,-0.0164236667423884,2.1684043452865475e-19
8,piqs_blocks,4.0,-0.01578197349680227,-2.2334564753170706e-17,-0.01578197349680227,-2.2334564753170706e-17
8,piqs_blocks,4.05,-0.014979240999248009,-1.0408340855831131e-17,-0.014979240999248009,-1.0408340855831131e-17
8,piqs_blocks,4.1000000000000005,-0.01403189229103366,-8.456776945358283e-18,-0.01403189229103366,-8.456776945358283e-18
8,piqs_blocks,4.15,-0.01295633483725376,-7.589415207371026e-18,-0.01295633483725376,-7.589415207371026e-18
8,piqs_blocks,4.2,-0.011768901809941557,-4.1199682554186356e-18,-0.011768901809941557,-4.1199682554186356e-18
8,piqs_blocks,4.25,-0.010485788312950585,-3.035766082934426e-18,-0.010485788312950585,-3.035766082934426e-18
8,piqs_blocks,4.3,-0.009122982411872742,-3.469446951929986e-18,-0.009122982411872742,-3.469446951929986e-18
8,piqs_blocks,4.3500000000000005,-0.007696191031578949,-4.336808689919804e-18,-0.007696191031578949,-4.336808689919804e-18
8,piqs_blocks,4.4,-0.0062207609908227594,-5.421010862406772e-18,-0.0062207609908227594,-5.421010862406772e-18
8,piqs_blocks,4.45,-0.004711595652085492,-8.673617379691589e-19,-0.004711595652085492,-8.673617379691589e-19
8,piqs_blocks,4.5,-0.003183067869642703,9.757819552546568e-19,-0.003183067869642703,9.757819552546568e-19
8,piqs_blocks,4.55,-0.0016489301139083513,-3.0357660829432804e-18,-0.0016489301139083513,-3.0357660829432804e-18
8,piqs_blocks,4.6000000000000005,-0.00012222282986902935,1.5178830414942439e-18,-0.00012222282986902935,1.5178830414942439e-18
8,piqs_blocks,4.65,0.0013848177534094702,-2.4936649967037337e-18,0.0013848177534094702,-2.4936649967037337e-18
8,piqs_blocks,4.7,0.002860851011421507,-9.757819552256503e-19,0.002860851011421507,-9.757819552256503e-19
8,piqs_blocks,4.75,0.004295521055955061,2.6020852139748854e-18,0.004295521055955061,2.6020852139748854e-18
8,piqs_blocks,4.800000000000001,0.005679542083591648,2.6562953225975297e-18,0.005679542083591648,2.6562953225975297e-18
8,piqs_blocks,4.8500000000000005,0.007004778378969292,1.301042606989021e-18,0.007004778378969292,1.301042606989021e-18
8,piqs_blocks,4.9,0.008264317412474128,6.017322057299346e-18,0.008264317412474128,6.017322057299346e-18
8,piqs_blocks,4.95,0.00945253451181878,6.505213034916213e-18,0.00945253451181878,6.505213034916213e-18
8,piqs_blocks,5.0,0.01056514766470371,3.903127820949406e-18,0.01056514766470371,3.903127820949406e-18
8,piqs_blocks,5.050000000000001,0.011599261124280294,5.24482800939864e-18,0.011599261124280294,5.24482800939864e-18
8,piqs_blocks,5.1000000000000005,0.012553396638355245,7.616520261709125e-18,0.012553396638355245,7.616520261709125e-18
8,piqs_blocks,5.15,0.013427511304195717,8.619407271256683e-18,0.013427511304195717,8.619407271256683e-18
8,piqs_blocks,5.2,0.014223001259607258,6.39679281765989e-18,0.014223001259607258,6.39679281765989e-18
8,piqs_blocks,5.25,0.014942690653133934,7.806255641889564e-18,0.014942690653133934,7.806255641889564e-18
8,piqs_blocks,5.300000000000001,0.015590805586620425,8.782037597125067e-18,0.015590805586620425,8.782037597125067e-18
8,piqs_blocks,5.3500000000000005,0.01617293298635984,8.809142651435784e-18,0.01617293298635984,8.809142651435784e-18
8,piqs_blocks,5.4,0.016695964628669374,1.0774259089064371e-17,0.016695964628669374,1.0774259089064371e-17
8,piqs_blocks,5.45,0.0171680268158226,7.88757080482036e-18,0.0171680268158226,7.88757080482036e-18
8,piqs_blocks,5.5,0.017598396462645893,9.005654295194716e-18,0.017598396462645893,9.005654295194716e-18
8,piqs_blocks,5.550000000000001,0.017997404606675708,7.101524229765765e-18,0.017997404606675708,7.101524229765765e-18
8,piqs_blocks,5.6000000000000005,0.01837632858976807,9.269928574735526e-18,0.01837632858976807,9.269928574735526e-18
8,piqs_blocks,5.65,0.018747274371058286,1.3010426069809308e-17,0.018747274371058286,1.3010426069809308e-17
8,piqs_blocks,5.7,0.019123050615324648,9.703609443727352e-18,0.019123050615324648,9.703609443727352e-18
8,piqs_blocks,5.75,0.019517036352919414,1.2902005852558464e-17,0.019517036352919414,1.2902005852558464e-17
8,piqs_blocks,5.800000000000001,0.01994304412403592,1.913616834434903e-17,0.01994304412403592,1.913616834434903e-17
8,piqs_blocks,5.8500000000000005,0.020415180598576325,1.3444106938799091e-17,0.020415180598576325,1.3444106938799091e-17
8,piqs_blocks,5.9,0.020947706701539393,1.886511780122562e-17,0.020947706701539393,1.886511780122562e-17
8,piqs_blocks,5.95,0.021554899271856866,1.4528309111282658e-17,0.021554899271856866,1.4528309111282658e-17
8,piqs_blocks,6.0,0.022250916240113373,1.2251484549062201e-17,0.022250916240113373,1.2251484549062201e-17
8,piqs_blocks,6.050000000000001,0.02304966722863742,2.5587171270633065e-17,0.02304966722863742,2.5587171270633065e-17
8,piqs_blocks,6.1000000000000005,0.023964691358000875,1.8756697583973598e-17,0.023964691358000875,1.8756697583973598e-17
8,piqs_blocks,6.15,0.02500904388979425,1.43114686767823e-17,0.02500904388979425,1.43114686767823e-17
8,piqs_blocks,6.2,0.02619519315019166,2.00577401909548e-17,0.02619519315019166,2.00577401909548e-17
8,piqs_blocks,6.25,0.027534928966497958,1.4203048459532467e-17,0.027534928966497958,1.4203048459532467e-17
8,piqs_blocks,6.300000000000001,0.029039283614339943,1.5937771935508732e-17,0.029039283614339943,1.5937771935508732e-17
8,piqs_blocks,6.3500000000000005,0.030718466021648832,1.821459649772782e-17,0.030718466021648832,1.821459649772782e-17
8,piqs_blocks,6.4,0.03258180971260106,2.1955093992802406e-17,0.03258180971260106,2.1955093992802406e-17
8,piqs_blocks,6.45,0.03463773470595511,1.3728710009068315e-17,0.03463773470595511,1.3728710009068315e-17
8,piqs_blocks,6.5,0.03689372331351247,1.9461428996085173e-17,0.03689372331351247,1.9461428996085173e-17
8,piqs_blocks,6.550000000000001,0.03935630952141592,1.5883561826882842e-17,0.03935630952141592,1.5883561826882842e-17
8,piqs_blocks,6.6000000000000005,0.04203108138515978,2.0599841277194703e-17,0.04203108138515978,2.0599841277194703e-17
8,piqs_blocks,6.65,0.04492269563367123,1.2034644114559226e-17,0.04492269563367123,1.2034644114559226e-17
8,piqs_blocks,6.7,0.048034903463326735,1.7021974107992646e-17,0.048034903463326735,1.7021974107992646e-17
8,piqs_blocks,6.75,0.05137058631348386,2.6454533008616726e-17,0.05137058631348386,2.6454533008616726e-17
8,piqs_blocks,6.800000000000001,0.05493180025457007,2.125036258068659e-17,0.05493180025457007,2.125036258068659e-17
8,piqs_blocks,6.8500000000000005,0.05871982749086292,1.4094628242282653e-17,0.05871982749086292,1.4094628242282653e-17
8,piqs_blocks,6.9,0.06273523338494627,7.806255641867214e-18,0.06273523338494627,7.806255641867214e-18
8,piqs_blocks,6.95,0.06697792735080216,1.843143693222575e-17,0.06697792735080216,1.843143693222575e-17
8,piqs_blocks,7.0,0.07144722593819987,1.3010426069798924e-17,0.07144722593819987,1.3010426069798924e-17
8,piqs_blocks,7.050000000000001,0.07614191644227193,1.8431436932227247e-17,0.07614191644227193,1.8431436932227247e-17
8,piqs_blocks,7.1000000000000005,0.08106031941798926,1.7672495411488303e-17,0.08106031941798926,1.7672495411488303e-17
8,piqs_blocks,7.15,0.08620034855801649,2.2334564753176986e-17,0.08620034855801649,2.2334564753176986e-17
8,piqs_blocks,7.2,0.0915595665018043,9.974659986843354e-18,0.0915595665018043,9.974659986843354e-18
8,piqs_blocks,7.25,0.09713523528086536,1.8214596497734414e-17,0.09713523528086536,1.8214596497734414e-17
8,piqs_blocks,7.300000000000001,0.10292436026652826,1.7347234759747336e-17,0.10292436026652826,1.7347234759747336e-17
8,piqs_blocks,7.3500000000000005,0.10892372666819891,1.2630955309436821e-17,0.10892372666819891,1.2630955309436821e-17
8,piqs_blocks,7.4,0.11512992782807756,9.622294280791075e-18,0.11512992782807756,9.622294280791075e-18
8,piqs_blocks,7.45,0.12153938476789916,1.455541416560174e-17,0.12153938476789916,1.455541416560174e-17
8,piqs_blocks,7.5,0.12814835666000818,9.7781483430892e-18,0.12814835666000818,9.7781483430892e-18
8,piqs_blocks,7.550000000000001,0.13495294211427855,1.3552527156056165e-17,0.13495294211427855,1.3552527156056165e-17
8,piqs_blocks,7.6000000000000005,0.14194907138946175,1.1194387430902074e-17,0.14194907138946175,1.1194387430902074e-17
8,piqs_blocks,7.65,0.14913248984805916,1.463672932854551e-17,0.14913248984805916,1.463672932854551e-17
8,piqs_blocks,7.7,0.1564987331735447,1.1546753136963849e-17,0.1564987331735447,1.1546753136963849e-17
8,piqs_blocks,7.75,0.1640430950538588,1.4853569763046727e-17,0.1640430950538588,1.4853569763046727e-17
8,piqs_blocks,7.800000000000001,0.1717605882020431,1.181780368008946e-17,0.1717605882020431,1.181780368008946e-17
8,piqs_blocks,7.8500000000000005,0.17964589973066314,1.729302465114345e-17,0.17964589973066314,1.729302465114345e-17
8,piqs_blocks,7.9,0.18769334201875224,2.0599841277226473e-17,0.18769334201875224,2.0599841277226473e-17
8,piqs_blocks,7.95,0.1958968003064145,2.0111950299610258e-17,0.1958968003064145,2.0111950299610258e-17
8,piqs_blocks,8.0,0.20424967832154073,1.0028870095497347e-17,0.20424967832154073,1.0028870095497347e-17
8,piqs_blocks,8.05,0.2127448432845033,-4.0657581467333797e-19,0.2127448432845033,-4.0657581467333797e-19
8,piqs_blocks,8.1,0.22137457164995958,4.553649124450139e-18,0.22137457164995958,4.553649124450139e-18
8,piqs_blocks,8.15,0.23013049693037219,1.4961989980313267e-17,0.23013049693037219,1.4961989980313267e-17
8,piqs_blocks,8.200000000000001,0.23900356090441927,1.1304501714071463e-17,0.23900356090441927,1.1304501714071463e-17
8,piqs_blocks,8.25,0.24798396944660342,8.40256683694071e-19,0.24798396944660342,8.40256683694071e-19
8,piqs_blocks,8.3,0.25706115412391983,9.459663954956025e-18,0.25706115412391983,9.459663954956025e-18
8,piqs_blocks,8.35,0.26622374059381093,1.2847795743975365e-17,0.26622374059381093,1.2847795743975365e-17
8,piqs_blocks,8.4,0.27545952470752916,1.187201378874049e-17,0.27545952470752916,1.187201378874049e-17
8,piqs_blocks,8.450000000000001,0.28475545707744976,9.269928574777283e-18,0.28475545707744976,9.269928574777283e-18
8,piqs_blocks,8.5,0.29409763670915373,1.8431436932281716e-17,0.29409763670915373,1.8431436932281716e-17
8,piqs_blocks,8.55,0.30347131413263545,2.3852447794980722e-18,0.30347131413263545,2.3852447794980722e-18
8,piqs_blocks,8.6,0.31286090429534313,5.1499603193378276e-18,0.31286090429534313,5.1499603193378276e-18
8,piqs_blocks,8.65,0.322250009306513,9.432558900657173e-18,0.322250009306513,9.432558900657173e-18
8,piqs_blocks,8.700000000000001,0.33162145095088524,4.282598581352506e-18,0.33162145095088524,4.282598581352506e-18
8,piqs_blocks,8.75,0.3409573127238349,3.496552006301861e-18,0.3409573127238349,3.496552006301861e-18
8,piqs_blocks,8.8,0.3502389909823793,9.893344823967542e-18,0.3502389909823793,9.893344823967542e-18
8,piqs_blocks,8.85,0.35944725466042166,1.1072414686546582e-17,0.35944725466042166,1.1072414686546582e-17
8,piqs_blocks,8.9,0.3685623128646069,3.184843882068814e-19,0.3685623128646069,3.184843882068814e-19
8,piqs_blocks,8.950000000000001,0.37756388955159337,-9.893344823530257e-19,0.37756388955159337,-9.893344823530257e-19
8,piqs_blocks,9.0,0.3864313043903205,-1.1113072267570818e-18,0.3864313043903205,-1.1113072267570818e-18
8,piqs_blocks,9.05,0.3951435588354417,2.222614453636232e-18,0.3951435588354417,2.222614453636232e-18
8,piqs_blocks,9.1,0.403679426381556,-5.6920614055077404e-18,0.403679426381556,-5.6920614055077404e-18
8,piqs_blocks,9.15,0.41201754593280704,1.2468324983624484e-17,0.41201754593280704,1.2468324983624484e-17
8,piqs_blocks,9.200000000000001,0.42013651720891826,3.957337929613116e-18,0.42013651720891826,3.957337929613116e-18
8,piqs_blocks,9.25,0.42801499711651775,8.239936510930512e-18,0.42801499711651775,8.239936510930512e-18
8,piqs_blocks,9.3,0.43563179604287017,-2.1684043449308632e-18,0.43563179604287017,-2.1684043449308632e-18
8,piqs_blocks,9.35,0.44296597307671265,4.228388472732893e-18,0.44296597307671265,4.228388472732893e-18
8,piqs_blocks,9.4,0.4499969292262269,-3.903127820909297e-18,0.4499969292262269,-3.903127820909297e-18
8,piqs_blocks,9.450000000000001,0.4567044977853356,1.3010426070200333e-18,0.4567044977853356,1.3010426070200333e-18
8,piqs_blocks,9.5,0.46306903109432357,3.686287386486872e-18,0.46306903109432357,3.686287386486872e-18
8,piqs_blocks,9.55,0.4690714830467456,4.33680869028911e-19,0.4690714830467456,4.33680869028911e-19
8,piqs_blocks,9.600000000000001,0.4746934868090965,-1.5178830414466164e-18,0.4746934868090965,-1.5178830414466164e-18
8,piqs_blocks,9.65,0.4799174273399782,-6.179952383136069e-18,0.4799174273399782,-6.179952383136069e-18
8,piqs_blocks,9.700000000000001,0.4847265084186563,-4.8789097761554065e-18,0.4847265084186563,-4.8789097761554065e-18
8,piqs_blocks,9.75,0.4891048140161027,-6.613633252134306e-18,0.4891048140161027,-6.613633252134306e-18
8,piqs_blocks,9.8,0.49303736396205416,-5.6378512968995844e-18,0.49303736396205416,-5.6378512968995844e-18
8,piqs_blocks,9.850000000000001,0.4965101639765654,-5.149960319283473e-18,0.4965101639765654,-5.149960319283473e-18
8,piqs_blocks,9.9,0.49951025024148266,-2.331034670823647e-18,0.49951025024148266,-2.331034670823647e-18
8,piqs_blocks,9.950000000000001,0.5020257287838609,-9.269928574733469e-18,0.5020257287838609,-9.269928574733469e-18
8,piqs_blocks,10.0,0.50404581002754,-5.258380536539796e-18,0.50404581002754,-5.258380536539796e-18
8,piqs_blocks,10.05,0.5055608389391437,-6.4713317170107305e-18,0.5055608389391437,-6.4713317170107305e-18
8,piqs_blocks,10.100000000000001,0.5065623212492006,-5.50232602535466e-18,0.5065623212492006,-5.50232602535466e-18
8,piqs_blocks,10.15,0.5070429462669002,-3.4694469519472448e-18,0.5070429462669002,-3.4694469519472448e-18
8,piqs_blocks,10.200000000000001,0.5069966068274764,-6.1257422745396796e-18,0.5069966068274764,-6.1257422745396796e-18
8,piqs_blocks,10.25,0.5064184169140785,-6.125742274542656e-18,0.5064184169140785,-6.125742274542656e-18
8,piqs_blocks,10.3,0.5053047274813688,-7.264154555655427e-18,0.5053047274813688,-7.264154555655427e-18
8,piqs_blocks,10.350000000000001,0.5036531409764602,-9.757819552375076e-18,0.5036531409764602,-9.757819552375076e-18
8,piqs_blocks,10.4,0.5014625250050746,-8.239936510898343e-18,0.5014625250050746,-8.239936510898343e-18
8,piqs_blocks,10.450000000000001,0.4987330255281823,-6.938893903918678e-18,0.4987330255281823,-6.938893903918678e-18
8,piqs_blocks,10.5,0.4954660798984595,-5.800481622811792e-18,0.4954660798984595,-5.800481622811792e-18
8,piqs_blocks,10.55,0.49166442995852694,-1.0299920638629467e-17,0.49166442995852694,-1.0299920638629467e-17
8,piqs_blocks,10.600000000000001,0.48733213532624087,-3.469446951973543e-18,0.48733213532624087,-3.469446951973543e-18
8,piqs_blocks,10.65,0.48247458688862127,-6.1799523831899664e-18,0.48247458688862127,-6.1799523831899664e-18
8,piqs_blocks,10.700000000000001,0.4770985204178358,-5.095750210707017e-18,0.4770985204178358,-5.095750210707017e-18
8,piqs_blocks,10.75,0.4712120301126251,-4.716279450339528e-18,0.4712120301126251,-4.716279450339528e-18
8,piqs_blocks,10.8,0.4648245817593223,-4.580754178781144e-18,0.4648245817593223,-4.580754178781144e-18
8,piqs_blocks,10.850000000000001,0.4579470251009047,-1.2454772456459281e-17,0.4579470251009047,-1.2454772456459281e-17
8,piqs_blocks,10.9,0.45059160490291816,-1.0171171630663692e-17,0.45059160490291816,-1.0171171630663692e-17
8,piqs_blocks,10.950000000000001,0.44277197011422575,-1.3166280132156736e-17,0.44277197011422575,-1.3166280132156736e-17
8,piqs_blocks,11.0,0.4345031804407197,-9.568084172222129e-18,0.4345031804407197,-9.568084172222129e-18
8,piqs_blocks,11.05,0.42580170958358754,-1.0598076236084834e-17,0.42580170958358754,-1.0598076236084834e-17
8,piqs_blocks,11.100000000000001,0.4166854443424488,-2.043721095139207e-17,0.4166854443424488,-2.043721095139207e-17
8,piqs_blocks,11.15,0.4071736787492826,-5.095750210723268e-18,0.4071736787492826,-5.095750210723268e-18
8,piqs_blocks,11.200000000000001,0.3972871023829706,-6.396792817706754e-18,0.3972871023829706,-6.396792817706754e-18
8,piqs_blocks,11.25,0.3870477820174609,-1.4799359654470085e-17,0.3870477820174609,-1.4799359654470085e-17
8,piqs_blocks,11.3,0.3764791357796567,-9.432558900667297e-18,0.3764791357796567,-9.432558900667297e-18
8,piqs_blocks,11.350000000000001,0.36560589903644775,-1.1438332919765727e-17,0.36560589903644775,-1.1438332919765727e-17
8,piqs_blocks,11.4,0.35445408129361233,-1.5178830415233952e-18,0.35445408129361233,-1.5178830415233952e-18
8,piqs_blocks,11.450000000000001,0.34305091347216926,-9.97465998691015e-18,0.34305091347216926,-9.97465998691015e-18
8,piqs_blocks,11.5,0.33142478502915534,-3.2526065178876963e-19,0.33142478502915534,-3.2526065178876963e-19
8,piqs_blocks,11.55,0.3196051705084155,-5.312590645221492e-18,0.3196051705084155,-5.312590645221492e-18
8,piqs_blocks,11.600000000000001,0.3076225452412004,-2.059984127764178e-18,0.3076225452412004,-2.059984127764178e-18
8,piqs_blocks,11.65,0.2955082900640245,-5.312590645219693e-18,0.2955082900640245,-5.312590645219693e-18
8,piqs_blocks,11.700000000000001,0.283294585080118,-7.264154555692414e-18,0.283294585080118,-7.264154555692414e-18
8,piqs_blocks,11.75,0.2710142926582051,-1.7997756063297535e-17,0.2710142926582051,-1.7997756063297535e-17
8,piqs_blocks,11.8,0.2587008300354423,-1.008308020415181e-17,0.2587008300354423,-1.008308020415181e-17
8,piqs_blocks,11.850000000000001,0.24638803206715892,-1.2793585635363866e-17,0.24638803206715892,-1.2793585635363866e-17
8,piqs_blocks,11.9,0.23411000484131714,-5.854691731454779e-18,0.23411000484131714,-5.854691731454779e-18
8,piqs_blocks,11.950000000000001,0.2219009710472128,-1.1600963245625956e-17,0.2219009710472128,-1.1600963245625956e-17
8,piqs_blocks,12.0,0.209795108152561,-5.637851296953555e-18,0.209795108152561,-5.637851296953555e-18
8,thesis,0.0,0.5999999999999998,0.0,0.6000000000000004,0.0
8,thesis,0.05,0.5996719296903186,6.572975670670621e-19,0.5996719296903193,-7.521652571642504e-19
8,thesis,0.1,0.5986883751798644,1.3010426069780725e-18,0.5986883751798652,-6.234162491840194e-19
8,thesis,0.15000000000000002,0.5970513067260658,7.047314121088211e-19,0.5970513067260664,-1.029992063868488e-18
8,thesis,0.2,0.5947640113739079,5.692061405459604e-19,0.5947640113739086,-3.0628711372811862e-18
8,thesis,0.25,0.5918310976838999,3.2526065174454785e-18,0.5918310976839005,-4.011548038208344e-18
8,thesis,0.30000000000000004,0.5882585019628268,9.215718465996215e-19,0.5882585019628277,-1.1926223897483285e-18
8,thesis,0.35000000000000003,0.5840534956169879,-3.252606517606329e-19,0.5840534956169887,-3.740497495091506e-18
8,thesis,0.4,0.5792246931504345,5.421010860748174e-20,0.5792246931504353,-4.174178364087889e-18
8,thesis,0.45,0.5737820602420006,1.1926223897155752e-18,0.5737820602420015,-8.998878031650493e-18
8,thesis,0.5,0.56773692125634,-3.1441863002279894e-18,0.5677369212563408,-5.746271514196012e-18
8,thesis,0.55,0.5611019654773568,2.6020852139437874e-18,0.5611019654773577,-1.9515639104986897e-18
8,thesis,0.6000000000000001,0.5538912512987921,-1.3010426070052674e-18,0.553891251298793,-6.830473686685308e-18
8,thesis,0.65,0.546120207567601,1.1926223897103243e-18,0.5461202075676017,-2.493664996745037e-18
8,thesis,0.7000000000000001,0.5378056312522451,3.577867169177541e-18,0.5378056312522457,-7.914675859174196e-18
8,thesis,0.75,0.5289656806010458,7.91467585911885e-18,0.5289656806010465,-5.963111948701809e-18
8,thesis,0.8,0.519619862965945,-3.3610267347309197e-18,0.5196198629659456,-7.264154555685812e-18
8,thesis,0.8500000000000001,0.5097890164948428,9.32413868334915e-18,0.5097890164948434,1.951563910439708e-18
8,thesis,0.9,0.49949528494124434,6.179952383141046e-18,0.49949528494124507,-1.1275702593884578e-17
8,thesis,0.9500000000000001,0.4887620849030734,3.686287386424438e-18,0.4887620849030742,-7.914675859180507e-18
8,thesis,1.0,0.4776140648827389,6.28837260038989e-18,0.47761406488273955,4.4452289071533954e-18
8,thesis,1.05,0.4660770556570326,2.9273458656852563e-18,0.4660770556570333,-1.5504091066580585e-17
8,thesis,1.1,0.45417801155706244,1.2576745200806857e-17,0.4541780115570632,-1.0408340855899263e-17
8,thesis,1.1500000000000001,0.44194494238369253,4.336808689917814e-18,0.44194494238369325,-5.20417042796923e-18
8,thesis,1.2000000000000002,0.42940683582107264,-2.1684043452034445e-19,0.42940683582107325,-1.0625181290396983e-17
8,thesis,1.25,0.41659357035766537,8.673617379662794e-19,0.4165935703576661,-1.669671345631588e-17
8,thesis,1.3,0.4035358188783273,9.974659986845788e-18,0.40353581887832796,-1.8214596497795495e-17
8,thesis,1.35,0.3902649432497977,5.20417042791098e-18,0.3902649432497983,-1.5395670849332934e-17
8,thesis,1.4000000000000001,0.3768128803825354,1.9515639104721176e-17,0.376812880382536,-4.770489558974576e-18
8,thesis,1.4500000000000002,0.3632120204111678,1.5178830414634562e-18,0.36321202041116846,-2.428612866371308e-17
8,thesis,1.5,0.34949507779073513,1.0842021724840546e-17,0.34949507779073574,-2.2985086056729743e-17
8,thesis,1.55,0.3356949562532232,3.903127820935157e-18,0.3356949562532238,-1.0408340855897007e-17
8,thesis,1.6,0.32184460870540826,2.8189256484515564e-18,0.3218446087054089,-1.6263032587317692e-17
8,thesis,1.6500000000000001,0.30797689327168554,1.1600963245586103e-17,0.3079768932716861,-1.6371452804565053e-17
8,thesis,1.7000000000000002,0.29412442679141315,5.529431079669272e-18,0.29412442679141365,-1.908195823577748e-17
8,thesis,1.75,0.28031943716667695,1.0842021724807198e-18,0.28031943716667745,-8.673617379915168e-18
8,thesis,1.8,0.2665936160208953,9.432558900621123e-18,0.2665936160208959,-2.0166160408259912e-17
8,thesis,1.85,0.25297797316934967,9.757819552368776e-18,0.25297797316935017,-1.4094628242339362e-17
8,thesis,1.9000000000000001,0.23950269441797967,-3.3610267347038566e-18,0.23950269441798017,-2.6020852139678065e-17
8,thesis,1.9500000000000002,0.22619700419558175,1.2251484549089334e-17,0.22619700419558222,-1.3769367590589911e-17
8,thesis,2.0,0.21308903448636374,1.6805133673530314e-17,0.21308903448636418,-2.1900883884229142e-17
8,thesis,2.0500000000000003,0.2002057014647196,5.746271514179951e-18,0.20020570146472003,-2.4286128663695107e-17
8,thesis,2.1,0.18757259114274497,1.3227266504331622e-17,0.18757259114274535,-9.540979117890025e-18
8,thesis,2.15,0.17521385522468438,1.691355389078392e-17,0.17521385522468474,-2.5478751053424645e-17
8,thesis,2.2,0.16315211822305534,4.553649124450634e-18,0.16315211822305564,-2.8622937353630253e-17
8,thesis,2.25,0.15140839673105222,8.998878031642535e-18,0.1514083967310525,-1.8214596497767013e-17
8,thesis,2.3000000000000003,0.1400020315679729,1.4311468676822698e-17,0.14000203156797314,-2.379823768606492e-17
8,thesis,2.35,0.12895063332227522,1.6425662913170473e-17,0.1289506333222754,-1.761828530289508e-17
8,thesis,2.4000000000000004,0.1182700416143044,1.6696713456292737e-17,0.11827004161430461,-1.8051966171886804e-17
8,thesis,2.45,0.10797429819193002,1.4907779871692375e-17,0.10797429819193016,-2.5668486433594995e-17
8,thesis,2.5,0.09807563376168782,6.942282035713488e-18,0.09807563376168799,-2.061339380437886e-17
8,thesis,2.5500000000000003,0.08858446825010181,1.9746032066409873e-17,0.08858446825010197,-2.0139055353914008e-17
8,thesis,2.6,0.07950942398920774,1.6723818510606735e-17,0.07950942398920785,-2.371692252311376e-17
8,thesis,2.6500000000000004,0.07085735113140011,2.1263915107889825e-17,0.07085735113140018,-1.84991995680249e-17
8,thesis,2.7,0.06263336442584218,1.9779913384300155e-17,0.06263336442584222,-2.3120611328242048e-17
8,thesis,2.75,0.05484089033575004,1.933945625172762e-17,0.054840890335750084,-1.4423277025832646e-17
8,thesis,2.8000000000000003,0.047481723346428875,1.9190378453010395e-17,0.04748172334642885,-1.9596954267659743e-17
8,thesis,2.85,0.040556090210977364,2.360850230588821e-17,0.04055609021097731,-2.2795350676489895e-17
8,thesis,2.9000000000000004,0.034062720806491635,2.0626946331552302e-17,0.034062720806491545,-1.967826943059208e-17
8,thesis,2.95,0.02799892423008337,1.588356182692731e-17,0.027998924230083287,-2.640032290000032e-17
8,thesis,3.0,0.022360668752042498,1.5016200088937872e-17,0.02236066875204243,-1.962405932196414e-17
8,thesis,3.0500000000000003,0.017142664263211524,2.4719809532681984e-17,0.017142664263211455,-2.4774019641268625e-17
8,thesis,3.1,0.01233844590447327,1.3281476612958655e-17,0.012338445904473125,-1.2739375526677994e-17
8,thesis,3.1500000000000004,0.007940457646782924,2.5695591487916334e-17,0.007940457646782716,-2.1304572689312077e-17
8,thesis,3.2,0.003940134698222145,2.5153490401672162e-17,0.003940134698221888,-2.049142105994668e-17
8,thesis,3.25,0.00032798374720322335,1.8539857149509102e-17,0.0003279837472030117,-2.3527187142904958e-17
8,thesis,3.3000000000000003,-0.002906339795345346,3.2092384305576385e-17,-0.0029063397953455854,-1.7130394325239496e-17
8,thesis,3.35,-0.005773958221375667,2.309350627394514e-17,-0.005773958221375979,-1.9515639104706758e-17
8,thesis,3.4000000000000004,-0.008286702102358493,3.230922474007037e-17,-0.008286702102358778,-2.3093506273908223e-17
8,thesis,3.45,-0.010457045310589816,3.404394821604561e-17,-0.010457045310590184,-1.2576745200798274e-17
8,thesis,3.5,-0.012298044586235672,1.084202172485428e-17,-0.012298044586236064,-2.2334564753167403e-17
8,thesis,3.5500000000000003,-0.013823283561979358,2.482822974991579e-17,-0.013823283561979732,-1.799775606322512e-17
8,thesis,3.6,-0.015046820976341677,2.970713952609911e-17,-0.015046820976342128,-2.0491421059941657e-17
8,thesis,3.6500000000000004,-0.015983142639400254,2.298508605668761e-17,-0.01598314263940069,-9.866239769583732e-18
8,thesis,3.7,-0.01664711656547243,2.5912431922397183e-17,-0.01664711656547295,-1.7021974107988215e-17
8,thesis,3.75,-0.017053950560617908,1.6479873021772102e-17,-0.017053950560618356,-2.222614453591892e-17
8,thesis,3.8000000000000003,-0.01721915145223404,1.593777193552827e-17,-0.01721915145223453,-1.702197410798891e-17
8,thesis,3.85,-0.017158485076585926,2.3635607360174395e-17,-0.017158485076586388,-1.2576745200798878e-17
8,thesis,3.9000000000000004,-0.01688793610003153,2.9707139526092394e-17,-0.016887936100032017,-1.192622389730823e-17
8,thesis,3.95,-0.01642366674238788,2.9273458657097514e-17,-0.0164236667423884,2.1684043452865475e-19
8,thesis,4.0,-0.015781973496801736,1.8648277366739037e-17,-0.01578197349680227,-2.2334564753170706e-17
8,thesis,4.05,-0.014979240999247481,2.1250362580703875e-17,-0.014979240999248009,-1.0408340855831131e-17
8,thesis,4.1000000000000005,-0.014031892291033129,2.2768245622183372e-17,-0.01403189229103366,-8.456776945358283e-18
8,thesis,4.15,-0.012956334837253235,1.5612511283778996e-17,-0.01295633483725376,-7.589415207371026e-18
8,thesis,4.2,-0.011768901809941074,1.8214596497744324e-17,-0.011768901809941557,-4.1199682554186356e-18
8,thesis,4.25,-0.010485788312950033,1.9949319973721415e-17,-0.010485788312950585,-3.035766082934426e-18
8,thesis,4.3,-0.009122982411872312,1.8648277366739256e-17,-0.009122982411872742,-3.469446951929986e-18
8,thesis,4.3500000000000005,-0.007696191031578502,2.1900883884196377e-17,-0.007696191031578949,-4.336808689919804e-18
8,thesis,4.4,-0.006220760990822267,2.0383000842717435e-17,-0.0062207609908227594,-5.421010862406772e-18
8,thesis,4.45,-0.0047115956520849996,1.8973538018487188e-17,-0.004711595652085492,-8.673617379691589e-19
8,thesis,4.5,-0.0031830678696422483,1.3986208025054915e-17,-0.003183067869642703,9.757819552546568e-19
8,thesis,4.55,-0.0016489301139078864,1.1926223897333634e-17,-0.0016489301139083513,-3.0357660829432804e-18
8,thesis,4.6000000000000005,-0.00012222282986865465,1.8106176280502303e-17,-0.00012222282986902935,1.5178830414942439e-18
8,thesis,4.65,0.0013848177534098484,1.6263032587278348e-17,0.0013848177534094702,-2.4936649967037337e-18
8,thesis,4.7,0.0028608510114218715,1.5829351718285638e-17,0.002860851011421507,-9.757819552256503e-19
8,thesis,4.75,0.00429552105595537,1.45283091113046e-17,0.004295521055955061,2.6020852139748854e-18
8,thesis,4.800000000000001,0.005679542083591949,1.3986208025063476e-17,0.005679542083591648,2.6562953225975297e-18
8,thesis,4.8500000000000005,0.007004778378969566,1.5233040523423482e-17,0.007004778378969292,1.301042606989021e-18
8,thesis,4.9,0.008264317412474326,1.0083080204119035e-17,0.008264317412474128,6.017322057299346e-18
8,thesis,4.95,0.009452534511818992,1.1438332919727626e-17,0.00945253451181878,6.505213034916213e-18
8,thesis,5.0,0.010565147664703862,1.1397675338261122e-17,0.01056514766470371,3.903127820949406e-18
8,thesis,5.050000000000001,0.011599261124280391,8.91756286870221e-18,0.011599261124280294,5.24482800939864e-18
8,thesis,5.1000000000000005,0.012553396638355335,8.375461782461094e-18,0.012553396638355245,7.616520261709125e-18
8,thesis,5.15,0.013427511304195755,1.0191500421375889e-17,0.013427511304195717,8.619407271256683e-18
8,thesis,5.2,0.014223001259607241,5.366800753816892e-18,0.014223001259607258,6.39679281765989e-18
8,thesis,5.25,0.01494269065313391,7.535205098789306e-18,0.014942690653133934,7.806255641889564e-18
8,thesis,5.300000000000001,0.015590805586620345,9.48676900941161e-19,0.015590805586620425,8.782037597125067e-18
8,thesis,5.3500000000000005,0.01617293298635969,5.990217002999929e-18,0.01617293298635984,8.809142651435784e-18
8,thesis,5.4,0.016695964628669197,3.577867169220715e-18,0.016695964628669374,1.0774259089064371e-17
8,thesis,5.45,0.017168026815822374,1.3518645838372987e-18,0.0171680268158226,7.88757080482036e-18
8,thesis,5.5,0.017598396462645563,8.944667923207006e-19,0.017598396462645893,9.005654295194716e-18
8,thesis,5.550000000000001,0.017997404606675406,-2.0328790733896097e-18,0.017997404606675708,7.101524229765765e-18
8,thesis,5.6000000000000005,0.01837632858976778,2.8189256484833978e-18,0.01837632858976807,9.269928574735526e-18
8,thesis,5.65,0.018747274371057908,-1.4094628242098808e-18,0.018747274371058286,1.3010426069809308e-17
8,thesis,5.7,0.01912305061532421,5.149960319327422e-18,0.019123050615324648,9.703609443727352e-18
8,thesis,5.75,0.019517036352918904,3.794707603910074e-19,0.019517036352919414,1.2902005852558464e-17
8,thesis,5.800000000000001,0.01994304412403536,6.505213035119929e-19,0.01994304412403592,1.913616834434903e-17
8,thesis,5.8500000000000005,0.020415180598575722,-4.11996825542481e-18,0.020415180598576325,1.3444106938799091e-17
8,thesis,5.9,0.02094770670153879,-8.890457814361805e-18,0.020947706701539393,1.886511780122562e-17
8,thesis,5.95,0.02155489927185615,-6.830473686640312e-18,0.021554899271856866,1.4528309111282658e-17
8,thesis,6.0,0.022250916240112665,-9.64939933510377e-18,0.022250916240113373,1.2251484549062201e-17
8,thesis,6.050000000000001,0.023049667228636703,-2.8189256484464153e-18,0.02304966722863742,2.5587171270633065e-17
8,thesis,6.1000000000000005,0.023964691358000185,-3.577867169187759e-18,0.023964691358000875,1.8756697583973598e-17
8,thesis,6.15,0.025009043889793373,-3.9031278209350524e-18,0.02500904388979425,1.43114686767823e-17
8,thesis,6.2,0.026195193150190872,-1.788933584599985e-17,0.02619519315019166,2.00577401909548e-17
8,thesis,6.25,0.02753492896649714,-1.1817803680082945e-17,0.027534928966497958,1.4203048459532467e-17
8,thesis,6.300000000000001,0.029039283614339072,-9.432558900616872e-18,0.029039283614339943,1.5937771935508732e-17
8,thesis,6.3500000000000005,0.03071846602164795,-1.2251484549081319e-17,0.030718466021648832,1.821459649772782e-17
8,thesis,6.4,0.03258180971260006,-2.157562323245888e-17,0.03258180971260106,2.1955093992802406e-17
8,thesis,6.45,0.0346377347059542,-3.2119489359879336e-18,0.03463773470595511,1.3728710009068315e-17
8,thesis,6.5,0.03689372331351157,-8.510987054013176e-18,0.03689372331351247,1.9461428996085173e-17
8,thesis,6.550000000000001,0.03935630952141498,-1.1058862159356478e-17,0.03935630952141592,1.5883561826882842e-17
8,thesis,6.6000000000000005,0.04203108138515887,-1.5612511283797975e-17,0.04203108138515978,2.0599841277194703e-17
8,thesis,6.65,0.04492269563367025,-1.74556549770257e-17,0.04492269563367123,1.2034644114559226e-17
8,thesis,6.7,0.04803490346332576,-1.5178830414808488e-17,0.048034903463326735,1.7021974107992646e-17
8,thesis,6.75,0.05137058631348283,-1.8648277366764398e-17,0.05137058631348386,2.6454533008616726e-17
8,thesis,6.800000000000001,0.05493180025456908,-1.4745149545818816e-17,0.05493180025457007,2.125036258068659e-17
8,thesis,6.8500000000000005,0.0587198274908619,-2.059984127724269e-17,0.05871982749086292,1.4094628242282653e-17
8,thesis,6.9,0.06273523338494526,-1.3444106938840414e-17,0.06273523338494627,7.806255641867214e-18
8,thesis,6.95,0.06697792735080108,-8.239936510911925e-18,0.06697792735080216,1.843143693222575e-17
8,thesis,7.0,0.07144722593819879,-1.3227266504347048e-17,0.07144722593819987,1.3010426069798924e-17
8,thesis,7.050000000000001,0.07614191644227088,-1.9949319973758827e-17,0.07614191644227193,1.8431436932227247e-17
8,thesis,7.1000000000000005,0.08106031941798825,-1.7130394325298013e-17,0.08106031941798926,1.7672495411488303e-17
8,thesis,7.15,0.08620034855801549,-1.0842021724883406e-17,0.08620034855801649,2.2334564753176986e-17
8,thesis,7.2,0.09155956650180329,-2.179246366698814e-17,0.0915595665018043,9.974659986843354e-18
8,thesis,7.25,0.09713523528086436,-5.312590645209417e-18,0.09713523528086536,1.8214596497734414e-17
8,thesis,7.300000000000001,0.10292436026652724,-1.3769367590597094e-17,0.10292436026652826,1.7347234759747336e-17
8,thesis,7.3500000000000005,0.10892372666819798,-2.2388774861857387e-17,0.10892372666819891,1.2630955309436821e-17
8,thesis,7.4,0.11512992782807664,-2.2388774861857714e-17,0.11512992782807756,9.622294280791075e-18
8,thesis,7.45,0.12153938476789829,-1.626303258731472e-17,0.12153938476789916,1.455541416560174e-17
8,thesis,7.5,0.12814835666000737,-1.9969648764499426e-17,0.12814835666000818,9.7781483430892e-18
8,thesis,7.550000000000001,0.13495294211427772,-1.653408313043566e-17,0.13495294211427855,1.3552527156056165e-17
8,thesis,7.6000000000000005,0.14194907138946095,-1.9190378453024607e-17,0.14194907138946175,1.1194387430902074e-17
8,thesis,7.65,0.1491324898480585,-1.111307226800685e-17,0.14913248984805916,1.463672932854551e-17
8,thesis,7.7,0.1564987331735439,-1.6588293239057695e-17,0.1564987331735447,1.1546753136963849e-17
8,thesis,7.75,0.16404309505385806,-1.3335686721600026e-17,0.1640430950538588,1.4853569763046727e-17
8,thesis,7.800000000000001,0.1717605882020425,-9.432558900650865e-18,0.1717605882020431,1.181780368008946e-17
8,thesis,7.8500000000000005,0.17964589973066244,-1.3118846287100058e-17,0.17964589973066314,1.729302465114345e-17
8,thesis,7.9,0.18769334201875157,-1.7889335846248414e-18,0.18769334201875224,2.0599841277226473e-17
8,thesis,7.95,0.19589680030641385,-2.0328790734125114e-17,0.1958968003064145,2.0111950299610258e-17
8,thesis,8.0,0.20424967832154015,-8.131516293661197e-18,0.20424967832154073,1.0028870095497347e-17
8,thesis,8.05,0.21274484328450272,-9.5951892265145e-18,0.2127448432845033,-4.0657581467333797e-19
8,thesis,8.1,0.22137457164995905,-1.8959985491355805e-17,0.22137457164995958,4.553649124450139e-18
8,thesis,8.15,0.23013049693037166,-1.550409106655592e-17,0.23013049693037219,1.4961989980313267e-17
8,thesis,8.200000000000001,0.23900356090441882,-2.040671776526139e-17,0.23900356090441927,1.1304501714071463e-17
8,thesis,8.25,0.247983969446603,-1.576158908251632e-17,0.24798396944660342,8.40256683694071e-19
8,thesis,8.3,0.25706115412391944,-2.184667377558868e-17,0.25706115412391983,9.459663954956025e-18
8,thesis,8.35,0.26622374059381043,-7.562310153089592e-18,0.26622374059381093,1.2847795743975365e-17
8,thesis,8.4,0.2754595247075287,-1.0462550964485739e-17,0.27545952470752916,1.187201378874049e-17
8,thesis,8.450000000000001,0.2847554570774493,-1.4799359654425182e-17,0.28475545707744976,9.269928574777283e-18
8,thesis,8.5,0.2940976367091533,-1.2956215961197273e-17,0.29409763670915373,1.8431436932281716e-17
8,thesis,8.55,0.3034713141326351,-5.800481622790429e-18,0.30347131413263545,2.3852447794980722e-18
8,thesis,8.6,0.3128609042953428,-1.0191500421354261e-17,0.31286090429534313,5.1499603193378276e-18
8,thesis,8.65,0.3222500093065127,-1.6263032587270697e-17,0.322250009306513,9.432558900657173e-18
8,thesis,8.700000000000001,0.331621450950885,-2.1684043449695917e-17,0.33162145095088524,4.282598581352506e-18
8,thesis,8.75,0.3409573127238347,-7.616520261694298e-18,0.3409573127238349,3.496552006301861e-18
8,thesis,8.8,0.3502389909823791,-3.4206578541899207e-17,0.3502389909823793,9.893344823967542e-18
8,thesis,8.85,0.3594472546604214,-3.0879433125082355e-17,0.35944725466042166,1.1072414686546582e-17
8,thesis,8.9,0.3685623128646066,-1.735401102332387e-17,0.3685623128646069,3.184843882068814e-19
8,thesis,8.950000000000001,0.3775638895515931,-7.413232354345727e-18,0.37756388955159337,-9.893344823530257e-19
8,thesis,9.0,0.38643130439032036,-1.0706496453268932e-17,0.3864313043903205,-1.1113072267570818e-18
8,thesis,9.05,0.3951435588354416,-1.3877787807787688e-17,0.3951435588354417,2.222614453636232e-18
8,thesis,9.1,0.4036794263815557,-1.5016200088896293e-17,0.403679426381556,-5.6920614055077404e-18
8,thesis,9.15,0.4120175459328069,-4.282598581288807e-18,0.41201754593280704,1.2468324983624484e-17
8,thesis,9.200000000000001,0.42013651720891815,-1.5233040523391592e-17,0.42013651720891826,3.957337929613116e-18
8,thesis,9.25,0.42801499711651747,-2.3744027577402176e-17,0.42801499711651775,8.239936510930512e-18
8,thesis,9.3,0.43563179604286995,-1.1058862159321337e-17,0.43563179604287017,-2.1684043449308632e-18
8,thesis,9.35,0.44296597307671237,-1.3877787807783398e-17,0.44296597307671265,4.228388472732893e-18
8,thesis,9.4,0.44999692922622664,-1.1167282376569573e-17,0.4499969292262269,-3.903127820909297e-18
8,thesis,9.450000000000001,0.45670449778533556,-1.3118846287043604e-17,0.4567044977853356,1.3010426070200333e-18
8,thesis,9.5,0.46306903109432324,-1.16009632455642e-17,0.46306903109432357,3.686287386486872e-18
8,thesis,9.55,0.4690714830467454,-1.0408340855830624e-17,0.4690714830467456,4.33680869028911e-19
8,thesis,9.600000000000001,0.4746934868090963,-2.168404344968052e-17,0.4746934868090965,-1.5178830414466164e-18
8,thesis,9.65,0.4799174273399779,-1.5937771935508156e-17,0.4799174273399782,-6.179952383136069e-18
8,thesis,9.700000000000001,0.48472650841865594,-2.135878279793665e-17,0.4847265084186563,-4.8789097761554065e-18
8,thesis,9.75,0.48910481401610234,-1.2576745200805175e-17,0.4891048140161027,-6.613633252134306e-18
8,thesis,9.8,0.4930373639620538,-1.604619215276004e-17,0.49303736396205416,-5.6378512968995844e-18
8,thesis,9.850000000000001,0.496510163976565,-1.404041813366323e-17,0.4965101639765654,-5.149960319283473e-18
8,thesis,9.9,0.49951025024148227,-1.490777987165313e-17,0.49951025024148266,-2.331034670823647e-18
8,thesis,9.950000000000001,0.5020257287838604,-1.6534083130382982e-17,0.5020257287838609,-9.269928574733469e-18
8,thesis,10.0,0.5040458100275398,-1.5666721392396264e-17,0.50404581002754,-5.258380536539796e-18
8,thesis,10.05,0.5055608389391436,-1.141800412897046e-17,0.5055608389391437,-6.4713317170107305e-18
8,thesis,10.100000000000001,0.5065623212492003,-1.406752318798374e-17,0.5065623212492006,-5.50232602535466e-18
8,thesis,10.15,0.5070429462668997,-1.355252715605501e-17,0.5070429462669002,-3.4694469519472448e-18
8,thesis,10.200000000000001,0.5069966068274759,-1.3715157481929758e-17,0.5069966068274764,-6.1257422745396796e-18
8,thesis,10.25,0.5064184169140781,-1.4203048459550183e-17,0.5064184169140785,-6.125742274542656e-18
8,thesis,10.3,0.5053047274813685,-1.3444106938812291e-17,0.5053047274813688,-7.264154555655427e-18
8,thesis,10.350000000000001,0.5036531409764596,-1.073360150760049e-17,0.5036531409764602,-9.757819552375076e-18
8,thesis,10.4,0.501462525005074,-1.398620802505895e-17,0.5014625250050746,-8.239936510898343e-18
8,thesis,10.450000000000001,0.49873302552818166,-1.2143064331835511e-17,0.4987330255281823,-6.938893903918678e-18
8,thesis,10.5,0.4954660798984589,-1.4419888894056953e-17,0.4954660798984595,-5.800481622811792e-18
8,thesis,10.55,0.49166442995852633,-1.3660947373318934e-17,0.49166442995852694,-1.0299920638629467e-17
8,thesis,10.600000000000001,0.48733213532624026,-1.2739375526708028e-17,0.48733213532624087,-3.469446951973543e-18
8,thesis,10.65,0.48247458688862066,-1.0083080204120245e-17,0.48247458688862127,-6.1799523831899664e-18
8,thesis,10.700000000000001,0.4770985204178351,-8.782037597139263e-18,0.4770985204178358,-5.095750210707017e-18
8,thesis,10.75,0.47121203011262436,-6.96599895822758e-18,0.4712120301126251,-4.716279450339528e-18
8,thesis,10.8,0.4648245817593216,-8.538092108332999e-18,0.4648245817593223,-4.580754178781144e-18
8,thesis,10.850000000000001,0.457947025100904,-8.00954354924765e-18,0.4579470251009047,-1.2454772456459281e-17
8,thesis,10.9,0.4505916049029175,-1.847209451373399e-17,0.45059160490291816,-1.0171171630663692e-17
8,thesis,10.950000000000001,0.4427719701142251,-9.92722614183372e-18,0.44277197011422575,-1.3166280132156736e-17
8,thesis,11.0,0.434503180440719,-1.6005534571331573e-17,0.4345031804407197,-9.568084172222129e-18
8,thesis,11.05,0.4258017095835869,-4.878909776336595e-19,0.42580170958358754,-1.0598076236084834e-17
8,thesis,11.100000000000001,0.4166854443424481,-8.700722434212103e-18,0.4166854443424488,-2.043721095139207e-17
8,thesis,11.15,0.40717367874928184,-1.1872013788732824e-17,0.4071736787492826,-5.095750210723268e-18
8,thesis,11.200000000000001,0.39728710238297005,-1.2576745200848898e-17,0.3972871023829706,-6.396792817706754e-18
8,thesis,11.25,0.3870477820174602,-1.1329912702490941e-17,0.3870477820174609,-1.4799359654470085e-17
8,thesis,11.3,0.376479135779656,-7.318364664294824e-18,0.3764791357796567,-9.432558900667297e-18
8,thesis,11.350000000000001,0.36560589903644714,-5.2041704279482184e-18,0.36560589903644775,-1.1438332919765727e-17
8,thesis,11.4,0.3544540812936116,-8.9988780316475e-18,0.35445408129361233,-1.5178830415233952e-18
8,thesis,11.450000000000001,0.34305091347216854,-4.770489558953935e-18,0.34305091347216926,-9.97465998691015e-18
8,thesis,11.5,0.33142478502915457,-6.93889390392474e-18,0.33142478502915534,-3.2526065178876963e-19
8,thesis,11.55,0.31960517050841486,-8.565197162652694e-18,0.3196051705084155,-5.312590645221492e-18
8,thesis,11.600000000000001,0.30762254524119964,2.7105054311969485e-18,0.3076225452412004,-2.059984127764178e-18
8,thesis,11.65,0.29550829006402385,-5.746271514189505e-18,0.2955082900640245,-5.312590645219693e-18
8,thesis,11.700000000000001,0.28329458508011734,-3.3610267347208363e-18,0.283294585080118,-7.264154555692414e-18
8,thesis,11.75,0.2710142926582045,-8.782037597147731e-18,0.2710142926582051,-1.7997756063297535e-17
8,thesis,11.8,0.2587008300354417,1.1926223897195992e-18,0.2587008300354423,-1.008308020415181e-17
8,thesis,11.850000000000001,0.24638803206715826,-1.1926223897477721e-18,0.24638803206715892,-1.2793585635363866e-17
8,thesis,11.9,0.2341100048413166,-1.7347234759897447e-18,0.23411000484131714,-5.854691731454779e-18
8,thesis,11.950000000000001,0.22190097104721224,4.119968255432788e-18,0.2219009710472128,-1.1600963245625956e-17
8,thesis,12.0,0.20979510815256058,8.782037597121292e-18,0.209795108152561,-5.637851296953555e-18
12,thesis,0.0,0.5999999999999996,0.0,0.6000000000000006,0.0
12,thesis,0.05,0.5997708598587633,3.2695471763990484e-19,0.5997708598587645,7.250602028496508e-19
12,thesis,0.1,0.5990837578125521,1.2298918394127345e-18,0.5990837578125532,1.3992984288640435e-18
12,thesis,0.15000000000000002,0.5979396495333114,-2.066760391308122e-19,0.5979396495333121,2.6393546636443093e-18
12,thesis,0.2,0.596340129586931,3.320369153226714e-19,0.596340129586932,3.5575383784679405e-18
12,thesis,0.25,0.5942874340364452,1.382357769917755e-18,0.5942874340364461,2.744386749103783e-18
12,thesis,0.30000000000000004,0.5917844439558583,4.269046054146581e-19,0.5917844439558592,3.0967524551615425e-18
12,thesis,0.35000000000000003,0.588834689726027,3.659182332121063e-19,0.5888346897260278,5.92245436720186e-18
12,thesis,0.4,0.5854423559502548,2.331034670841845e-18,0.5854423559502557,4.038653092508268e-18
12,thesis,0.45,0.5816122867956895,3.1170812458936027e-18,0.5816122867956903,5.759824041328978e-18
12,thesis,0.5,0.57734999153773,6.8846837952805026e-18,0.5773499915377309,6.356135236195979e-18
12,thesis,0.55,0.5726616500588966,2.547875105338263e-18,0.5726616500588975,5.48877349820755e-18
12,thesis,0.6000000000000001,0.5675541180314384,9.10729824887535e-18,0.5675541180314392,1.100465205072753e-17
12,thesis,0.65,0.5620349314947549,4.377466271407127e-18,0.5620349314947557,4.485886488658409e-18
12,thesis,0.7000000000000001,0.5561123105248743,3.279711571765353e-18,0.5561123105248751,1.2414114874958636e-17
12,thesis,0.75,0.5497951616840894,8.83624770575337e-18,0.5497951616840902,9.432558900623479e-18
12,thesis,0.8,0.5430930789347124,1.7076184216609937e-18,0.5430930789347134,1.4663834382866016e-17
12,thesis,0.8500000000000001,0.5360163427019732,5.1228552649901566e-18,0.536016342701974,1.1384122811097344e-17
12,thesis,0.9,0.5285759167775422,2.0057740190941653e-18,0.528575916777543,8.863352760068527e-18
12,thesis,0.9500000000000001,0.5207834427670939,8.267041565197796e-18,0.5207834427670948,1.4419888894056722e-17
12,thesis,1.0,0.5126512318027222,3.957337929567769e-18,0.512651231802723,1.479935965442663e-17
12,thesis,1.05,0.5041922532638322,2.3310346708393756e-18,0.504192253263833,1.1926223897340028e-17
12,thesis,1.1,0.4954201202781363,7.20994444702402e-18,0.4954201202781371,8.104411239328611e-18
12,thesis,1.1500000000000001,0.4863490718073361,6.152847328850538e-18,0.48634907180733694,2.382534274036841e-17
12,thesis,1.2000000000000002,0.47699395115956184,5.63785129691982e-18,0.47699395115956256,1.862117231243798e-17
12,thesis,1.25,0.4673701808122088,4.336808689937121e-18,0.4673701808122096,1.9380113833177825e-17
12,thesis,1.3,0.45749373347385824,9.5680841721796e-18,0.4574937334738591,1.6696713456276192e-17
12,thesis,1.35,0.44738109936184245,3.361026734700018e-18,0.4473810993618433,1.750986508564031e-17
12,thesis,1.4000000000000001,0.4370492497219542,8.619407271254657e-18,0.4370492497219549,1.9678269430611317e-17
12,thesis,1.4500000000000002,0.42651559666798927,1.48806748173584e-17,0.42651559666799005,1.848564704087726e-17
12,thesis,1.5,0.41579794947038895,3.117081245890645e-18,0.4157979494703896,1.002887009549032e-17
12,thesis,1.55,0.40491446747429455,1.1384122811092597e-17,0.40491446747429527,1.9027748127120002e-17
12,thesis,1.6,0.3938836098769384,1.1844908734398927e-17,0.39388360987693916,1.8621172312437938e-17
12,thesis,1.6500000000000001,0.38272408264154073,9.405453846306545e-18,0.3827240826415414,2.531612072753593e-17
12,thesis,1.7000000000000002,0.3714547828688918,1.788933584595893e-18,0.3714547828688925,2.7891100887189004e-17
12,thesis,1.75,0.36009474098772454,9.134403303185213e-18,0.3600947409877252,2.3364556817062026e-17
12,thesis,1.8,0.3486630611600655,1.0245710529982895e-17,0.34866306116006623,2.680689871470351e-17
12,thesis,1.85,0.33717886032732475,3.7404974950699205e-18,0.3371788603273253,1.8865117801247195e-17
12,thesis,1.9000000000000001,0.32566120634637197,9.595189226491707e-18,0.3256612063463726,1.4961989980299385e-17
12,thesis,1.9500000000000002,0.3141290556818366,6.179952383162443e-18,0.31412905568183713,1.6967763999397574e-17
12,thesis,2.0,0.30260119113103323,1.1790698625775014e-17,0.30260119113103373,1.577514160966353e-17
12,thesis,2.0500000000000003,0.2910961600611356,3.7676025493823786e-18,0.29109616006113614,3.220080452281893e-17
12,thesis,2.1,0.27963221363447127,1.843143693220716e-18,0.2796322136344719,2.084378676603328e-17
12,thesis,2.15,0.26822724748725296,8.402566836717419e-19,0.2682272474872535,2.133167774365177e-17
12,thesis,2.2,0.25689874430998777,1.534146074066549e-17,0.2568987443099882,1.1546753136970103e-17
12,thesis,2.25,0.24566371875464138,6.640738306469455e-18,0.24566371875464188,1.853985714950162e-17
12,thesis,2.3000000000000003,0.2345386650649285,1.927169361592573e-17,0.23453866506492896,2.2036409155767385e-17
12,thesis,2.35,0.22353950779251633,9.920449878238407e-18,0.22353950779251677,1.6398557858842777e-17
12,thesis,2.4000000000000004,0.21268155592419105,1.5368565794978232e-17,0.2126815559241915,1.62630325872821e-17
12,thesis,2.45,0.20197946070396205,1.688644883645811e-17,0.20197946070396247,2.2442984970449495e-17
12,thesis,2.5,0.19144717739049275,1.2956215961198333e-17,0.19144717739049313,1.531435568635732e-17
12,thesis,2.5500000000000003,0.18109793114501604,4.824699667557235e-18,0.1810979311450164,2.816215143031056e-17
12,thesis,2.6,0.1709441871988519,1.7238814542516454e-17,0.1709441871988523,1.8106176280507527e-17
12,thesis,2.6500000000000004,0.1609976254036147,1.7076184216643826e-17,0.16099762540361506,2.0437210951351373e-17
12,thesis,2.7,0.1512691192219426,4.4452289071879e-18,0.15126911922194294,3.6862873864503476e-18
12,thesis,2.75,0.14176871917279088,1.3281476612944969e-17,0.1417687191727912,1.9109063290056664e-17
12,thesis,2.8000000000000003,0.13250564070362925,5.421010862425273e-18,0.13250564070362952,2.6373217845709563e-17
12,thesis,2.85,0.12348825642278223,7.995991022078561e-18,0.12348825642278254,1.2820690689640773e-17
12,thesis,2.9000000000000004,0.11472409258908997,9.622294280807035e-18,0.1147240925890902,2.8975303059674804e-17
12,thesis,2.95,0.10621982972336481,1.002887009548932e-17,0.10621982972336505,2.1087732254842778e-17
12,thesis,3.0,0.09798130717701246,3.604972223512928e-18,0.09798130717701264,1.864827736675041e-17
12,thesis,3.0500000000000003,0.09001353146781582,5.990217002981261e-18,0.09001353146781604,2.5587171270657655e-17
12,thesis,3.1,0.08232068817130418,1.5314355686356823e-17,0.08232068817130436,1.2630955309455896e-17
12,thesis,3.1500000000000004,0.07490615713833126,1.0110185258426623e-17,0.07490615713833143,2.149430806952491e-17
12,thesis,3.2,0.06777253079540001,-1.021860547567636e-17,0.06777253079540019,1.1682278408531112e-17
12,thesis,3.25,0.06092163527375528,1.0543866127421269e-17,0.06092163527375543,1.989510986510882e-17
12,thesis,3.3000000000000003,0.05435455410618257,6.7762635780343634e-18,0.0543545541061827,1.0869126779167016e-17
12,thesis,3.35,0.048071654226591445,8.48388199969925e-18,0.048071654226591584,8.971772977317397e-18
12,thesis,3.4000000000000004,0.0420726140066406,1.3606737264693474e-17,0.042072614006640696,2.024747557116666e-17
12,thesis,3.45,0.03635645306565772,8.944667923006014e-18,0.03635645306565783,1.2075301696057184e-17
12,thesis,3.5,0.030921563594706245,1.2536087619364454e-17,0.030921563594706304,2.0179712935386343e-17
12,thesis,3.5500000000000003,0.0257657429426386,9.256376047596006e-18,0.02576574294263864,1.4094628242311465e-17
12,thesis,3.6,0.020886227221130624,4.4181238528796385e-18,0.020886227221130666,5.759824041329164e-18
12,thesis,3.6500000000000004,0.01627972569679221,1.462317680139964e-17,0.01627972569679222,7.128629284092128e-18
12,thesis,3.7,0.011942455751269973,9.385125055579232e-18,0.011942455751269987,1.0388012065126689e-17
12,thesis,3.75,0.007870178204553706,-9.461358020812887e-19,0.007870178204553711,7.849454322205564e-18
12,thesis,3.8000000000000003,0.0040582328122168165,1.1038533368619979e-17,0.004058232812216789,1.2149840595415661e-17
12,thesis,3.85,0.0005015737637813476,1.8797355165469535e-17,0.0005015737637812582,2.1643385868241873e-17
12,thesis,3.9000000000000004,-0.0028051949735038713,3.042542346539706e-18,-0.0028051949735039224,3.0310226984547883e-17
12,thesis,3.95,-0.005867784603772909,-5.84791546784128e-18,-0.005867784603773012,1.2099018618580441e-17
12,thesis,4.0,-0.008692186865485677,4.472333961505256e-18,-0.008692186865485747,1.6913553890773897e-17
12,thesis,4.05,-0.011284639912215106,-9.283481101880298e-19,-0.011284639912215205,8.139986623113863e-18
12,thesis,4.1000000000000005,-0.013651594799189495,1.0695961481015688e-17,-0.013651594799189603,-3.06535929655406e-18
12,thesis,4.15,-0.015799682648623713,-3.474529149634217e-18,-0.015799682648623838,7.367492575217968e-18
12,thesis,4.2,-0.01773568255363398,-1.7889335845980524e-18,-0.01773568255363414,1.2508982565051581e-17
12,thesis,4.25,-0.01946649026929701,1.7076184216677957e-18,-0.019466490269297178,-3.889575293791662e-18
12,thesis,4.3,-0.02099908773053971,1.6588293239031432e-17,-0.0209990877305399,4.878909776184868e-18
12,thesis,4.3500000000000005,-0.02234051343031628,-3.923456611678629e-18,-0.022340513430316473,1.0977546996415843e-17
12,thesis,4.4,-0.023497833688162658,3.4491181612228706e-18,-0.023497833688162863,5.895349312890052e-18
12,thesis,4.45,-0.02447811483884929,2.656295322592904e-18,-0.024478114838849506,-1.3145951341385395e-18
12,thesis,4.5,-0.02528839637350513,-3.7811550765397285e-18,-0.02528839637350532,7.386127300057645e-18
12,thesis,4.55,-0.025935665071174924,-2.425902360932809e-18,-0.02593566507117518,-3.4016843161731122e-18
12,thesis,4.6000000000000005,-0.02642683016708902,2.9951085014947428e-18,-0.026426830167089296,3.0493186101156515e-18
12,thesis,4.65,-0.026768699614634194,-4.716279450308387e-18,-0.026768699614634472,3.0628711372717338e-18
12,thesis,4.7,-0.02696795751066818,1.0923336887795027e-17,-0.02696795751066842,-1.2197274440461729e-17
12,thesis,4.75,-0.027031142767840174,4.906014830500479e-18,-0.027031142767840494,-2.6291902682771376e-18
12,thesis,4.800000000000001,-0.026964629132309518,9.48676900928381e-19,-0.026964629132309816,1.2441219929271387e-17
12,thesis,4.8500000000000005,-0.02677460665993722,1.2224379494777612e-17,-0.026774606659937562,-6.776263578032023e-19
12,thesis,4.9,-0.02646706477786829,8.375461782454047e-18,-0.026467064777868615,-2.168404344970756e-18
12,thesis,4.95,-0.026047777070585306,-5.0686451563662396e-18,-0.02604777707058564,-7.291259609964752e-18
12,thesis,5.0,-0.025522287939186823,-1.3552527156034262e-18,-0.02552228793918721,-1.0598076236045524e-17
12,thesis,5.050000000000001,-0.0248959012890223,-1.084202172482098e-18,-0.02489590128902265,4.526544070127277e-18
12,thesis,5.1000000000000005,-0.0241736714031975,-6.4510029262853995e-18,-0.024173671403197868,3.252606517456825e-18
12,thesis,5.15,-0.023360396157223507,-4.580754178747966e-18,-0.023360396157223844,-8.538092108323021e-18
12,thesis,5.2,-0.02246061272273946,-3.2526065174532912e-18,-0.02246061272273981,-2.439454888088956e-19
12,thesis,5.25,-0.021478595895460365,-3.65918233213543e-18,-0.021478595895460702,-1.2549640146519355e-17
12,thesis,5.300000000000001,-0.02041835916413426,-6.396792817661408e-18,-0.020418359164134633,-5.475220971051421e-18
12,thesis,5.3500000000000005,-0.01928365861336742,7.806255641898615e-18,-0.01928365861336778,8.131516293641678e-18
12,thesis,5.4,-0.01807799972391555,-1.1113072267947491e-18,-0.018077999723915883,-9.486769009244058e-19
12,thesis,5.45,-0.016804647099862863,5.502326025366734e-18,-0.016804647099863245,-1.0570971181729389e-18
12,thesis,5.5,-0.015466637113617256,2.168404344998002e-19,-0.015466637113617647,-1.184490873440369e-17
12,thesis,5.550000000000001,-0.014066793417597938,-1.1980434005962226e-17,-0.014066793417598368,2.7105054312183987e-19
12,thesis,5.6000000000000005,-0.012607745226802112,4.770489558938712e-18,-0.012607745226802544,6.2070574374799936e-18
12,thesis,5.65,-0.01109194823011992,1.5449880957942277e-18,-0.011091948230120281,-1.1655173354218673e-17
12,thesis,5.7,-0.009521707941436511,1.1113072267999154e-18,-0.009521707941436903,5.421010862432676e-19
12,thesis,5.75,-0.007899205255366087,-1.2278589603396176e-17,-0.007899205255366477,-1.233279971202208e-17
12,thesis,5.800000000000001,-0.00622652392806147,1.4907779871696166e-18,-0.006226523928061903,-6.559423143536751e-18
12,thesis,5.8500000000000005,-0.004505679662074512,-1.002887009547158e-18,-0.004505679662074859,-1.2874900798264798e-17
12,thesis,5.9,-0.0027386504367609187,-9.676504389431307e-18,-0.0027386504367613103,-1.3064636178449743e-17
12,thesis,5.95,-0.000927407693210987,-7.074419175466212e-18,-0.0009274076932113762,-6.342582709039601e-18
12,thesis,6.0,0.0009260520440310956,-2.0328790734087304e-18,0.0009260520440307458,-8.321251673825629e-18
12,thesis,6.050000000000001,0.002819675546417628,-1.7564075194263696e-17,0.0028196755464172355,-1.2983321015513285e-17
12,thesis,6.1000000000000005,0.004751321713191366,-8.321251673824881e-18,0.004751321713191046,-8.3212516738256e-18
12,thesis,6.15,0.006718731312560924,-7.860465750518653e-18,0.006718731312560567,-1.146543797403355e-17
12,thesis,6.2,0.008719498087656605,-7.860465750518762e-18,0.008719498087656253,-1.4934884925987152e-17
12,thesis,6.25,0.010751041673554066,-6.125742274542061e-18,0.010751041673553697,-1.9922214919420457e-17
12,thesis,6.300000000000001,0.012810582755271848,-3.930232875259018e-18,0.012810582755271506,-1.6344347750218283e-17
12,thesis,6.3500000000000005,0.014895120873364202,-1.3715157481940796e-17,0.01489512087336397,-2.4692704478356658e-17
12,thesis,6.4,0.01700141525405432,-9.649399335120253e-18,0.01700141525405397,-4.526544070126267e-18
12,thesis,6.45,0.01912596900540538,-7.80625564189499e-18,0.019125969005405072,-1.7970651008946515e-17
12,thesis,6.5,0.021265016980548973,-7.209944447028053e-18,0.021265016980548695,-1.1872013788715546e-17
12,thesis,6.550000000000001,0.02341451756425277,-3.1983964088317735e-18,0.02341451756425247,-8.510987054010478e-18
12,thesis,6.6000000000000005,0.02557014859097305,2.873135757086968e-18,0.02557014859097278,-2.1955093992824123e-18
12,thesis,6.65,0.027727307551836156,-1.382357769918988e-17,0.027727307551835903,-2.2199039481639967e-17
12,thesis,6.7,0.029881116195578757,2.6834003769018507e-18,0.029881116195578473,-1.2902005852576766e-17
12,thesis,6.75,0.03202642957516954,-7.237049501340585e-18,0.03202642957516926,-8.348356728137649e-18
12,thesis,6.800000000000001,0.03415784953839274,-6.369687763352247e-18,0.03415784953839251,-1.542277590360557e-17
12,thesis,6.8500000000000005,0.03626974260781193,-1.008308020411516e-17,0.036269742607811704,-9.513874063559577e-18
12,thesis,6.9,0.03835626214388317,-4.201283418381356e-18,0.038356262143882984,-6.0444271116059715e-18
12,thesis,6.95,0.04041137463509817,-4.06575814682072e-18,0.040411374635098016,-1.7428549922703778e-17
12,thesis,7.0,0.04242888991139873,-3.0628711372716764e-18,0.04242888991139858,-1.311884628707391e-17
12,thesis,7.050000000000001,0.04440249503209234,-8.239936510890005e-18,0.04440249503209215,-1.9217483507304885e-17
12,thesis,7.1000000000000005,0.04632579155745179,-9.812029660994025e-18,0.046325791557451666,-1.0001765041178116e-17
12,thesis,7.15,0.048192335874335905,-4.68917439600005e-18,0.04819233587433584,-1.6263032587218065e-19
12,thesis,7.2,0.049995682210731016,-5.719166459861311e-18,0.049995682210730905,-9.513874063559677e-18
12,thesis,7.25,0.0517294279422251,-6.93889390390753e-18,0.05172942794222501,-5.936006894357535e-18
12,thesis,7.300000000000001,0.05338726076519921,-9.893344823933479e-19,0.05338726076519911,-7.399679827212992e-18
12,thesis,7.3500000000000005,0.054963007287043265,-4.906014830497252e-18,0.05496300728704321,-7.643625316022256e-18
12,thesis,7.4,0.05645068256305359,-4.472333961503067e-18,0.056450682563053495,-4.797594613247837e-18
12,thesis,7.45,0.05784454009290722,-4.5943067059076994e-18,0.05784454009290719,-6.986327748952981e-18
12,thesis,7.5,0.05913912177682659,-4.5248500042328576e-18,0.059139121776826536,-8.465247274859025e-18
12,thesis,7.550000000000001,0.060329307322815225,-8.60585474410762e-19,0.0603293073228152,-1.3308581667259148e-17
12,thesis,7.6000000000000005,0.06141036259177981,-8.267041565205958e-19,0.0614103625917798,-8.754932542820068e-18
12,thesis,7.65,0.06237798636706245,-2.8866882842430577e-18,0.06237798636706247,-1.0394788328704433e-17
12,thesis,7.7,0.06322835503902571,-3.523657060578294e-18,0.06322835503902574,-7.901123331987815e-18
12,thesis,7.75,0.06395816470400842,-3.510104533422225e-18,0.0639581647040084,-7.060866648311592e-18
12,thesis,7.800000000000001,0.06456467019034424,-8.673617379888072e-19,0.06456467019034424,-3.74049749507478e-18
12,thesis,7.8500000000000005,0.06504572054235591,-3.9302328752639764e-19,0.06504572054235595,-6.410345344820382e-18
12,thesis,7.9,0.065399790516434,-6.640738306477717e-19,0.06539979051643409,-6.430674135554533e-18
12,thesis,7.95,0.06562600767158414,1.0299920638608313e-18,0.06562600767158422,-6.3087013911499634e-18
12,thesis,8.0,0.06572417467024634,-6.708500942258022e-19,0.06572417467024638,-5.2177229550864755e-18
12,thesis,8.05,0.06569478644376585,3.1509625637820505e-19,0.06569478644376592,-5.366800753803284e-18
12,thesis,8.1,0.0655390419205778,1.3620289791845209e-18,0.06553904192057786,-5.390517676326458e-18
12,thesis,8.15,0.06525885006382505,4.797594613247963e-18,0.0652588500638251,-5.959723816881402e-18
12,thesis,8.200000000000001,0.06485683001854643,1.1816109614193528e-18,0.06485683001854657,-7.237049501340941e-18
12,thesis,8.25,0.06433630522642886,1.831285231963398e-18,0.06433630522642896,-1.2688553549871956e-18
12,thesis,8.3,0.06370129142799294,6.969387090007978e-18,0.06370129142799304,-7.453889935838153e-18
12,thesis,8.35,0.06295647853744792,2.1717924767596135e-18,0.06295647853744803,-5.566700529355627e-18
12,thesis,8.4,0.062107206443654646,3.5778671692017425e-18,0.062107206443654764,2.4055735702017923e-18
12,thesis,8.450000000000001,0.06115943486093656,4.5265440701265465e-18,0.061159434860936654,-3.848917712324016e-18
12,thesis,8.5,0.060119707425006316,6.376464026929922e-18,0.0601197074250064,-6.993104012532035e-18
12,thesis,8.55,0.05899511030109507,6.1392948016987e-18,0.058995110301095145,-1.829591166069874e-18
12,thesis,8.6,0.0577932256424409,1.3850682753501826e-17,0.05779322564244107,-9.581636699341283e-18
12,thesis,8.65,0.056522080306525675,5.095750210681355e-18,0.056522080306525835,1.6669608401957715e-18
12,thesis,8.700000000000001,0.05519009030271162,-8.944667923010862e-19,0.05519009030271182,1.057097118172623e-18
12,thesis,8.75,0.05380600150706123,5.3396956994905316e-18,0.0538060015070614,-1.0150842839896329e-17
12,thesis,8.8,0.05237882723698023,-4.878909776190904e-19,0.05237882723698041,4.336808689941175e-18
12,thesis,8.85,0.050917783328791204,6.938893903906575e-18,0.05091778332879138,-5.6378512969255136e-18
12,thesis,8.9,0.04943222140436272,-4.906014830497604e-18,0.04943222140436286,-2.249719507908356e-18
12,thesis,8.950000000000001,0.04793156104753056,1.33627917758831e-17,0.04793156104753067,5.556536133987232e-18
12,thesis,9.0,0.04642522163639152,7.724940478958424e-18,0.04642522163639166,3.2526065174554953e-18
12,thesis,9.05,0.04492255459292502,3.496552006264902e-18,0.04492255459292514,4.3368086899314396e-19
12,thesis,9.1,0.04343277681625178,1.2739375526695594e-18,0.04343277681625195,1.7943545954634004e-17
12,thesis,9.15,0.04196490605979871,1.328147661293773e-18,0.041964906059798884,8.619407271258634e-18
12,thesis,9.200000000000001,0.04052769899554559,1.0977546996414697e-17,0.04052769899554577,7.86046575051875e-18
12,thesis,9.25,0.039129592680393684,5.3125906451778686e-18,0.039129592680393864,8.45677694538575e-18
12,thesis,9.3,0.037778650100780194,7.291259609963842e-18,0.03777865010078035,1.0408340855859635e-17
12,thesis,9.35,0.03648251042239504,7.209944447027355e-18,0.0364825104223952,-5.773376568486542e-18
12,thesis,9.4,0.035248344512897246,2.710505431212434e-18,0.03524834451289737,-1.1113072267988897e-18
12,thesis,9.450000000000001,0.034082816237714614,-6.776263578048465e-19,0.03408281623771478,2.818925648461049e-18
12,thesis,9.5,0.032992049953347896,2.6562953225879983e-18,0.03299204995334809,-3.7676025493884006e-18
12,thesis,9.55,0.03198160454026504,6.301925127570424e-18,0.031981604540265225,1.788933584599802e-18
12,thesis,9.600000000000001,0.031056454229746313,3.306816626079133e-18,0.031056454229746476,1.290200585257622e-17
12,thesis,9.65,0.03022097638732899,1.580902292755252e-17,0.030220976387329207,-3.0357660829606955e-18
12,thesis,9.700000000000001,0.02947894632126399,1.718291036799891e-17,0.029478946321264222,8.18572640226428e-18
12,thesis,9.75,0.028833539089154404,1.1177446771965832e-17,0.02883353908915466,-2.49366499671793e-18
12,thesis,9.8,0.02828733818121085,4.878909776182767e-18,0.028287338181211083,-6.532318089226423e-18
12,thesis,9.850000000000001,0.027842350865848246,5.0279875748994376e-18,0.02784235086584843,1.3552527156067562e-17
12,thesis,9.9,0.027500029894116415,-1.2468324983605049e-18,0.027500029894116616,4.716279450310722e-18
12,thesis,9.950000000000001,0.027261301175097244,7.372574772899171e-18,0.027261301175097494,5.068645156368533e-18
12,thesis,10.0,0.027126596956211668,9.540979117870097e-18,0.02712659695621195,1.2739375526703505e-17
12,thesis,10.05,0.02709589397153908,3.225501463141952e-18,0.027095893971539383,-6.776263578045832e-19
12,thesis,10.100000000000001,0.027168755958813372,1.978668964783544e-18,0.027168755958813625,-1.1384122811108876e-18
12,thesis,10.15,0.02734437989262382,-1.0462550964487695e-17,0.027344379892624133,8.456776945385864e-18
12,thesis,10.200000000000001,0.027621645238268544,6.749158523719615e-18,0.027621645238268797,1.2658060363767234e-17
12,thesis,10.25,0.02799916549825878,3.794707603672093e-19,0.027999165498259027,1.921748350730458e-17
12,thesis,10.3,0.02847534130207636,8.456776945384154e-18,0.028475341302076594,1.4419888894056272e-17
12,thesis,10.350000000000001,0.02904841427967286,-2.7918205941530143e-18,0.029048414279673203,-1.8431436932262458e-18
12,thesis,10.4,0.02971652096045296,-2.114194236349628e-18,0.029716520960453213,5.96311194866944e-18
12,thesis,10.450000000000001,0.03047774595198483,-2.9429413256452206e-30,0.030477745951985068,1.5260145577732698e-17
12,thesis,10.5,0.031330173676169526,-2.927345865713847e-18,0.03133017367616982,1.3091741232761747e-17
12,thesis,10.55,0.032271937974639,2.4936649967136388e-18,0.032271937974639425,1.046255096448446e-17
12,thesis,10.600000000000001,0.033301268939144625,5.448115916736609e-18,0.033301268939144923,-6.42389787197721e-18
12,thesis,10.65,0.03441653637589856,8.619407271256688e-18,0.03441653637589888,9.025983085941294e-18
12,thesis,10.700000000000001,0.035616289374360205,2.331034670840746e-18,0.0356162893743605,1.4094628242306916e-18
12,thesis,10.75,0.036899291519774585,-5.312590645182067e-18,0.036899291519774946,-6.152847328855634e-18
12,thesis,10.8,0.03826455136376072,-7.07441917547101e-18,0.038264551363760994,-2.4394548880956542e-19
12,thesis,10.850000000000001,0.039711347847123296,1.1655173354188323e-18,0.039711347847123574,2.0057740190981576e-17
12,thesis,10.9,0.041239250452511866,-1.2766480581019882e-17,0.04123925045251217,4.797594613248172e-18
12,thesis,10.950000000000001,0.04284813395013496,-1.0652286344673122e-17,0.042848133950135286,1.2170169386149675e-17
12,thesis,11.0,0.04453818768599222,-6.694948415100994e-18,0.044538187685992534,-4.3910187985663346e-18
12,thesis,11.05,0.046309919447518645,6.722053469407167e-18,0.04630991944751893,-2.954450920022969e-18
12,thesis,11.100000000000001,0.048164154024619266,1.9922214919392078e-18,0.048164154024619536,1.0394788328704875e-17
12,thesis,11.15,0.05010202666335869,-7.033761594002553e-18,0.05010202666335911,-6.369687763350602e-19
12,thesis,11.200000000000001,0.05212497168360674,-1.598520578058593e-17,0.05212497168360715,-5.0076587841671794e-18
12,thesis,11.25,0.054234706599407365,-1.750308882206555e-17,0.054234706599407684,5.187229768985649e-18
12,thesis,11.3,0.05643321214052097,2.151463685999951e-19,0.05643321214052128,2.371692252312424e-18
12,thesis,11.350000000000001,0.05872270862439083,-4.262269790586136e-18,0.05872270862439113,-9.547755381450025e-18
12,thesis,11.4,0.06110562916885131,-4.662069341690055e-18,0.061105629168851615,6.898236322439539e-18
12,thesis,11.450000000000001,0.06358459026650697,-6.572975670695638e-18,0.06358459026650724,1.065228634467066e-17
12,thesis,11.5,0.06616236026142747,-6.6678433607879916e-18,0.06616236026142785,1.4365678785439345e-18
12,thesis,11.55,0.06884182627740557,-1.4555414165619897e-17,0.06884182627740595,1.0245710529988718e-17
12,thesis,11.600000000000001,0.07162596014454083,-3.740497495076846e-18,0.0716259601445412,-2.7376104855251418e-18
12,thesis,11.65,0.07451778385766696,-1.5260145577735176e-17,0.07451778385766727,5.055092629214475e-18
12,thesis,11.700000000000001,0.07752033507665515,-5.746271514174712e-18,0.07752033507665544,-6.3154776547272005e-18
12,thesis,11.75,0.08063663314574224,1.761828530287576e-18,0.08063663314574257,6.92534137675207e-18
12,thesis,11.8,0.08386964606774347,-1.7591180248578502e-17,0.08386964606774377,-7.182839392715512e-18
12,thesis,11.850000000000001,0.08722225882057072,-1.0286368111457228e-17,0.08722225882057096,-2.981555974325161e-19
12,thesis,11.9,0.0906972433492687,1.2197274440380528e-19,0.09069724334926892,1.3552527156172315e-19
12,thesis,11.950000000000001,0.0942972305083367,-6.952446431063913e-18,0.09429723050833705,7.060866648312918e-18
12,thesis,12.0,0.09802468416802136,-1.639178159526563e-17,0.09802468416802171,5.082197683536816e-19
12,piqs_blocks,0.0,0.6000000000000006,0.0,0.6000000000000006,0.0
12,piqs_blocks,0.05,0.5997708598587645,7.250602028496508e-19,0.5997708598587645,7.250602028496508e-19
12,piqs_blocks,0.1,0.5990837578125532,1.3992984288640435e-18,0.5990837578125532,1.3992984288640435e-18
12,piqs_blocks,0.15000000000000002,0.5979396495333121,2.6393546636443093e-18,0.5979396495333121,2.6393546636443093e-18
12,piqs_blocks,0.2,0.596340129586932,3.5575383784679405e-18,0.596340129586932,3.5575383784679405e-18
12,piqs_blocks,0.25,0.5942874340364461,2.744386749103783e-18,0.5942874340364461,2.744386749103783e-18
12,piqs_blocks,0.30000000000000004,0.5917844439558592,3.0967524551615425e-18,0.5917844439558592,3.0967524551615425e-18
12,piqs_blocks,0.35000000000000003,0.5888346897260278,5.92245436720186e-18,0.5888346897260278,5.92245436720186e-18
12,piqs_blocks,0.4,0.5854423559502557,4.038653092508268e-18,0.5854423559502557,4.038653092508268e-18
12,piqs_blocks,0.45,0.5816122867956903,5.759824041328978e-18,0.5816122867956903,5.759824041328978e-18
12,piqs_blocks,0.5,0.5773499915377309,6.356135236195979e-18,0.5773499915377309,6.356135236195979e-18
12,piqs_blocks,0.55,0.5726616500588975,5.48877349820755e-18,0.5726616500588975,5.48877349820755e-18
12,piqs_blocks,0.6000000000000001,0.5675541180314392,1.100465205072753e-17,0.5675541180314392,1.100465205072753e-17
12,piqs_blocks,0.65,0.5620349314947557,4.485886488658409e-18,0.5620349314947557,4.485886488658409e-18
12,piqs_blocks,0.7000000000000001,0.5561123105248751,1.2414114874958636e-17,0.5561123105248751,1.2414114874958636e-17
12,piqs_blocks,0.75,0.5497951616840902,9.432558900623479e-18,0.5497951616840902,9.432558900623479e-18
12,piqs_blocks,0.8,0.5430930789347134,1.4663834382866016e-17,0.5430930789347134,1.4663834382866016e-17
12,piqs_blocks,0.8500000000000001,0.536016342701974,1.1384122811097344e-17,0.536016342701974,1.1384122811097344e-17
12,piqs_blocks,0.9,0.528575916777543,8.863352760068527e-18,0.528575916777543,8.863352760068527e-18
12,piqs_blocks,0.9500000000000001,0.5207834427670948,1.4419888894056722e-17,0.5207834427670948,1.4419888894056722e-17
12,piqs_blocks,1.0,0.512651231802723,1.479935965442663e-17,0.512651231802723,1.479935965442663e-17
12,piqs_blocks,1.05,0.504192253263833,1.1926223897340028e-17,0.504192253263833,1.1926223897340028e-17
12,piqs_blocks,1.1,0.4954201202781371,8.104411239328611e-18,0.4954201202781371,8.104411239328611e-18
12,piqs_blocks,1.1500000000000001,0.48634907180733694,2.382534274036841e-17,0.48634907180733694,2.382534274036841e-17
12,piqs_blocks,1.2000000000000002,0.47699395115956256,1.862117231243798e-17,0.47699395115956256,1.862117231243798e-17
12,piqs_blocks,1.25,0.4673701808122096,1.9380113833177825e-17,0.4673701808122096,1.9380113833177825e-17
12,piqs_blocks,1.3,0.4574937334738591,1.6696713456276192e-17,0.4574937334738591,1.6696713456276192e-17
12,piqs_blocks,1.35,0.4473810993618433,1.750986508564031e-17,0.4473810993618433,1.750986508564031e-17
12,piqs_blocks,1.4000000000000001,0.4370492497219549,1.9678269430611317e-17,0.4370492497219549,1.9678269430611317e-17
12,piqs_blocks,1.4500000000000002,0.42651559666799005,1.848564704087726e-17,0.42651559666799005,1.848564704087726e-17
12,piqs_blocks,1.5,0.4157979494703896,1.002887009549032e-17,0.4157979494703896,1.002887009549032e-17
12,piqs_blocks,1.55,0.40491446747429527,1.9027748127120002e-17,0.40491446747429527,1.9027748127120002e-17
12,piqs_blocks,1.6,0.39388360987693916,1.8621172312437938e-17,0.39388360987693916,1.8621172312437938e-17
12,piqs_blocks,1.6500000000000001,0.3827240826415414,2.531612072753593e-17,0.3827240826415414,2.531612072753593e-17
12,piqs_blocks,1.7000000000000002,0.3714547828688925,2.7891100887189004e-17,0.3714547828688925,2.7891100887189004e-17
12,piqs_blocks,1.75,0.3600947409877252,2.3364556817062026e-17,0.3600947409877252,2.3364556817062026e-17
12,piqs_blocks,1.8,0.34866306116006623,2.680689871470351e-17,0.34866306116006623,2.680689871470351e-17
12,piqs_blocks,1.85,0.3371788603273253,1.8865117801247195e-17,0.3371788603273253,1.8865117801247195e-17
12,piqs_blocks,1.9000000000000001,0.3256612063463726,1.4961989980299385e-17,0.3256612063463726,1.4961989980299385e-17
12,piqs_blocks,1.9500000000000002,0.31412905568183713,1.6967763999397574e-17,0.31412905568183713,1.6967763999397574e-17
12,piqs_blocks,2.0,0.30260119113103373,1.577514160966353e-17,0.30260119113103373,1.577514160966353e-17
12,piqs_blocks,2.0500000000000003,0.29109616006113614,3.220080452281893e-17,0.29109616006113614,3.220080452281893e-17
12,piqs_blocks,2.1,0.2796322136344719,2.084378676603328e-17,0.2796322136344719,2.084378676603328e-17
12,piqs_blocks,2.15,0.2682272474872535,2.133167774365177e-17,0.2682272474872535,2.133167774365177e-17
12,piqs_blocks,2.2,0.2568987443099882,1.1546753136970103e-17,0.2568987443099882,1.1546753136970103e-17
12,piqs_blocks,2.25,0.24566371875464188,1.853985714950162e-17,0.24566371875464188,1.853985714950162e-17
12,piqs_blocks,2.3000000000000003,0.23453866506492896,2.2036409155767385e-17,0.23453866506492896,2.2036409155767385e-17
12,piqs_blocks,2.35,0.22353950779251677,1.6398557858842777e-17,0.22353950779251677,1.6398557858842777e-17
12,piqs_blocks,2.4000000000000004,0.2126815559241915,1.62630325872821e-17,0.2126815559241915,1.62630325872821e-17
12,piqs_blocks,2.45,0.20197946070396247,2.2442984970449495e-17,0.20197946070396247,2.2442984970449495e-17
12,piqs_blocks,2.5,0.19144717739049313,1.531435568635732e-17,0.19144717739049313,1.531435568635732e-17
12,piqs_blocks,2.5500000000000003,0.1810979311450164,2.816215143031056e-17,0.1810979311450164,2.816215143031056e-17
12,piqs_blocks,2.6,0.1709441871988523,1.8106176280507527e-17,0.1709441871988523,1.8106176280507527e-17
12,piqs_blocks,2.6500000000000004,0.16099762540361506,2.0437210951351373e-17,0.16099762540361506,2.0437210951351373e-17
12,piqs_blocks,2.7,0.15126911922194294,3.6862873864503476e-18,0.15126911922194294,3.6862873864503476e-18
12,piqs_blocks,2.75,0.1417687191727912,1.9109063290056664e-17,0.1417687191727912,1.9109063290056664e-17
12,piqs_blocks,2.8000000000000003,0.13250564070362952,2.6373217845709563e-17,0.13250564070362952,2.6373217845709563e-17
12,piqs_blocks,2.85,0.12348825642278254,1.2820690689640773e-17,0.12348825642278254,1.2820690689640773e-17
12,piqs_blocks,2.9000000000000004,0.1147240925890902,2.8975303059674804e-17,0.1147240925890902,2.8975303059674804e-17
12,piqs_blocks,2.95,0.10621982972336505,2.1087732254842778e-17,0.10621982972336505,2.1087732254842778e-17
12,piqs_blocks,3.0,0.09798130717701264,1.864827736675041e-17,0.09798130717701264,1.864827736675041e-17
12,piqs_blocks,3.0500000000000003,0.09001353146781604,2.5587171270657655e-17,0.09001353146781604,2.5587171270657655e-17
12,piqs_blocks,3.1,0.08232068817130436,1.2630955309455896e-17,0.08232068817130436,1.2630955309455896e-17
12,piqs_blocks,3.1500000000000004,0.07490615713833143,2.149430806952491e-17,0.07490615713833143,2.149430806952491e-17
12,piqs_blocks,3.2,0.06777253079540019,1.1682278408531112e-17,0.06777253079540019,1.1682278408531112e-17
12,piqs_blocks,3.25,0.06092163527375543,1.989510986510882e-17,0.06092163527375543,1.989510986510882e-17
12,piqs_blocks,3.3000000000000003,0.0543545541061827,1.0869126779167016e-17,0.0543545541061827,1.0869126779167016e-17
12,piqs_blocks,3.35,0.048071654226591584,8.971772977317397e-18,0.048071654226591584,8.971772977317397e-18
12,piqs_blocks,3.4000000000000004,0.042072614006640696,2.024747557116666e-17,0.042072614006640696,2.024747557116666e-17
12,piqs_blocks,3.45,0.03635645306565783,1.2075301696057184e-17,0.03635645306565783,1.2075301696057184e-17
12,piqs_blocks,3.5,0.030921563594706304,2.0179712935386343e-17,0.030921563594706304,2.0179712935386343e-17
12,piqs_blocks,3.5500000000000003,0.02576574294263864,1.4094628242311465e-17,0.02576574294263864,1.4094628242311465e-17
12,piqs_blocks,3.6,0.020886227221130666,5.759824041329164e-18,0.020886227221130666,5.759824041329164e-18
12,piqs_blocks,3.6500000000000004,0.01627972569679222,7.128629284092128e-18,0.01627972569679222,7.128629284092128e-18
12,piqs_blocks,3.7,0.011942455751269987,1.0388012065126689e-17,0.011942455751269987,1.0388012065126689e-17
12,piqs_blocks,3.75,0.007870178204553711,7.849454322205564e-18,0.007870178204553711,7.849454322205564e-18
12,piqs_blocks,3.8000000000000003,0.004058232812216789,1.2149840595415661e-17,0.004058232812216789,1.2149840595415661e-17
12,piqs_blocks,3.85,0.0005015737637812582,2.1643385868241873e-17,0.0005015737637812582,2.1643385868241873e-17
12,piqs_blocks,3.9000000000000004,-0.0028051949735039224,3.0310226984547883e-17,-0.0028051949735039224,3.0310226984547883e-17
12,piqs_blocks,3.95,-0.005867784603773012,1.2099018618580441e-17,-0.005867784603773012,1.2099018618580441e-17
12,piqs_blocks,4.0,-0.008692186865485747,1.6913553890773897e-17,-0.008692186865485747,1.6913553890773897e-17
12,piqs_blocks,4.05,-0.011284639912215205,8.139986623113863e-18,-0.011284639912215205,8.139986623113863e-18
12,piqs_blocks,4.1000000000000005,-0.013651594799189603,-3.06535929655406e-18,-0.013651594799189603,-3.06535929655406e-18
12,piqs_blocks,4.15,-0.015799682648623838,7.367492575217968e-18,-0.015799682648623838,7.367492575217968e-18
12,piqs_blocks,4.2,-0.01773568255363414,1.2508982565051581e-17,-0.01773568255363414,1.2508982565051581e-17
12,piqs_blocks,4.25,-0.019466490269297178,-3.889575293791662e-18,-0.019466490269297178,-3.889575293791662e-18
12,piqs_blocks,4.3,-0.0209990877305399,4.878909776184868e-18,-0.0209990877305399,4.878909776184868e-18
12,piqs_blocks,4.3500000000000005,-0.022340513430316473,1.0977546996415843e-17,-0.022340513430316473,1.0977546996415843e-17
12,piqs_blocks,4.4,-0.023497833688162863,5.895349312890052e-18,-0.023497833688162863,5.895349312890052e-18
12,piqs_blocks,4.45,-0.024478114838849506,-1.3145951341385395e-18,-0.024478114838849506,-1.3145951341385395e-18
12,piqs_blocks,4.5,-0.02528839637350532,7.386127300057645e-18,-0.02528839637350532,7.386127300057645e-18
12,piqs_blocks,4.55,-0.02593566507117518,-3.4016843161731122e-18,-0.02593566507117518,-3.4016843161731122e-18
12,piqs_blocks,4.6000000000000005,-0.026426830167089296,3.0493186101156515e-18,-0.026426830167089296,3.0493186101156515e-18
12,piqs_blocks,4.65,-0.026768699614634472,3.0628711372717338e-18,-0.026768699614634472,3.0628711372717338e-18
12,piqs_blocks,4.7,-0.02696795751066842,-1.2197274440461729e-17,-0.02696795751066842,-1.2197274440461729e-17
12,piqs_blocks,4.75,-0.027031142767840494,-2.6291902682771376e-18,-0.027031142767840494,-2.6291902682771376e-18
12,piqs_blocks,4.800000000000001,-0.026964629132309816,1.2441219929271387e-17,-0.026964629132309816,1.2441219929271387e-17
12,piqs_blocks,4.8500000000000005,-0.026774606659937562,-6.776263578032023e-19,-0.026774606659937562,-6.776263578032023e-19
12,piqs_blocks,4.9,-0.026467064777868615,-2.168404344970756e-18,-0.026467064777868615,-2.168404344970756e-18
12,piqs_blocks,4.95,-0.02604777707058564,-7.291259609964752e-18,-0.02604777707058564,-7.291259609964752e-18
12,piqs_blocks,5.0,-0.02552228793918721,-1.0598076236045524e-17,-0.02552228793918721,-1.0598076236045524e-17
12,piqs_blocks,5.050000000000001,-0.02489590128902265,4.526544070127277e-18,-0.02489590128902265,4.526544070127277e-18
12,piqs_blocks,5.1000000000000005,-0.024173671403197868,3.252606517456825e-18,-0.024173671403197868,3.252606517456825e-18
12,piqs_blocks,5.15,-0.023360396157223844,-8.538092108323021e-18,-0.023360396157223844,-8.538092108323021e-18
12,piqs_blocks,5.2,-0.02246061272273981,-2.439454888088956e-19,-0.02246061272273981,-2.439454888088956e-19
12,piqs_blocks,5.25,-0.021478595895460702,-1.2549640146519355e-17,-0.021478595895460702,-1.2549640146519355e-17
12,piqs_blocks,5.300000000000001,-0.020418359164134633,-5.475220971051421e-18,-0.020418359164134633,-5.475220971051421e-18
12,piqs_blocks,5.3500000000000005,-0.01928365861336778,8.131516293641678e-18,-0.01928365861336778,8.131516293641678e-18
12,piqs_blocks,5.4,-0.018077999723915883,-9.486769009244058e-19,-0.018077999723915883,-9.486769009244058e-19
12,piqs_blocks,5.45,-0.016804647099863245,-1.0570971181729389e-18,-0.016804647099863245,-1.0570971181729389e-18
12,piqs_blocks,5.5,-0.015466637113617647,-1.184490873440369e-17,-0.015466637113617647,-1.184490873440369e-17
12,piqs_blocks,5.550000000000001,-0.014066793417598368,2.7105054312183987e-19,-0.014066793417598368,2.7105054312183987e-19
12,piqs_blocks,5.6000000000000005,-0.012607745226802544,6.2070574374799936e-18,-0.012607745226802544,6.2070574374799936e-18
12,piqs_blocks,5.65,-0.011091948230120281,-1.1655173354218673e-17,-0.011091948230120281,-1.1655173354218673e-17
12,piqs_blocks,5.7,-0.009521707941436903,5.421010862432676e-19,-0.009521707941436903,5.421010862432676e-19
12,piqs_blocks,5.75,-0.007899205255366477,-1.233279971202208e-17,-0.007899205255366477,-1.233279971202208e-17
12,piqs_blocks,5.800000000000001,-0.006226523928061903,-6.559423143536751e-18,-0.006226523928061903,-6.559423143536751e-18
12,piqs_blocks,5.8500000000000005,-0.004505679662074859,-1.2874900798264798e-17,-0.004505679662074859,-1.2874900798264798e-17
12,piqs_blocks,5.9,-0.0027386504367613103,-1.3064636178449743e-17,-0.0027386504367613103,-1.3064636178449743e-17
12,piqs_blocks,5.95,-0.0009274076932113762,-6.342582709039601e-18,-0.0009274076932113762,-6.342582709039601e-18
12,piqs_blocks,6.0,0.0009260520440307458,-8.321251673825629e-18,0.0009260520440307458,-8.321251673825629e-18
12,piqs_blocks,6.050000000000001,0.0028196755464172355,-1.2983321015513285e-17,0.0028196755464172355,-1.2983321015513285e-17
12,piqs_blocks,6.1000000000000005,0.004751321713191046,-8.3212516738256e-18,0.004751321713191046,-8.3212516738256e-18
12,piqs_blocks,6.15,0.006718731312560567,-1.146543797403355e-17,0.006718731312560567,-1.146543797403355e-17
12,piqs_blocks,6.2,0.008719498087656253,-1.4934884925987152e-17,0.008719498087656253,-1.4934884925987152e-17
12,piqs_blocks,6.25,0.010751041673553697,-1.9922214919420457e-17,0.010751041673553697,-1.9922214919420457e-17
12,piqs_blocks,6.300000000000001,0.012810582755271506,-1.6344347750218283e-17,0.012810582755271506,-1.6344347750218283e-17
12,piqs_blocks,6.3500000000000005,0.01489512087336397,-2.4692704478356658e-17,0.01489512087336397,-2.4692704478356658e-17
12,piqs_blocks,6.4,0.01700141525405397,-4.526544070126267e-18,0.01700141525405397,-4.526544070126267e-18
12,piqs_blocks,6.45,0.019125969005405072,-1.7970651008946515e-17,0.019125969005405072,-1.7970651008946515e-17
12,piqs_blocks,6.5,0.021265016980548695,-1.1872013788715546e-17,0.021265016980548695,-1.1872013788715546e-17
12,piqs_blocks,6.550000000000001,0.02341451756425247,-8.510987054010478e-18,0.02341451756425247,-8.510987054010478e-18
12,piqs_blocks,6.6000000000000005,0.02557014859097278,-2.1955093992824123e-18,0.02557014859097278,-2.1955093992824123e-18
12,piqs_blocks,6.65,0.027727307551835903,-2.2199039481639967e-17,0.027727307551835903,-2.2199039481639967e-17
12,piqs_blocks,6.7,0.029881116195578473,-1.2902005852576766e-17,0.029881116195578473,-1.2902005852576766e-17
12,piqs_blocks,6.75,0.03202642957516926,-8.348356728137649e-18,0.03202642957516926,-8.348356728137649e-18
12,piqs_blocks,6.800000000000001,0.03415784953839251,-1.542277590360557e-17,0.03415784953839251,-1.542277590360557e-17
12,piqs_blocks,6.8500000000000005,0.036269742607811704,-9.513874063559577e-18,0.036269742607811704,-9.513874063559577e-18
12,piqs_blocks,6.9,0.038356262143882984,-6.0444271116059715e-18,0.038356262143882984,-6.0444271116059715e-18
12,piqs_blocks,6.95,0.040411374635098016,-1.7428549922703778e-17,0.040411374635098016,-1.7428549922703778e-17
12,piqs_blocks,7.0,0.04242888991139858,-1.311884628707391e-17,0.04242888991139858,-1.311884628707391e-17
12,piqs_blocks,7.050000000000001,0.04440249503209215,-1.9217483507304885e-17,0.04440249503209215,-1.9217483507304885e-17
12,piqs_blocks,7.1000000000000005,0.046325791557451666,-1.0001765041178116e-17,0.046325791557451666,-1.0001765041178116e-17
12,piqs_blocks,7.15,0.04819233587433584,-1.6263032587218065e-19,0.04819233587433584,-1.6263032587218065e-19
12,piqs_blocks,7.2,0.049995682210730905,-9.513874063559677e-18,0.049995682210730905,-9.513874063559677e-18
12,piqs_blocks,7.25,0.05172942794222501,-5.936006894357535e-18,0.05172942794222501,-5.936006894357535e-18
12,piqs_blocks,7.300000000000001,0.05338726076519911,-7.399679827212992e-18,0.05338726076519911,-7.399679827212992e-18
12,piqs_blocks,7.3500000000000005,0.05496300728704321,-7.643625316022256e-18,0.05496300728704321,-7.643625316022256e-18
12,piqs_blocks,7.4,0.056450682563053495,-4.797594613247837e-18,0.056450682563053495,-4.797594613247837e-18
12,piqs_blocks,7.45,0.05784454009290719,-6.986327748952981e-18,0.05784454009290719,-6.986327748952981e-18
12,piqs_blocks,7.5,0.059139121776826536,-8.465247274859025e-18,0.059139121776826536,-8.465247274859025e-18
12,piqs_blocks,7.550000000000001,0.0603293073228152,-1.3308581667259148e-17,0.0603293073228152,-1.3308581667259148e-17
12,piqs_blocks,7.6000000000000005,0.0614103625917798,-8.754932542820068e-18,0.0614103625917798,-8.754932542820068e-18
12,piqs_blocks,7.65,0.06237798636706247,-1.0394788328704433e-17,0.06237798636706247,-1.0394788328704433e-17
12,piqs_blocks,7.7,0.06322835503902574,-7.901123331987815e-18,0.06322835503902574,-7.901123331987815e-18
12,piqs_blocks,7.75,0.0639581647040084,-7.060866648311592e-18,0.0639581647040084,-7.060866648311592e-18
12,piqs_blocks,7.800000000000001,0.06456467019034424,-3.74049749507478e-18,0.06456467019034424,-3.74049749507478e-18
12,piqs_blocks,7.8500000000000005,0.06504572054235595,-6.410345344820382e-18,0.06504572054235595,-6.410345344820382e-18
12,piqs_blocks,7.9,0.06539979051643409,-6.430674135554533e-18,0.06539979051643409,-6.430674135554533e-18
12,piqs_blocks,7.95,0.06562600767158422,-6.3087013911499634e-18,0.06562600767158422,-6.3087013911499634e-18
12,piqs_blocks,8.0,0.06572417467024638,-5.2177229550864755e-18,0.06572417467024638,-5.2177229550864755e-18
12,piqs_blocks,8.05,0.06569478644376592,-5.366800753803284e-18,0.06569478644376592,-5.366800753803284e-18
12,piqs_blocks,8.1,0.06553904192057786,-5.390517676326458e-18,0.06553904192057786,-5.390517676326458e-18
12,piqs_blocks,8.15,0.0652588500638251,-5.959723816881402e-18,0.0652588500638251,-5.959723816881402e-18
12,piqs_blocks,8.200000000000001,0.06485683001854657,-7.237049501340941e-18,0.06485683001854657,-7.237049501340941e-18
12,piqs_blocks,8.25,0.06433630522642896,-1.2688553549871956e-18,0.06433630522642896,-1.2688553549871956e-18
12,piqs_blocks,8.3,0.06370129142799304,-7.453889935838153e-18,0.06370129142799304,-7.453889935838153e-18
12,piqs_blocks,8.35,0.06295647853744803,-5.566700529355627e-18,0.06295647853744803,-5.566700529355627e-18
12,piqs_blocks,8.4,0.062107206443654764,2.4055735702017923e-18,0.062107206443654764,2.4055735702017923e-18
12,piqs_blocks,8.450000000000001,0.061159434860936654,-3.848917712324016e-18,0.061159434860936654,-3.848917712324016e-18
12,piqs_blocks,8.5,0.0601197074250064,-6.993104012532035e-18,0.0601197074250064,-6.993104012532035e-18
12,piqs_blocks,8.55,0.058995110301095145,-1.829591166069874e-18,0.058995110301095145,-1.829591166069874e-18
12,piqs_blocks,8.6,0.05779322564244107,-9.581636699341283e-18,0.05779322564244107,-9.581636699341283e-18
12,piqs_blocks,8.65,0.056522080306525835,1.6669608401957715e-18,0.056522080306525835,1.6669608401957715e-18
12,piqs_blocks,8.700000000000001,0.05519009030271182,1.057097118172623e-18,0.05519009030271182,1.057097118172623e-18
12,piqs_blocks,8.75,0.0538060015070614,-1.0150842839896329e-17,0.0538060015070614,-1.0150842839896329e-17
12,piqs_blocks,8.8,0.05237882723698041,4.336808689941175e-18,0.05237882723698041,4.336808689941175e-18
12,piqs_blocks,8.85,0.05091778332879138,-5.6378512969255136e-18,0.05091778332879138,-5.6378512969255136e-18
12,piqs_blocks,8.9,0.04943222140436286,-2.249719507908356e-18,0.04943222140436286,-2.249719507908356e-18
12,piqs_blocks,8.950000000000001,0.04793156104753067,5.556536133987232e-18,0.04793156104753067,5.556536133987232e-18
12,piqs_blocks,9.0,0.04642522163639166,3.2526065174554953e-18,0.04642522163639166,3.2526065174554953e-18
12,piqs_blocks,9.05,0.04492255459292514,4.3368086899314396e-19,0.04492255459292514,4.3368086899314396e-19
12,piqs_blocks,9.1,0.04343277681625195,1.7943545954634004e-17,0.04343277681625195,1.7943545954634004e-17
12,piqs_blocks,9.15,0.041964906059798884,8.619407271258634e-18,0.041964906059798884,8.619407271258634e-18
12,piqs_blocks,9.200000000000001,0.04052769899554577,7.86046575051875e-18,0.04052769899554577,7.86046575051875e-18
12,piqs_blocks,9.25,0.039129592680393864,8.45677694538575e-18,0.039129592680393864,8.45677694538575e-18
12,piqs_blocks,9.3,0.03777865010078035,1.0408340855859635e-17,0.03777865010078035,1.0408340855859635e-17
12,piqs_blocks,9.35,0.0364825104223952,-5.773376568486542e-18,0.0364825104223952,-5.773376568486542e-18
12,piqs_blocks,9.4,0.03524834451289737,-1.1113072267988897e-18,0.03524834451289737,-1.1113072267988897e-18
12,piqs_blocks,9.450000000000001,0.03408281623771478,2.818925648461049e-18,0.03408281623771478,2.818925648461049e-18
12,piqs_blocks,9.5,0.03299204995334809,-3.7676025493884006e-18,0.03299204995334809,-3.7676025493884006e-18
12,piqs_blocks,9.55,0.031981604540265225,1.788933584599802e-18,0.031981604540265225,1.788933584599802e-18
12,piqs_blocks,9.600000000000001,0.031056454229746476,1.290200585257622e-17,0.031056454229746476,1.290200585257622e-17
12,piqs_blocks,9.65,0.030220976387329207,-3.0357660829606955e-18,0.030220976387329207,-3.0357660829606955e-18
12,piqs_blocks,9.700000000000001,0.029478946321264222,8.18572640226428e-18,0.029478946321264222,8.18572640226428e-18
12,piqs_blocks,9.75,0.02883353908915466,-2.49366499671793e-18,0.02883353908915466,-2.49366499671793e-18
12,piqs_blocks,9.8,0.028287338181211083,-6.532318089226423e-18,0.028287338181211083,-6.532318089226423e-18
12,piqs_blocks,9.850000000000001,0.02784235086584843,1.3552527156067562e-17,0.02784235086584843,1.3552527156067562e-17
12,piqs_blocks,9.9,0.027500029894116616,4.716279450310722e-18,0.027500029894116616,4.716279450310722e-18
12,piqs_blocks,9.950000000000001,0.027261301175097494,5.068645156368533e-18,0.027261301175097494,5.068645156368533e-18
12,piqs_blocks,10.0,0.02712659695621195,1.2739375526703505e-17,0.02712659695621195,1.2739375526703505e-17
12,piqs_blocks,10.05,0.027095893971539383,-6.776263578045832e-19,0.027095893971539383,-6.776263578045832e-19
12,piqs_blocks,10.100000000000001,0.027168755958813625,-1.1384122811108876e-18,0.027168755958813625,-1.1384122811108876e-18
12,piqs_blocks,10.15,0.027344379892624133,8.456776945385864e-18,0.027344379892624133,8.456776945385864e-18
12,piqs_blocks,10.200000000000001,0.027621645238268797,1.2658060363767234e-17,0.027621645238268797,1.2658060363767234e-17
12,piqs_blocks,10.25,0.027999165498259027,1.921748350730458e-17,0.027999165498259027,1.921748350730458e-17
12,piqs_blocks,10.3,0.028475341302076594,1.4419888894056272e-17,0.028475341302076594,1.4419888894056272e-17
12,piqs_blocks,10.350000000000001,0.029048414279673203,-1.8431436932262458e-18,0.029048414279673203,-1.8431436932262458e-18
12,piqs_blocks,10.4,0.029716520960453213,5.96311194866944e-18,0.029716520960453213,5.96311194866944e-18
12,piqs_blocks,10.450000000000001,0.030477745951985068,1.5260145577732698e-17,0.030477745951985068,1.5260145577732698e-17
12,piqs_blocks,10.5,0.03133017367616982,1.3091741232761747e-17,0.03133017367616982,1.3091741232761747e-17
12,piqs_blocks,10.55,0.032271937974639425,1.046255096448446e-17,0.032271937974639425,1.046255096448446e-17
12,piqs_blocks,10.600000000000001,0.033301268939144923,-6.42389787197721e-18,0.033301268939144923,-6.42389787197721e-18
12,piqs_blocks,10.65,0.03441653637589888,9.025983085941294e-18,0.03441653637589888,9.025983085941294e-18
12,piqs_blocks,10.700000000000001,0.0356162893743605,1.4094628242306916e-18,0.0356162893743605,1.4094628242306916e-18
12,piqs_blocks,10.75,0.036899291519774946,-6.152847328855634e-18,0.036899291519774946,-6.152847328855634e-18
12,piqs_blocks,10.8,0.038264551363760994,-2.4394548880956542e-19,0.038264551363760994,-2.4394548880956542e-19
12,piqs_blocks,10.850000000000001,0.039711347847123574,2.0057740190981576e-17,0.039711347847123574,2.0057740190981576e-17
12,piqs_blocks,10.9,0.04123925045251217,4.797594613248172e-18,0.04123925045251217,4.797594613248172e-18
12,piqs_blocks,10.950000000000001,0.042848133950135286,1.2170169386149675e-17,0.042848133950135286,1.2170169386149675e-17
12,piqs_blocks,11.0,0.044538187685992534,-4.3910187985663346e-18,0.044538187685992534,-4.3910187985663346e-18
12,piqs_blocks,11.05,0.04630991944751893,-2.954450920022969e-18,0.04630991944751893,-2.954450920022969e-18
12,piqs_blocks,11.100000000000001,0.048164154024619536,1.0394788328704875e-17,0.048164154024619536,1.0394788328704875e-17
12,piqs_blocks,11.15,0.05010202666335911,-6.369687763350602e-19,0.05010202666335911,-6.369687763350602e-19
12,piqs_blocks,11.200000000000001,0.05212497168360715,-5.0076587841671794e-18,0.05212497168360715,-5.0076587841671794e-18
12,piqs_blocks,11.25,0.054234706599407684,5.187229768985649e-18,0.054234706599407684,5.187229768985649e-18
12,piqs_blocks,11.3,0.05643321214052128,2.371692252312424e-18,0.05643321214052128,2.371692252312424e-18
12,piqs_blocks,11.350000000000001,0.05872270862439113,-9.547755381450025e-18,0.05872270862439113,-9.547755381450025e-18
12,piqs_blocks,11.4,0.061105629168851615,6.898236322439539e-18,0.061105629168851615,6.898236322439539e-18
12,piqs_blocks,11.450000000000001,0.06358459026650724,1.065228634467066e-17,0.06358459026650724,1.065228634467066e-17
12,piqs_blocks,11.5,0.06616236026142785,1.4365678785439345e-18,0.06616236026142785,1.4365678785439345e-18
12,piqs_blocks,11.55,0.06884182627740595,1.0245710529988718e-17,0.06884182627740595,1.0245710529988718e-17
12,piqs_blocks,11.600000000000001,0.0716259601445412,-2.7376104855251418e-18,0.0716259601445412,-2.7376104855251418e-18
12,piqs_blocks,11.65,0.07451778385766727,5.055092629214475e-18,0.07451778385766727,5.055092629214475e-18
12,piqs_blocks,11.700000000000001,0.07752033507665544,-6.3154776547272005e-18,0.07752033507665544,-6.3154776547272005e-18
12,piqs_blocks,11.75,0.08063663314574257,6.92534137675207e-18,0.08063663314574257,6.92534137675207e-18
12,piqs_blocks,11.8,0.08386964606774377,-7.182839392715512e-18,0.08386964606774377,-7.182839392715512e-18
12,piqs_blocks,11.850000000000001,0.08722225882057096,-2.981555974325161e-19,0.08722225882057096,-2.981555974325161e-19
12,piqs_blocks,11.9,0.09069724334926892,1.3552527156172315e-19,0.09069724334926892,1.3552527156172315e-19
12,piqs_blocks,11.950000000000001,0.09429723050833705,7.060866648312918e-18,0.09429723050833705,7.060866648312918e-18
12,piqs_blocks,12.0,0.09802468416802171,5.082197683536816e-19,0.09802468416802171,5.082197683536816e-19
16,thesis,0.0,0.5999999999999993,0.0,0.6000000000000006,0.0
16,thesis,0.05,0.599824234314769,1.4420735926974099e-19,0.5998242343147703,3.5194218958432155e-19
16,thesis,0.1,0.5992971240748733,-2.710505431274445e-20,0.5992971240748748,3.1424922343166494e-19
16,thesis,0.15000000000000002,0.5984192300156781,2.600391148061611e-19,0.5984192300156793,3.4304834363847076e-19
16,thesis,0.2,0.5971914876485048,1.373040407498011e-18,0.5971914876485062,4.472333961509092e-19
16,thesis,0.25,0.5956152086628482,5.878408653929755e-19,0.5956152086628497,-6.589916329630478e-19
16,thesis,0.30000000000000004,0.5936920828370573,2.173486542652729e-18,0.5936920828370587,1.280713816249459e-18
16,thesis,0.35000000000000003,0.591424180405728,2.7748799352029883e-18,0.5914241804057294,6.674619624375042e-19
16,thesis,0.4,0.5888139548182137,3.0984465210538406e-18,0.5888139548182151,1.4433441421226016e-18
16,thesis,0.45,0.5858642458095311,7.23366136952495e-19,0.5858642458095326,3.564314642047527e-18
16,thesis,0.5,0.5825782826926805,-9.65617559899507e-20,0.5825782826926819,-3.3745792618595437e-18
16,thesis,0.55,0.578959687770152,2.602085213961972e-18,0.5789596877701536,1.5314355686375209e-18
16,thesis,0.6000000000000001,0.57501247975232,1.8295911660657762e-18,0.5750124797523211,-2.2361669807323305e-19
16,thesis,0.65,0.5707410770616507,2.0227146780394886e-18,0.5707410770616519,-7.216720710586061e-19
16,thesis,0.7000000000000001,0.5661503008943513,2.32087027547274e-18,0.5661503008943527,-1.1248597539514983e-18
16,thesis,0.75,0.5612453779053278,9.147955830303451e-19,0.561245377905329,2.0159384144676014e-18
16,thesis,0.8,0.5560319423782877,2.4835006013450595e-18,0.5560319423782889,-1.0164395367026405e-18
16,thesis,0.8500000000000001,0.5505160377405601,1.2874900797786194e-19,0.5505160377405615,-4.770489558933548e-18
16,thesis,0.9,0.5447041172818355,4.563813519801143e-18,0.5447041172818369,2.436066756306191e-18
16,thesis,0.9500000000000001,0.5386030439375908,5.397293939899146e-18,0.5386030439375921,4.0013836428322884e-18
16,thesis,1.0,0.5322200890015241,5.631075033341114e-18,0.5322200890015254,-9.419006373436595e-19
16,thesis,1.05,0.5255629296368749,1.165517335416231e-18,0.525562929636876,-5.258380536551426e-18
16,thesis,1.1,0.5186396450640555,4.194507154797406e-18,0.5186396450640568,-5.204170427927005e-18
16,thesis,1.1500000000000001,0.5114587113115172,1.0435445910112146e-18,0.5114587113115183,1.1587410718474447e-18
16,thesis,1.2000000000000002,0.5040289944281552,2.595308950380908e-18,0.5040289944281563,-3.2051726724065674e-18
16,thesis,1.25,0.4963597420687095,3.842141448739062e-18,0.4963597420687106,-1.2874900797880646e-19
16,thesis,1.3,0.48846057337841586,8.605854744037599e-19,0.488460573378417,1.0164395367450363e-19
16,thesis,1.35,0.4803414671194366,5.820810413524787e-18,0.48034146711943765,-2.7985968577240822e-18
16,thesis,1.4000000000000001,0.47201274799914184,1.5158501624056047e-17,0.4720127479991429,1.5111067779059347e-18
16,thesis,1.4500000000000002,0.46348507117892346,5.488773498200821e-18,0.4634850711789245,1.1113072268020397e-18
16,thesis,1.5,0.4547694049616245,1.2231155758344926e-17,0.4547694049616255,-2.737610485521368e-18
16,thesis,1.55,0.44587701167561045,1.1146953585859308e-17,0.44587701167561145,-1.0842021724388972e-19
16,thesis,1.6,0.43681942679370306,1.3349239248720385e-17,0.43681942679370406,-4.3368086898941276e-19
16,thesis,1.6500000000000001,0.42760843634533485,7.365798509315917e-18,0.4276084363453358,9.012430558834903e-19
16,thesis,1.7000000000000002,0.41825605270008653,5.7733765684777515e-18,0.4182560527000875,3.2526065175068947e-19
16,thesis,1.75,0.4087744888199099,7.467442462986284e-18,0.4087744888199109,2.859583229935677e-18
16,thesis,1.8,0.39917613109554934,8.267041565194285e-18,0.3991761310955501,-4.133520782548217e-19
16,thesis,1.85,0.3894735108996613,9.236047256853156e-18,0.3894735108996622,-3.198396408826846e-18
16,thesis,1.9000000000000001,0.3796792750046357,3.618524750662601e-18,0.3796792750046366,5.122855264999513e-18
16,thesis,1.9500000000000002,0.36980615502691877,1.1939776424488823e-17,0.3698061550269196,-2.8121493848786634e-18
16,thesis,2.0,0.35986693607151243,-4.167402100498965e-18,0.35986693607151315,1.2197274440519117e-18
16,thesis,2.0500000000000003,0.3498744247601148,1.397265549789913e-17,0.34987442476011554,7.074419175473737e-18
16,thesis,2.1,0.3398414168339419,3.8692465030498455e-18,0.3398414168339426,4.7704895589421406e-18
16,thesis,2.15,0.3297806645275304,-2.236166980829125e-19,0.32978066452753113,-5.034763838473545e-18
16,thesis,2.2,0.31970484391273896,1.7394668604806565e-17,0.31970484391273957,9.50032153641034e-18
16,thesis,2.25,0.3096265224127097,6.085084693067193e-18,0.3096265224127104,9.81202966100001e-18
16,thesis,2.3000000000000003,0.29955812668377313,1.0930113151361845e-17,0.2995581266837737,8.131516293647563e-18
16,thesis,2.35,0.28951191105925655,1.5348237004240342e-17,0.28951191105925717,5.292261854451228e-18
16,thesis,2.4000000000000004,0.2794999267429875,3.537209587726453e-18,0.2794999267429882,8.721051224936712e-18
16,thesis,2.45,0.26953399193212874,2.1277467634953845e-18,0.2695339919321293,-1.5246593050512342e-18
16,thesis,2.5,0.25962566303900564,1.353219836532738e-17,0.2596256630390061,1.1384122811163529e-18
16,thesis,2.5500000000000003,0.24978620717000402,8.504210790425963e-18,0.24978620717000444,8.538092108329982e-18
16,thesis,2.6,0.24002657600662344,2.507217523865633e-18,0.2400265760066239,1.0706496453361278e-18
16,thesis,2.6500000000000004,0.23035738121962193,6.749158523715296e-18,0.2303573812196223,6.2206099646423255e-18
16,thesis,2.7,0.22078887153211732,7.602967734547768e-18,0.22078887153211768,8.41611936392552e-18
16,thesis,2.75,0.21133091153175027,7.277707082802262e-18,0.21133091153175054,2.9137933385616264e-18
16,thesis,2.8000000000000003,0.2019929623158264,8.456776945380403e-18,0.2019929623158266,7.237049501347612e-18
16,thesis,2.85,0.1927840640369572,3.3203691532304894e-18,0.19278406403695741,-2.7918205941432725e-18
16,thesis,2.9000000000000004,0.18371282040034292,9.608741753646586e-18,0.18371282040034323,1.1987210269549786e-17
16,thesis,2.95,0.17478738514769823,1.7008421580860333e-17,0.17478738514769843,8.463553208971915e-18
16,thesis,3.0,0.1660154505470888,1.0537089863837668e-17,0.16601545054708894,8.009543549243625e-18
16,thesis,3.0500000000000003,0.15740423789281827,1.1404451601826265e-17,0.15740423789281846,7.182839392723436e-18
16,thesis,3.1,0.14896049000510295,8.565197162630052e-18,0.14896049000510306,-5.149960319236432e-19
16,thesis,3.1500000000000004,0.1406904657057428,1.4331797467537536e-17,0.14069046570574298,-6.965998958212399e-18
16,thesis,3.2,0.13259993623343852,1.3010426069821044e-17,0.13259993623343863,5.522654816104996e-18
16,thesis,3.25,0.12469418355088285,8.036648603544013e-18,0.1246941835508829,6.24771501895466e-18
16,thesis,3.3000000000000003,0.1169780004853538,7.148958074821733e-18,0.1169780004853539,1.5029752616087223e-17
16,thesis,3.35,0.10945569263526149,2.324258407261468e-18,0.1094556926352615,9.696833180174119e-18
16,thesis,3.4000000000000004,0.10213108196699083,9.710385707319202e-18,0.10213108196699082,1.084879798843993e-17
16,thesis,3.45,0.09500751201942671,-1.5653168865298039e-18,0.09500751201942671,4.7840420860990984e-18
16,thesis,3.5,0.08808785462771958,6.796592368764893e-18,0.08808785462771951,1.8614396048867265e-17
16,thesis,3.5500000000000003,0.08137451807313406,1.8987090545649028e-17,0.081374518073134,8.768485069983221e-18
16,thesis,3.6,0.07486945656215885,8.565197162632368e-18,0.07486945656215876,3.516880797006496e-18
16,thesis,3.6500000000000004,0.06857418093539298,6.173176119586477e-18,0.0685741809353929,6.539094352809771e-18
16,thesis,3.7,0.06248977050501059,1.3091741232759856e-17,0.062489770505010464,9.649399335127484e-18
16,thesis,3.75,0.05661688591875133,8.090858712170723e-18,0.05661688591875121,-2.215838190010839e-18
16,thesis,3.8000000000000003,0.050955782948341646,7.386127300036535e-19,0.05095578294834151,1.0408340855867163e-17
16,thesis,3.85,0.04550632710092383,5.515878552518166e-18,0.04550632710092368,3.1374100366361504e-18
16,thesis,3.9000000000000004,0.040268008953396994,5.637851296923043e-18,0.04026800895339681,2.5350002045432817e-17
16,thesis,3.95,0.03523996011147099,1.3247595295055935e-17,0.035239960111470785,1.3654171109745326e-17
16,thesis,4.0,0.03042096969762781,3.564314642045031e-18,0.030420969697627608,1.986122854722472e-17
16,thesis,4.05,0.02580950127500695,7.948557177033545e-18,0.025809501275006756,7.731716742543013e-18
16,thesis,4.1000000000000005,0.021403710117403,-6.6204095157401646e-18,0.021403710117402813,4.025100565358063e-18
16,thesis,4.15,0.017201460739027605,1.2563192673675482e-17,0.0172014607390274,6.776263578089282e-19
16,thesis,4.2,0.013200344601370307,2.074214281236326e-17,0.01320034460137007,1.9203930980154838e-17
16,thesis,4.25,0.009397697918345322,-3.2119489359881074e-18,0.009397697918345138,2.235489354394068e-17
16,thesis,4.3,0.005790619484865626,1.1668725881375687e-17,0.005790619484865419,8.57874968979658e-18
16,thesis,4.3500000000000005,0.002375988458002604,1.2041420378167821e-17,0.0023759884580023508,6.057979638767616e-18
16,thesis,4.4,-0.0008495179760812592,9.615518017231742e-18,-0.0008495179760814744,1.4833240972321994e-17
16,thesis,4.45,-0.0038894071122400004,1.0611628763203033e-17,-0.0038894071122402376,-5.0347638384750545e-18
16,thesis,4.5,-0.0067473534723630005,1.6879672572885084e-17,-0.00674735347236318,6.098637220274163e-19
16,thesis,4.55,-0.00942718184231945,1.8228149024928667e-18,-0.00942718184231968,5.780152832067473e-18
16,thesis,4.6000000000000005,-0.011932850651095549,1.1438332919723904e-17,-0.011932850651095794,2.0999640828332543e-17
16,thesis,4.65,-0.014268435739749915,5.3871295445393955e-18,-0.014268435739750143,6.4543910580814926e-18
16,thesis,4.7,-0.016438114564295538,4.939896148389332e-18,-0.016438114564295715,1.511106777902023e-17
16,thesis,4.75,-0.018446150873199518,9.591801094710151e-18,-0.018446150873199695,2.0511749850713434e-17
16,thesis,4.800000000000001,-0.020296879896870134,1.2861348271111946e-17,-0.020296879896870335,7.575862680245538e-18
16,thesis,4.8500000000000005,-0.02199469408323865,8.250100906259723e-18,-0.02199469408323885,1.370160495478841e-17
16,thesis,4.9,-0.023544029410316945,6.274820073262875e-18,-0.02354402941031714,6.118966010967682e-18
16,thesis,4.95,-0.02494935230336852,8.283982224178985e-19,-0.024949352303368706,6.481496112392286e-18
16,thesis,5.0,-0.026215147181035563,2.966732897761546e-18,-0.026215147181035736,6.267196776736706e-18
16,thesis,5.050000000000001,-0.027345904651361108,4.5892245082273175e-18,-0.027345904651361226,2.3200232425297175e-17
16,thesis,5.1000000000000005,-0.028346110375084946,-3.388131788650254e-20,-0.02834611037508507,2.9510627882356233e-18
16,thesis,5.15,-0.029220234609832335,9.95433119613635e-18,-0.02922023460983248,6.154541394751133e-18
16,thesis,5.2,-0.02997272244480488,1.2219297297094484e-17,-0.029972722444804995,1.603772182331405e-17
16,thesis,5.25,-0.03060798473130109,8.170479809219055e-18,-0.03060798473130121,1.4120039230730053e-17
16,thesis,5.300000000000001,-0.03113038970981193,4.64597571569403e-18,-0.031130389709812016,1.682715653015453e-17
16,thesis,5.3500000000000005,-0.031544255329551615,-1.9947625907795748e-18,-0.03154425532955166,9.951790097291109e-18
16,thesis,5.4,-0.0318538422511116,9.244941102811464e-18,-0.031853842251111694,2.1559953122937398e-17
16,thesis,5.45,-0.03206334751749517,1.2396750699544809e-17,-0.03206334751749521,1.3248865844477929e-17
16,thesis,5.5,-0.0321768988731583,1.872366329910211e-18,-0.03217689887315828,7.910864210881054e-18
16,thesis,5.550000000000001,-0.0321985497049281,-9.850993176520956e-19,-0.0321985497049281,1.1514142368500572e-17
16,thesis,5.6000000000000005,-0.032132274572886595,1.3975196596753422e-17,-0.032132274572886595,1.6752617630794517e-17
16,thesis,5.65,-0.03198196529361865,1.0415964152390912e-17,-0.03198196529361861,1.0332107890606641e-17
16,thesis,5.7,-0.03175142753276104,9.639234939802229e-19,-0.031751427532760994,2.0596453145433974e-17
16,thesis,5.75,-0.03144437785870632,1.4155614614518736e-17,-0.031444377858706254,1.9259835154666408e-17
16,thesis,5.800000000000001,-0.031064441204769446,3.992913313361674e-18,-0.031064441204769387,1.1848296866191e-17
16,thesis,5.8500000000000005,-0.030615148683278484,4.6807040665321894e-18,-0.030615148683278432,2.127746763500372e-18
16,thesis,5.9,-0.030099935692069996,7.752045533276296e-18,-0.03009993569206991,1.4489345595729353e-17
16,thesis,5.95,-0.02952214025190094,5.194006032568317e-18,-0.029522140251900864,-3.015437292255174e-19
16,thesis,6.0,-0.028885001512480135,1.1370570283946674e-17,-0.028885001512480007,1.5815799191129033e-17
16,thesis,6.050000000000001,-0.02819165836528421,8.368685518877424e-18,-0.028191658365284117,1.6120731052140307e-17
16,thesis,6.1000000000000005,-0.02744514810315515,1.11638942448166e-17,-0.027445148103155008,7.650401579597032e-18
16,thesis,6.15,-0.02664840506993323,9.60874175365768e-18,-0.026648405069933084,2.6329172132448595e-17
16,thesis,6.2,-0.025804259248091006,1.064551008109691e-17,-0.025804259248090853,1.6218986874020998e-17
16,thesis,6.25,-0.024915434738482588,2.650196685369737e-17,-0.024915434738482425,1.3095129364546876e-17
16,thesis,6.300000000000001,-0.023984548093851945,1.7042302898804305e-18,-0.023984548093851765,4.394406930350445e-18
16,thesis,6.3500000000000005,-0.02301410647656073,9.100521985304928e-18,-0.02301410647656059,1.620882247865317e-17
16,thesis,6.4,-0.022006505620953253,1.384390648992895e-17,-0.022006505620953104,2.0986088301167174e-17
16,thesis,6.45,-0.02096402759170362,3.2051726724148728e-18,-0.02096402759170347,1.0665838871820532e-17
16,thesis,6.5,-0.01988883834116434,9.954331196137067e-18,-0.019888838341164127,1.123504501237518e-17
16,thesis,6.550000000000001,-0.01878298508091722,1.0618405026784362e-17,-0.018782985080917025,-6.017322057300643e-18
16,thesis,6.6000000000000005,-0.017648393495139948,2.3784685158944445e-18,-0.01764839349513978,4.736608241039724e-18
16,thesis,6.65,-0.016486864835754404,3.903127820952098e-18,-0.016486864835754234,6.566199407108789e-18
16,thesis,6.7,-0.015300072951316558,-7.79947937831341e-18,-0.015300072951316359,8.368685518865722e-18
16,thesis,6.75,-0.014089561312930205,-1.0713272716868298e-17,-0.014089561312930012,5.68528514196389e-18
16,thesis,6.800000000000001,-0.012856740110819774,3.476223215535639e-18,-0.012856740110819553,1.0238934266402804e-17
16,thesis,6.8500000000000005,-0.011602883504291393,1.9651164376338625e-18,-0.011602883504291202,9.784924606674304e-18
16,thesis,6.9,-0.010329127115374544,1.1519648082662263e-17,-0.010329127115374362,1.4446993948361785e-17
16,thesis,6.95,-0.00903646586223342,1.0564194918159301e-17,-0.009036465862233247,1.2793585635321212e-17
16,thesis,7.0,-0.007725752232257271,1.6872896309341175e-18,-0.007725752232257066,1.659506950259834e-17
16,thesis,7.050000000000001,-0.006397695096424485,-4.4045713256880205e-19,-0.006397695096424322,7.067642911881807e-18
16,thesis,7.1000000000000005,-0.005052859165964717,7.806255641898948e-18,-0.00505285916596455,4.140297046170792e-18
16,thesis,7.15,-0.003691665189453792,1.2095630486794603e-17,-0.0036916651894536006,1.4250482304597977e-17
16,thesis,7.2,-0.0023143909832551227,1.3362791775886914e-17,-0.002314390983254883,-5.5836411883088566e-18
16,thesis,7.25,-0.0009211733807101083,1.8722816266112004e-17,-0.0009211733807099323,1.236668102990415e-17
16,thesis,7.300000000000001,0.00048798882422151934,-1.6601845766156049e-18,0.0004879888242217268,3.3678029982743486e-18
16,thesis,7.3500000000000005,0.0019132308749147831,7.216720710609337e-18,0.001913230874914962,2.5736249069365805e-17
16,thesis,7.4,0.0033548169412439934,6.803368632349114e-18,0.003354816941244226,-2.032879073499826e-19
16,thesis,7.45,0.0048131338647454825,4.289374844898226e-18,0.00481313386474571,1.4155614614504832e-17
16,thesis,7.5,0.006288683741022965,2.561427632499329e-18,0.0062886837410231315,1.2664836627337188e-17
16,thesis,7.550000000000001,0.007782075338068196,-5.0550926292114635e-18,0.0077820753380684025,8.36190925528528e-18
16,thesis,7.6000000000000005,0.009294014367208676,3.862470239481688e-18,0.00929401436720885,-7.453889935930093e-19
16,thesis,7.65,0.010825292641671272,-1.2061749168881664e-18,0.010825292641671464,9.608741753643515e-18
16,thesis,7.7,0.012376776175882238,4.994106257013192e-18,0.012376776175882403,2.337810934412572e-18
16,thesis,7.75,0.01394939229621974,-7.447113672258088e-18,0.01394939229621992,-5.7733765684946264e-18
16,thesis,7.800000000000001,0.015544115850624568,-8.544868371899776e-18,0.015544115850624771,1.7740258047284742e-17
16,thesis,7.8500000000000005,0.017161954619894428,8.253489038047395e-18,0.01716195461989464,1.015761910346425e-17
16,thesis,7.9,0.018803934047310917,1.3457659465977706e-17,0.018803934047311108,1.0191500421354437e-17
16,thesis,7.95,0.02047108141518019,-3.659182332125831e-19,0.02047108141518035,2.8053731212969644e-18
16,thesis,8.0,0.022164409606664236,-8.307699146669008e-18,0.022164409606664433,1.7658942884348412e-17
16,thesis,8.05,0.02388490059874238,8.60585474411439e-19,0.023884900598742542,1.2834243216787967e-17
16,thesis,8.1,0.025633488837131305,1.5585406229488852e-18,0.02563348883713148,7.630072788857607e-18
16,thesis,8.15,0.027411044646438693,2.9815559743439267e-19,0.027411044646438898,7.71138795179409e-18
16,thesis,8.200000000000001,0.029218357828709914,-9.595189226495924e-18,0.029218357828710084,1.5544748648001943e-17
16,thesis,8.25,0.03105612160090725,-3.320369153236154e-18,0.031056121600907465,5.786929095632499e-18
16,thesis,8.3,0.0329249170168545,-8.951444186582825e-18,0.032924917016854675,1.2319247184857768e-17
16,thesis,8.35,0.03482519801195576,2.5139937874513084e-18,0.03482519801195595,8.795590124279996e-18
16,thesis,8.4,0.0367572771997982,-1.3308581667259095e-17,0.03675727719979843,5.393905808106853e-18
16,thesis,8.450000000000001,0.038721312538839515,6.125742274543504e-18,0.038721312538839696,5.109302737829546e-18
16,thesis,8.5,0.040717294975093014,-4.797594613248018e-18,0.04071729497509321,1.8797355165459187e-17
16,thesis,8.55,0.0427450371533964,3.0493186101157613e-18,0.042745037153396594,-3.6591823322194506e-19
16,thesis,8.6,0.044804163275848116,-1.8973538018494074e-18,0.04480416327584827,1.7347234759688882e-18
16,thesis,8.65,0.046894100171701314,-6.7491585237220895e-18,0.04689410017170149,6.722053469402387e-18
16,thesis,8.700000000000001,0.049014069628774415,-2.3852447794679803e-18,0.049014069628774644,1.1031757105032455e-17
16,thesis,8.75,0.051163082022630195,9.784924606681767e-18,0.051163082022630424,1.8851565274084353e-17
16,thesis,8.8,0.05333993126671433,7.074419175467969e-18,0.053339931266714505,2.1277467634956538e-18
16,thesis,8.85,0.05554319109460973,-6.268043809681802e-18,0.05554319109460994,4.919567357646043e-18
16,thesis,8.9,0.05777121267481039,1.0164395367051539e-18,0.05777121267481066,2.1345230270741273e-18
16,thesis,8.950000000000001,0.060022123549111066,-8.38901430960662e-18,0.06002212354911125,9.662951862270581e-18
16,thesis,9.0,0.06229382787800189,-3.476223215531696e-18,0.0622938278780021,4.39779506213809e-18
16,thesis,9.05,0.0645840079703963,3.049318610114858e-19,0.06458400797039655,8.531315844739323e-18
16,thesis,9.1,0.06689012707061207,-8.944667923006136e-19,0.06689012707061232,1.541599964002253e-17
16,thesis,9.15,0.06920943337272704,-7.75882179684947e-18,0.06920943337272728,-2.6834003769070966e-18
16,thesis,9.200000000000001,0.07153896523109851,-7.860465750519987e-18,0.07153896523109873,-7.562310153091598e-18
16,thesis,9.25,0.07387555753582475,3.4084605797512244e-18,0.07387555753582493,2.20228566285625e-18
16,thesis,9.3,0.0762158492230026,-1.998997755520224e-18,0.07621584922300281,-9.012430558832263e-19
16,thesis,9.35,0.0785562918915535,-2.256495771485523e-18,0.07855629189155378,3.1848438816325157e-19
16,thesis,9.4,0.08089315950086702,3.6998399136067284e-18,0.08089315950086723,9.154732093920403e-18
16,thesis,9.450000000000001,0.08322255912624148,-4.7433845046241235e-18,0.08322255912624177,5.908901840042219e-18
16,thesis,9.5,0.08554044275179004,1.5178830414796814e-18,0.08554044275179032,-5.759824041364052e-19
16,thesis,9.55,0.08784262008281399,-2.771491803416076e-18,0.08784262008281427,4.8992385669156946e-18
16,thesis,9.600000000000001,0.0901247723613439,-1.1248597539536947e-18,0.0901247723613442,2.1074179727658273e-18
16,thesis,9.65,0.09238246716935425,-9.601965490074709e-18,0.09238246716935451,5.570088661141716e-18
16,thesis,9.700000000000001,0.09461117420382657,-5.888573049311831e-18,0.0946111742038269,2.202285662858929e-18
16,thesis,9.75,0.09680628200619792,-1.0706496453293434e-18,0.09680628200619819,5.238051745818655e-18
16,thesis,9.8,0.0989631156256366,-6.176564251378237e-18,0.09896311562563685,8.649900457359291e-18
16,thesis,9.850000000000001,0.10107695519094478,-7.867242014097792e-18,0.10107695519094508,7.155734338403023e-18
16,thesis,9.9,0.1031430553596691,9.520650327140133e-19,0.10314305535966936,2.1684043449611096e-19
16,thesis,9.950000000000001,0.10515666560522031,-1.5094127120069529e-18,0.10515666560522063,-1.98205709658179e-19
16,thesis,10.0,0.10711305129353464,-1.3289946942417563e-18,0.10711305129353499,-1.2239626087828195e-18
16,thesis,10.05,0.10900751549018578,-3.40295486559388e-18,0.10900751549018613,1.3565232650277227e-18
16,thesis,10.100000000000001,0.11083542142703813,2.039655336988657e-18,0.11083542142703841,-8.1823382704737795e-19
16,thesis,10.15,0.11259221554475193,-5.322755040545691e-18,0.11259221554475232,-5.129631528571453e-18
16,thesis,10.200000000000001,0.11427345101394852,1.1418004128991574e-18,0.11427345101394885,1.0503208546043568e-19
16,thesis,10.25,0.1158748116239106,-4.458781434346249e-18,0.11587481162391096,2.812149384896401e-19
16,thesis,10.3,0.11739213591363926,-1.809262375334771e-18,0.11739213591363964,2.3547515933684745e-18
16,thesis,10.350000000000001,0.11882144140622247,-6.979551485371041e-19,0.11882144140622285,1.7584403985017514e-18
16,thesis,10.4,0.1201589487941392,1.3112070023501191e-18,0.12015894879413959,-1.033380195648122e-18
16,thesis,10.450000000000001,0.12140110591063723,-2.0565959959329582e-18,0.12140110591063767,-2.3140940118963272e-18
16,thesis,10.5,0.1225446113110146,-8.419507495702733e-19,0.12254461131101506,9.215718466153928e-19
16,thesis,10.55,0.12358643727780308,-3.9810548520900424e-19,0.12358643727780352,-2.61224960932926e-18
16,thesis,10.600000000000001,0.12452385205578123,9.080193194571398e-19,0.12452385205578172,-2.3479753297856353e-18
16,thesis,10.65,0.12535444111669294,-9.029371217725447e-19,0.12535444111669347,-3.562620576148024e-18
16,thesis,10.700000000000001,0.12607612724973444,-7.182839392711007e-19,0.12607612724973494,-2.3174821436839304e-18
16,thesis,10.75,0.1266871892724927,-5.8784086539393545e-19,0.12668718927249314,-1.7347234759727056e-18
16,thesis,10.8,0.12718627915821779,1.268008322040236e-18,0.1271862791582183,3.142492234357068e-19
16,thesis,10.850000000000001,0.12757243737919685,4.654446045167819e-19,0.12757243737919738,-2.2865654411083692e-18
16,thesis,10.9,0.1278451062726391,2.1214998955173374e-18,0.12784510627263973,-7.022961923917357e-18
16,thesis,10.950000000000001,0.12800414124490075,1.6732077081829862e-18,0.1280041412449013,-2.9811324578564094e-18
16,thesis,11.0,0.12804981964205248,-1.6186799622024622e-18,0.12804981964205303,-2.4475017010859687e-18
16,thesis,11.05,0.12798284712966534,-3.879410898424212e-18,0.127982847129666,-7.479300924199903e-19
16,thesis,11.100000000000001,0.12780436144215163,-3.469446951953156e-18,0.12780436144215232,-4.699338791361085e-18
16,thesis,11.15,0.12751593338191228,1.4907779871679965e-18,0.12751593338191292,-7.367492575211923e-18
16,thesis,11.200000000000001,0.12711956497072602,-3.48977574268379e-19,0.12711956497072663,-1.1485766764706498e-18
16,thesis,11.25,0.12661768468005452,-3.5795612350963204e-18,0.12661768468005527,-5.017823179528102e-18
16,thesis,11.3,0.12601313969298847,1.915988526689535e-18,0.12601313969298913,1.187540192057085e-18
16,thesis,11.350000000000001,0.12530918517814174,4.5282381360217485e-18,0.1253091851781425,3.376273327762371e-18
16,thesis,11.4,0.12450947058461569,1.653408313040598e-18,0.12450947058461646,-1.5382118322069144e-18
16,thesis,11.450000000000001,0.12361802299687052,7.17267499734956e-18,0.12361802299687134,-8.056977394275853e-18
16,thesis,11.5,0.12263922761861777,-3.997995511039501e-19,0.12263922761861859,-8.192502665836395e-18
16,thesis,11.55,0.12157780548530937,-9.561307908606531e-18,0.12157780548531019,-1.565316886518612e-18
16,thesis,11.600000000000001,0.12043878853508334,2.398797306624115e-18,0.12043878853508416,-5.556536133980748e-18
16,thesis,11.65,0.11922749219773003,1.0296532506823132e-17,0.11922749219773084,-1.0665838871818568e-17
16,thesis,11.700000000000001,0.11794948568998437,-2.4496192834596623e-18,0.11794948568998516,1.0740377771261438e-18
16,thesis,11.75,0.1166105602328334,2.6935647722683608e-18,0.11661056023283425,-5.654791955861919e-18
16,thesis,11.8,0.11521669543215747,4.577366046961833e-18,0.11521669543215832,-7.73510487431839e-18
16,thesis,11.850000000000001,0.11377402408753261,-5.03510309835738e-31,0.11377402408753348,1.0299920638691902e-18
16,thesis,11.9,0.1122887957150322,2.039655336987751e-18,0.11228879571503309,-3.937009138829957e-18
16,thesis,11.950000000000001,0.1107673390880443,2.303929616524599e-19,0.11076733908804527,-3.625301014240313e-18
16,thesis,12.0,0.10921602411515427,7.169286865559578e-18,0.10921602411515519,-1.1370570283933582e-17
16,piqs_blocks,0.0,0.6000000000000006,0.0,0.6000000000000006,0.0
16,piqs_blocks,0.05,0.5998242343147703,3.5194218958432155e-19,0.5998242343147703,3.5194218958432155e-19
16,piqs_blocks,0.1,0.5992971240748748,3.1424922343166494e-19,0.5992971240748748,3.1424922343166494e-19
16,piqs_blocks,0.15000000000000002,0.5984192300156793,3.4304834363847076e-19,0.5984192300156793,3.4304834363847076e-19
16,piqs_blocks,0.2,0.5971914876485062,4.472333961509092e-19,0.5971914876485062,4.472333961509092e-19
16,piqs_blocks,0.25,0.5956152086628497,-6.589916329630478e-19,0.5956152086628497,-6.589916329630478e-19
16,piqs_blocks,0.30000000000000004,0.5936920828370587,1.280713816249459e-18,0.5936920828370587,1.280713816249459e-18
16,piqs_blocks,0.35000000000000003,0.5914241804057294,6.674619624375042e-19,0.5914241804057294,6.674619624375042e-19
16,piqs_blocks,0.4,0.5888139548182151,1.4433441421226016e-18,0.5888139548182151,1.4433441421226016e-18
16,piqs_blocks,0.45,0.5858642458095326,3.564314642047527e-18,0.5858642458095326,3.564314642047527e-18
16,piqs_blocks,0.5,0.5825782826926819,-3.3745792618595437e-18,0.5825782826926819,-3.3745792618595437e-18
16,piqs_blocks,0.55,0.5789596877701536,1.5314355686375209e-18,0.5789596877701536,1.5314355686375209e-18
16,piqs_blocks,0.6000000000000001,0.5750124797523211,-2.2361669807323305e-19,0.5750124797523211,-2.2361669807323305e-19
16,piqs_blocks,0.65,0.5707410770616519,-7.216720710586061e-19,0.5707410770616519,-7.216720710586061e-19
16,piqs_blocks,0.7000000000000001,0.5661503008943527,-1.1248597539514983e-18,0.5661503008943527,-1.1248597539514983e-18
16,piqs_blocks,0.75,0.561245377905329,2.0159384144676014e-18,0.561245377905329,2.0159384144676014e-18
16,piqs_blocks,0.8,0.5560319423782889,-1.0164395367026405e-18,0.5560319423782889,-1.0164395367026405e-18
16,piqs_blocks,0.8500000000000001,0.5505160377405615,-4.770489558933548e-18,0.5505160377405615,-4.770489558933548e-18
16,piqs_blocks,0.9,0.5447041172818369,2.436066756306191e-18,0.5447041172818369,2.436066756306191e-18
16,piqs_blocks,0.9500000000000001,0.5386030439375921,4.0013836428322884e-18,0.5386030439375921,4.0013836428322884e-18
16,piqs_blocks,1.0,0.5322200890015254,-9.419006373436595e-19,0.5322200890015254,-9.419006373436595e-19
16,piqs_blocks,1.05,0.525562929636876,-5.258380536551426e-18,0.525562929636876,-5.258380536551426e-18
16,piqs_blocks,1.1,0.5186396450640568,-5.204170427927005e-18,0.5186396450640568,-5.204170427927005e-18
16,piqs_blocks,1.1500000000000001,0.5114587113115183,1.1587410718474447e-18,0.5114587113115183,1.1587410718474447e-18
16,piqs_blocks,1.2000000000000002,0.5040289944281563,-3.2051726724065674e-18,0.5040289944281563,-3.2051726724065674e-18
16,piqs_blocks,1.25,0.4963597420687106,-1.2874900797880646e-19,0.4963597420687106,-1.2874900797880646e-19
16,piqs_blocks,1.3,0.488460573378417,1.0164395367450363e-19,0.488460573378417,1.0164395367450363e-19
16,piqs_blocks,1.35,0.48034146711943765,-2.7985968577240822e-18,0.48034146711943765,-2.7985968577240822e-18
16,piqs_blocks,1.4000000000000001,0.4720127479991429,1.5111067779059347e-18,0.4720127479991429,1.5111067779059347e-18
16,piqs_blocks,1.4500000000000002,0.4634850711789245,1.1113072268020397e-18,0.4634850711789245,1.1113072268020397e-18
16,piqs_blocks,1.5,0.4547694049616255,-2.737610485521368e-18,0.4547694049616255,-2.737610485521368e-18
16,piqs_blocks,1.55,0.44587701167561145,-1.0842021724388972e-19,0.44587701167561145,-1.0842021724388972e-19
16,piqs_blocks,1.6,0.43681942679370406,-4.3368086898941276e-19,0.43681942679370406,-4.3368086898941276e-19
16,piqs_blocks,1.6500000000000001,0.4276084363453358,9.012430558834903e-19,0.4276084363453358,9.012430558834903e-19
16,piqs_blocks,1.7000000000000002,0.4182560527000875,3.2526065175068947e-19,0.4182560527000875,3.2526065175068947e-19
16,piqs_blocks,1.75,0.4087744888199109,2.859583229935677e-18,0.4087744888199109,2.859583229935677e-18
16,piqs_blocks,1.8,0.3991761310955501,-4.133520782548217e-19,0.3991761310955501,-4.133520782548217e-19
16,piqs_blocks,1.85,0.3894735108996622,-3.198396408826846e-18,0.3894735108996622,-3.198396408826846e-18
16,piqs_blocks,1.9000000000000001,0.3796792750046366,5.122855264999513e-18,0.3796792750046366,5.122855264999513e-18
16,piqs_blocks,1.9500000000000002,0.3698061550269196,-2.8121493848786634e-18,0.3698061550269196,-2.8121493848786634e-18
16,piqs_blocks,2.0,0.35986693607151315,1.2197274440519117e-18,0.35986693607151315,1.2197274440519117e-18
16,piqs_blocks,2.0500000000000003,0.34987442476011554,7.074419175473737e-18,0.34987442476011554,7.074419175473737e-18
16,piqs_blocks,2.1,0.3398414168339426,4.7704895589421406e-18,0.3398414168339426,4.7704895589421406e-18
16,piqs_blocks,2.15,0.32978066452753113,-5.034763838473545e-18,0.32978066452753113,-5.034763838473545e-18
16,piqs_blocks,2.2,0.31970484391273957,9.50032153641034e-18,0.31970484391273957,9.50032153641034e-18
16,piqs_blocks,2.25,0.3096265224127104,9.81202966100001e-18,0.3096265224127104,9.81202966100001e-18
16,piqs_blocks,2.3000000000000003,0.2995581266837737,8.131516293647563e-18,0.2995581266837737,8.131516293647563e-18
16,piqs_blocks,2.35,0.28951191105925717,5.292261854451228e-18,0.28951191105925717,5.292261854451228e-18
16,piqs_blocks,2.4000000000000004,0.2794999267429882,8.721051224936712e-18,0.2794999267429882,8.721051224936712e-18
16,piqs_blocks,2.45,0.2695339919321293,-1.5246593050512342e-18,0.2695339919321293,-1.5246593050512342e-18
16,piqs_blocks,2.5,0.2596256630390061,1.1384122811163529e-18,0.2596256630390061,1.1384122811163529e-18
16,piqs_blocks,2.5500000000000003,0.24978620717000444,8.538092108329982e-18,0.24978620717000444,8.538092108329982e-18
16,piqs_blocks,2.6,0.2400265760066239,1.0706496453361278e-18,0.2400265760066239,1.0706496453361278e-18
16,piqs_blocks,2.6500000000000004,0.2303573812196223,6.2206099646423255e-18,0.2303573812196223,6.2206099646423255e-18
16,piqs_blocks,2.7,0.22078887153211768,8.41611936392552e-18,0.22078887153211768,8.41611936392552e-18
16,piqs_blocks,2.75,0.21133091153175054,2.9137933385616264e-18,0.21133091153175054,2.9137933385616264e-18
16,piqs_blocks,2.8000000000000003,0.2019929623158266,7.237049501347612e-18,0.2019929623158266,7.237049501347612e-18
16,piqs_blocks,2.85,0.19278406403695741,-2.7918205941432725e-18,0.19278406403695741,-2.7918205941432725e-18
16,piqs_blocks,2.9000000000000004,0.18371282040034323,1.1987210269549786e-17,0.18371282040034323,1.1987210269549786e-17
16,piqs_blocks,2.95,0.17478738514769843,8.463553208971915e-18,0.17478738514769843,8.463553208971915e-18
16,piqs_blocks,3.0,0.16601545054708894,8.009543549243625e-18,0.16601545054708894,8.009543549243625e-18
16,piqs_blocks,3.0500000000000003,0.15740423789281846,7.182839392723436e-18,0.15740423789281846,7.182839392723436e-18
16,piqs_blocks,3.1,0.14896049000510306,-5.149960319236432e-19,0.14896049000510306,-5.149960319236432e-19
16,piqs_blocks,3.1500000000000004,0.14069046570574298,-6.965998958212399e-18,0.14069046570574298,-6.965998958212399e-18
16,piqs_blocks,3.2,0.13259993623343863,5.522654816104996e-18,0.13259993623343863,5.522654816104996e-18
16,piqs_blocks,3.25,0.1246941835508829,6.24771501895466e-18,0.1246941835508829,6.24771501895466e-18
16,piqs_blocks,3.3000000000000003,0.1169780004853539,1.5029752616087223e-17,0.1169780004853539,1.5029752616087223e-17
16,piqs_blocks,3.35,0.1094556926352615,9.696833180174119e-18,0.1094556926352615,9.696833180174119e-18
16,piqs_blocks,3.4000000000000004,0.10213108196699082,1.084879798843993e-17,0.10213108196699082,1.084879798843993e-17
16,piqs_blocks,3.45,0.09500751201942671,4.7840420860990984e-18,0.09500751201942671,4.7840420860990984e-18
16,piqs_blocks,3.5,0.08808785462771951,1.8614396048867265e-17,0.08808785462771951,1.8614396048867265e-17
16,piqs_blocks,3.5500000000000003,0.081374518073134,8.768485069983221e-18,0.081374518073134,8.768485069983221e-18
16,piqs_blocks,3.6,0.07486945656215876,3.516880797006496e-18,0.07486945656215876,3.516880797006496e-18
16,piqs_blocks,3.6500000000000004,0.0685741809353929,6.539094352809771e-18,0.0685741809353929,6.539094352809771e-18
16,piqs_blocks,3.7,0.062489770505010464,9.649399335127484e-18,0.062489770505010464,9.649399335127484e-18
16,piqs_blocks,3.75,0.05661688591875121,-2.215838190010839e-18,0.05661688591875121,-2.215838190010839e-18
16,piqs_blocks,3.8000000000000003,0.05095578294834151,1.0408340855867163e-17,0.05095578294834151,1.0408340855867163e-17
16,piqs_blocks,3.85,0.04550632710092368,3.1374100366361504e-18,0.04550632710092368,3.1374100366361504e-18
16,piqs_blocks,3.9000000000000004,0.04026800895339681,2.5350002045432817e-17,0.04026800895339681,2.5350002045432817e-17
16,piqs_blocks,3.95,0.035239960111470785,1.3654171109745326e-17,0.035239960111470785,1.3654171109745326e-17
16,piqs_blocks,4.0,0.030420969697627608,1.986122854722472e-17,0.030420969697627608,1.986122854722472e-17
16,piqs_blocks,4.05,0.025809501275006756,7.731716742543013e-18,0.025809501275006756,7.731716742543013e-18
16,piqs_blocks,4.1000000000000005,0.021403710117402813,4.025100565358063e-18,0.021403710117402813,4.025100565358063e-18
16,piqs_blocks,4.15,0.0172014607390274,6.776263578089282e-19,0.0172014607390274,6.776263578089282e-19
16,piqs_blocks,4.2,0.01320034460137007,1.9203930980154838e-17,0.01320034460137007,1.9203930980154838e-17
16,piqs_blocks,4.25,0.009397697918345138,2.235489354394068e-17,0.009397697918345138,2.235489354394068e-17
16,piqs_blocks,4.3,0.005790619484865419,8.57874968979658e-18,0.005790619484865419,8.57874968979658e-18
16,piqs_blocks,4.3500000000000005,0.0023759884580023508,6.057979638767616e-18,0.0023759884580023508,6.057979638767616e-18
16,piqs_blocks,4.4,-0.0008495179760814744,1.4833240972321994e-17,-0.0008495179760814744,1.4833240972321994e-17
16,piqs_blocks,4.45,-0.0038894071122402376,-5.0347638384750545e-18,-0.0038894071122402376,-5.0347638384750545e-18
16,piqs_blocks,4.5,-0.00674735347236318,6.098637220274163e-19,-0.00674735347236318,6.098637220274163e-19
16,piqs_blocks,4.55,-0.00942718184231968,5.780152832067473e-18,-0.00942718184231968,5.780152832067473e-18
16,piqs_blocks,4.6000000000000005,-0.011932850651095794,2.0999640828332543e-17,-0.011932850651095794,2.0999640828332543e-17
16,piqs_blocks,4.65,-0.014268435739750143,6.4543910580814926e-18,-0.014268435739750143,6.4543910580814926e-18
16,piqs_blocks,4.7,-0.016438114564295715,1.511106777902023e-17,-0.016438114564295715,1.511106777902023e-17
16,piqs_blocks,4.75,-0.018446150873199695,2.0511749850713434e-17,-0.018446150873199695,2.0511749850713434e-17
16,piqs_blocks,4.800000000000001,-0.020296879896870335,7.575862680245538e-18,-0.020296879896870335,7.575862680245538e-18
16,piqs_blocks,4.8500000000000005,-0.02199469408323885,1.370160495478841e-17,-0.02199469408323885,1.370160495478841e-17
16,piqs_blocks,4.9,-0.02354402941031714,6.118966010967682e-18,-0.02354402941031714,6.118966010967682e-18
16,piqs_blocks,4.95,-0.024949352303368706,6.481496112392286e-18,-0.024949352303368706,6.481496112392286e-18
16,piqs_blocks,5.0,-0.026215147181035736,6.267196776736706e-18,-0.026215147181035736,6.267196776736706e-18
16,piqs_blocks,5.050000000000001,-0.027345904651361226,2.3200232425297175e-17,-0.027345904651361226,2.3200232425297175e-17
16,piqs_blocks,5.1000000000000005,-0.02834611037508507,2.9510627882356233e-18,-0.02834611037508507,2.9510627882356233e-18
16,piqs_blocks,5.15,-0.02922023460983248,6.154541394751133e-18,-0.02922023460983248,6.154541394751133e-18
16,piqs_blocks,5.2,-0.029972722444804995,1.603772182331405e-17,-0.029972722444804995,1.603772182331405e-17
16,piqs_blocks,5.25,-0.03060798473130121,1.4120039230730053e-17,-0.03060798473130121,1.4120039230730053e-17
16,piqs_blocks,5.300000000000001,-0.031130389709812016,1.682715653015453e-17,-0.031130389709812016,1.682715653015453e-17
16,piqs_blocks,5.3500000000000005,-0.03154425532955166,9.951790097291109e-18,-0.03154425532955166,9.951790097291109e-18
16,piqs_blocks,5.4,-0.031853842251111694,2.1559953122937398e-17,-0.031853842251111694,2.1559953122937398e-17
16,piqs_blocks,5.45,-0.03206334751749521,1.3248865844477929e-17,-0.03206334751749521,1.3248865844477929e-17
16,piqs_blocks,5.5,-0.03217689887315828,7.910864210881054e-18,-0.03217689887315828,7.910864210881054e-18
16,piqs_blocks,5.550000000000001,-0.0321985497049281,1.1514142368500572e-17,-0.0321985497049281,1.1514142368500572e-17
16,piqs_blocks,5.6000000000000005,-0.032132274572886595,1.6752617630794517e-17,-0.032132274572886595,1.6752617630794517e-17
16,piqs_blocks,5.65,-0.03198196529361861,1.0332107890606641e-17,-0.03198196529361861,1.0332107890606641e-17
16,piqs_blocks,5.7,-0.031751427532760994,2.0596453145433974e-17,-0.031751427532760994,2.0596453145433974e-17
16,piqs_blocks,5.75,-0.031444377858706254,1.9259835154666408e-17,-0.031444377858706254,1.9259835154666408e-17
16,piqs_blocks,5.800000000000001,-0.031064441204769387,1.1848296866191e-17,-0.031064441204769387,1.1848296866191e-17
16,piqs_blocks,5.8500000000000005,-0.030615148683278432,2.127746763500372e-18,-0.030615148683278432,2.127746763500372e-18
16,piqs_blocks,5.9,-0.03009993569206991,1.4489345595729353e-17,-0.03009993569206991,1.4489345595729353e-17
16,piqs_blocks,5.95,-0.029522140251900864,-3.015437292255174e-19,-0.029522140251900864,-3.015437292255174e-19
16,piqs_blocks,6.0,-0.028885001512480007,1.5815799191129033e-17,-0.028885001512480007,1.5815799191129033e-17
16,piqs_blocks,6.050000000000001,-0.028191658365284117,1.6120731052140307e-17,-0.028191658365284117,1.6120731052140307e-17
16,piqs_blocks,6.1000000000000005,-0.027445148103155008,7.650401579597032e-18,-0.027445148103155008,7.650401579597032e-18
16,piqs_blocks,6.15,-0.026648405069933084,2.6329172132448595e-17,-0.026648405069933084,2.6329172132448595e-17
16,piqs_blocks,6.2,-0.025804259248090853,1.6218986874020998e-17,-0.025804259248090853,1.6218986874020998e-17
16,piqs_blocks,6.25,-0.024915434738482425,1.3095129364546876e-17,-0.024915434738482425,1.3095129364546876e-17
16,piqs_blocks,6.300000000000001,-0.023984548093851765,4.394406930350445e-18,-0.023984548093851765,4.394406930350445e-18
16,piqs_blocks,6.3500000000000005,-0.02301410647656059,1.620882247865317e-17,-0.02301410647656059,1.620882247865317e-17
16,piqs_blocks,6.4,-0.022006505620953104,2.0986088301167174e-17,-0.022006505620953104,2.0986088301167174e-17
16,piqs_blocks,6.45,-0.02096402759170347,1.0665838871820532e-17,-0.02096402759170347,1.0665838871820532e-17
16,piqs_blocks,6.5,-0.019888838341164127,1.123504501237518e-17,-0.019888838341164127,1.123504501237518e-17
16,piqs_blocks,6.550000000000001,-0.018782985080917025,-6.017322057300643e-18,-0.018782985080917025,-6.017322057300643e-18
16,piqs_blocks,6.6000000000000005,-0.01764839349513978,4.736608241039724e-18,-0.01764839349513978,4.736608241039724e-18
16,piqs_blocks,6.65,-0.016486864835754234,6.566199407108789e-18,-0.016486864835754234,6.566199407108789e-18
16,piqs_blocks,6.7,-0.015300072951316359,8.368685518865722e-18,-0.015300072951316359,8.368685518865722e-18
16,piqs_blocks,6.75,-0.014089561312930012,5.68528514196389e-18,-0.014089561312930012,5.68528514196389e-18
16,piqs_blocks,6.800000000000001,-0.012856740110819553,1.0238934266402804e-17,-0.012856740110819553,1.0238934266402804e-17
16,piqs_blocks,6.8500000000000005,-0.011602883504291202,9.784924606674304e-18,-0.011602883504291202,9.784924606674304e-18
16,piqs_blocks,6.9,-0.010329127115374362,1.4446993948361785e-17,-0.010329127115374362,1.4446993948361785e-17
16,piqs_blocks,6.95,-0.009036465862233247,1.2793585635321212e-17,-0.009036465862233247,1.2793585635321212e-17
16,piqs_blocks,7.0,-0.007725752232257066,1.659506950259834e-17,-0.007725752232257066,1.659506950259834e-17
16,piqs_blocks,7.050000000000001,-0.006397695096424322,7.067642911881807e-18,-0.006397695096424322,7.067642911881807e-18
16,piqs_blocks,7.1000000000000005,-0.00505285916596455,4.140297046170792e-18,-0.00505285916596455,4.140297046170792e-18
16,piqs_blocks,7.15,-0.0036916651894536006,1.4250482304597977e-17,-0.0036916651894536006,1.4250482304597977e-17
16,piqs_blocks,7.2,-0.002314390983254883,-5.5836411883088566e-18,-0.002314390983254883,-5.5836411883088566e-18
16,piqs_blocks,7.25,-0.0009211733807099323,1.236668102990415e-17,-0.0009211733807099323,1.236668102990415e-17
16,piqs_blocks,7.300000000000001,0.0004879888242217268,3.3678029982743486e-18,0.0004879888242217268,3.3678029982743486e-18
16,piqs_blocks,7.3500000000000005,0.001913230874914962,2.5736249069365805e-17,0.001913230874914962,2.5736249069365805e-17
16,piqs_blocks,7.4,0.003354816941244226,-2.032879073499826e-19,0.003354816941244226,-2.032879073499826e-19
16,piqs_blocks,7.45,0.00481313386474571,1.4155614614504832e-17,0.00481313386474571,1.4155614614504832e-17
16,piqs_blocks,7.5,0.0062886837410231315,1.2664836627337188e-17,0.0062886837410231315,1.2664836627337188e-17
16,piqs_blocks,7.550000000000001,0.0077820753380684025,8.36190925528528e-18,0.0077820753380684025,8.36190925528528e-18
16,piqs_blocks,7.6000000000000005,0.00929401436720885,-7.453889935930093e-19,0.00929401436720885,-7.453889935930093e-19
16,piqs_blocks,7.65,0.010825292641671464,9.608741753643515e-18,0.010825292641671464,9.608741753643515e-18
16,piqs_blocks,7.7,0.012376776175882403,2.337810934412572e-18,0.012376776175882403,2.337810934412572e-18
16,piqs_blocks,7.75,0.01394939229621992,-5.7733765684946264e-18,0.01394939229621992,-5.7733765684946264e-18
16,piqs_blocks,7.800000000000001,0.015544115850624771,1.7740258047284742e-17,0.015544115850624771,1.7740258047284742e-17
16,piqs_blocks,7.8500000000000005,0.01716195461989464,1.015761910346425e-17,0.01716195461989464,1.015761910346425e-17
16,piqs_blocks,7.9,0.018803934047311108,1.0191500421354437e-17,0.018803934047311108,1.0191500421354437e-17
16,piqs_blocks,7.95,0.02047108141518035,2.8053731212969644e-18,0.02047108141518035,2.8053731212969644e-18
16,piqs_blocks,8.0,0.022164409606664433,1.7658942884348412e-17,0.022164409606664433,1.7658942884348412e-17
16,piqs_blocks,8.05,0.023884900598742542,1.2834243216787967e-17,0.023884900598742542,1.2834243216787967e-17
16,piqs_blocks,8.1,0.02563348883713148,7.630072788857607e-18,0.02563348883713148,7.630072788857607e-18
16,piqs_blocks,8.15,0.027411044646438898,7.71138795179409e-18,0.027411044646438898,7.71138795179409e-18
16,piqs_blocks,8.200000000000001,0.029218357828710084,1.5544748648001943e-17,0.029218357828710084,1.5544748648001943e-17
16,piqs_blocks,8.25,0.031056121600907465,5.786929095632499e-18,0.031056121600907465,5.786929095632499e-18
16,piqs_blocks,8.3,0.032924917016854675,1.2319247184857768e-17,0.032924917016854675,1.2319247184857768e-17
16,piqs_blocks,8.35,0.03482519801195595,8.795590124279996e-18,0.03482519801195595,8.795590124279996e-18
16,piqs_blocks,8.4,0.03675727719979843,5.393905808106853e-18,0.03675727719979843,5.393905808106853e-18
16,piqs_blocks,8.450000000000001,0.038721312538839696,5.109302737829546e-18,0.038721312538839696,5.109302737829546e-18
16,piqs_blocks,8.5,0.04071729497509321,1.8797355165459187e-17,0.04071729497509321,1.8797355165459187e-17
16,piqs_blocks,8.55,0.042745037153396594,-3.6591823322194506e-19,0.042745037153396594,-3.6591823322194506e-19
16,piqs_blocks,8.6,0.04480416327584827,1.7347234759688882e-18,0.04480416327584827,1.7347234759688882e-18
16,piqs_blocks,8.65,0.04689410017170149,6.722053469402387e-18,0.04689410017170149,6.722053469402387e-18
16,piqs_blocks,8.700000000000001,0.049014069628774644,1.1031757105032455e-17,0.049014069628774644,1.1031757105032455e-17
16,piqs_blocks,8.75,0.051163082022630424,1.8851565274084353e-17,0.051163082022630424,1.8851565274084353e-17
16,piqs_blocks,8.8,0.053339931266714505,2.1277467634956538e-18,0.053339931266714505,2.1277467634956538e-18
16,piqs_blocks,8.85,0.05554319109460994,4.919567357646043e-18,0.05554319109460994,4.919567357646043e-18
16,piqs_blocks,8.9,0.05777121267481066,2.1345230270741273e-18,0.05777121267481066,2.1345230270741273e-18
16,piqs_blocks,8.950000000000001,0.06002212354911125,9.662951862270581e-18,0.06002212354911125,9.662951862270581e-18
16,piqs_blocks,9.0,0.0622938278780021,4.39779506213809e-18,0.0622938278780021,4.39779506213809e-18
16,piqs_blocks,9.05,0.06458400797039655,8.531315844739323e-18,0.06458400797039655,8.531315844739323e-18
16,piqs_blocks,9.1,0.06689012707061232,1.541599964002253e-17,0.06689012707061232,1.541599964002253e-17
16,piqs_blocks,9.15,0.06920943337272728,-2.6834003769070966e-18,0.06920943337272728,-2.6834003769070966e-18
16,piqs_blocks,9.200000000000001,0.07153896523109873,-7.562310153091598e-18,0.07153896523109873,-7.562310153091598e-18
16,piqs_blocks,9.25,0.07387555753582493,2.20228566285625e-18,0.07387555753582493,2.20228566285625e-18
16,piqs_blocks,9.3,0.07621584922300281,-9.012430558832263e-19,0.07621584922300281,-9.012430558832263e-19
16,piqs_blocks,9.35,0.07855629189155378,3.1848438816325157e-19,0.07855629189155378,3.1848438816325157e-19
16,piqs_blocks,9.4,0.08089315950086723,9.154732093920403e-18,0.08089315950086723,9.154732093920403e-18
16,piqs_blocks,9.450000000000001,0.08322255912624177,5.908901840042219e-18,0.08322255912624177,5.908901840042219e-18
16,piqs_blocks,9.5,0.08554044275179032,-5.759824041364052e-19,0.08554044275179032,-5.759824041364052e-19
16,piqs_blocks,9.55,0.08784262008281427,4.8992385669156946e-18,0.08784262008281427,4.8992385669156946e-18
16,piqs_blocks,9.600000000000001,0.0901247723613442,2.1074179727658273e-18,0.0901247723613442,2.1074179727658273e-18
16,piqs_blocks,9.65,0.09238246716935451,5.570088661141716e-18,0.09238246716935451,5.570088661141716e-18
16,piqs_blocks,9.700000000000001,0.0946111742038269,2.202285662858929e-18,0.0946111742038269,2.202285662858929e-18
16,piqs_blocks,9.75,0.09680628200619819,5.238051745818655e-18,0.09680628200619819,5.238051745818655e-18
16,piqs_blocks,9.8,0.09896311562563685,8.649900457359291e-18,0.09896311562563685,8.649900457359291e-18
16,piqs_blocks,9.850000000000001,0.10107695519094508,7.155734338403023e-18,0.10107695519094508,7.155734338403023e-18
16,piqs_blocks,9.9,0.10314305535966936,2.1684043449611096e-19,0.10314305535966936,2.1684043449611096e-19
16,piqs_blocks,9.950000000000001,0.10515666560522063,-1.98205709658179e-19,0.10515666560522063,-1.98205709658179e-19
16,piqs_blocks,10.0,0.10711305129353499,-1.2239626087828195e-18,0.10711305129353499,-1.2239626087828195e-18
16,piqs_blocks,10.05,0.10900751549018613,1.3565232650277227e-18,0.10900751549018613,1.3565232650277227e-18
16,piqs_blocks,10.100000000000001,0.11083542142703841,-8.1823382704737795e-19,0.11083542142703841,-8.1823382704737795e-19
16,piqs_blocks,10.15,0.11259221554475232,-5.129631528571453e-18,0.11259221554475232,-5.129631528571453e-18
16,piqs_blocks,10.200000000000001,0.11427345101394885,1.0503208546043568e-19,0.11427345101394885,1.0503208546043568e-19
16,piqs_blocks,10.25,0.11587481162391096,2.812149384896401e-19,0.11587481162391096,2.812149384896401e-19
16,piqs_blocks,10.3,0.11739213591363964,2.3547515933684745e-18,0.11739213591363964,2.3547515933684745e-18
16,piqs_blocks,10.350000000000001,0.11882144140622285,1.7584403985017514e-18,0.11882144140622285,1.7584403985017514e-18
16,piqs_blocks,10.4,0.12015894879413959,-1.033380195648122e-18,0.12015894879413959,-1.033380195648122e-18
16,piqs_blocks,10.450000000000001,0.12140110591063767,-2.3140940118963272e-18,0.12140110591063767,-2.3140940118963272e-18
16,piqs_blocks,10.5,0.12254461131101506,9.215718466153928e-19,0.12254461131101506,9.215718466153928e-19
16,piqs_blocks,10.55,0.12358643727780352,-2.61224960932926e-18,0.12358643727780352,-2.61224960932926e-18
16,piqs_blocks,10.600000000000001,0.12452385205578172,-2.3479753297856353e-18,0.12452385205578172,-2.3479753297856353e-18
16,piqs_blocks,10.65,0.12535444111669347,-3.562620576148024e-18,0.12535444111669347,-3.562620576148024e-18
16,piqs_blocks,10.700000000000001,0.12607612724973494,-2.3174821436839304e-18,0.12607612724973494,-2.3174821436839304e-18
16,piqs_blocks,10.75,0.12668718927249314,-1.7347234759727056e-18,0.12668718927249314,-1.7347234759727056e-18
16,piqs_blocks,10.8,0.1271862791582183,3.142492234357068e-19,0.1271862791582183,3.142492234357068e-19
16,piqs_blocks,10.850000000000001,0.12757243737919738,-2.2865654411083692e-18,0.12757243737919738,-2.2865654411083692e-18
16,piqs_blocks,10.9,0.12784510627263973,-7.022961923917357e-18,0.12784510627263973,-7.022961923917357e-18
16,piqs_blocks,10.950000000000001,0.1280041412449013,-2.9811324578564094e-18,0.1280041412449013,-2.9811324578564094e-18
16,piqs_blocks,11.0,0.12804981964205303,-2.4475017010859687e-18,0.12804981964205303,-2.4475017010859687e-18
16,piqs_blocks,11.05,0.127982847129666,-7.479300924199903e-19,0.127982847129666,-7.479300924199903e-19
16,piqs_blocks,11.100000000000001,0.12780436144215232,-4.699338791361085e-18,0.12780436144215232,-4.699338791361085e-18
16,piqs_blocks,11.15,0.12751593338191292,-7.367492575211923e-18,0.12751593338191292,-7.367492575211923e-18
16,piqs_blocks,11.200000000000001,0.12711956497072663,-1.1485766764706498e-18,0.12711956497072663,-1.1485766764706498e-18
16,piqs_blocks,11.25,0.12661768468005527,-5.017823179528102e-18,0.12661768468005527,-5.017823179528102e-18
16,piqs_blocks,11.3,0.12601313969298913,1.187540192057085e-18,0.12601313969298913,1.187540192057085e-18
16,piqs_blocks,11.350000000000001,0.1253091851781425,3.376273327762371e-18,0.1253091851781425,3.376273327762371e-18
16,piqs_blocks,11.4,0.12450947058461646,-1.5382118322069144e-18,0.12450947058461646,-1.5382118322069144e-18
16,piqs_blocks,11.450000000000001,0.12361802299687134,-8.056977394275853e-18,0.12361802299687134,-8.056977394275853e-18
16,piqs_blocks,11.5,0.12263922761861859,-8.192502665836395e-18,0.12263922761861859,-8.192502665836395e-18
16,piqs_blocks,11.55,0.12157780548531019,-1.565316886518612e-18,0.12157780548531019,-1.565316886518612e-18
16,piqs_blocks,11.600000000000001,0.12043878853508416,-5.556536133980748e-18,0.12043878853508416,-5.556536133980748e-18
16,piqs_blocks,11.65,0.11922749219773084,-1.0665838871818568e-17,0.11922749219773084,-1.0665838871818568e-17
16,piqs_blocks,11.700000000000001,0.11794948568998516,1.0740377771261438e-18,0.11794948568998516,1.0740377771261438e-18
16,piqs_blocks,11.75,0.11661056023283425,-5.654791955861919e-18,0.11661056023283425,-5.654791955861919e-18
16,piqs_blocks,11.8,0.11521669543215832,-7.73510487431839e-18,0.11521669543215832,-7.73510487431839e-18
16,piqs_blocks,11.850000000000001,0.11377402408753348,1.0299920638691902e-18,0.11377402408753348,1.0299920638691902e-18
16,piqs_blocks,11.9,0.11228879571503309,-3.937009138829957e-18,0.11228879571503309,-3.937009138829957e-18
16,piqs_blocks,11.950000000000001,0.11076733908804527,-3.625301014240313e-18,0.11076733908804527,-3.625301014240313e-18
16,piqs_blocks,12.0,0.10921602411515519,-1.1370570283933582e-17,0.10921602411515519,-1.1370570283933582e-17
20,piqs_blocks,0.0,0.6000000000000008,0.0,0.6000000000000008,0.0
20,piqs_blocks,0.05,0.5998575102129686,-6.829203137235306e-20,0.5998575102129686,-6.829203137235306e-20
20,piqs_blocks,0.1,0.5994301634299086,-5.881585027496549e-19,0.5994301634299086,-5.881585027496549e-19
20,piqs_blocks,0.15000000000000002,0.5987183275525293,8.49150529623183e-20,0.5987183275525293,8.49150529623183e-20
20,piqs_blocks,0.2,0.5977226163054751,2.9730856448635894e-19,0.5977226163054751,2.9730856448635894e-19
20,piqs_blocks,0.25,0.5964438900566731,5.783117447379979e-19,0.5964438900566731,5.783117447379979e-19
20,piqs_blocks,0.30000000000000004,0.5948832569412474,-9.111956930086645e-19,0.5948832569412474,-9.111956930086645e-19
20,piqs_blocks,0.35000000000000003,0.593042074264675,6.259573480211017e-19,0.593042074264675,6.259573480211017e-19
20,piqs_blocks,0.4,0.5909219501542874,-2.690176640479459e-18,0.5909219501542874,-2.690176640479459e-18
20,piqs_blocks,0.45,0.5885247454219171,4.0530526526140564e-19,0.5885247454219171,4.0530526526140564e-19
20,piqs_blocks,0.5,0.5858525755945216,-4.377466271409977e-18,0.5858525755945216,-4.377466271409977e-18
20,piqs_blocks,0.55,0.5829078130640517,-1.7630990797095546e-18,0.5829078130640517,-1.7630990797095546e-18
20,piqs_blocks,0.6000000000000001,0.5796930893027195,-5.848762500787985e-19,0.5796930893027195,-5.848762500787985e-19
20,piqs_blocks,0.65,0.5762112970852334,-2.7630214739432076e-18,0.5762112970852334,-2.7630214739432076e-18
20,piqs_blocks,0.7000000000000001,0.5724655926555431,-3.0518597089569e-18,0.5724655926555431,-3.0518597089569e-18
20,piqs_blocks,0.75,0.568459397772247,-3.279711571768283e-18,0.568459397772247,-3.279711571768283e-18
20,piqs_blocks,0.8,0.5641964015641058,-1.724559080609364e-18,0.5641964015641058,-1.724559080609364e-18
20,piqs_blocks,0.8500000000000001,0.5596805621251058,-1.2265037076238119e-18,0.5596805621251058,-1.2265037076238119e-18
20,piqs_blocks,0.9,0.5549161077773054,-1.4738373282220442e-18,0.5549161077773054,-1.4738373282220442e-18
20,piqs_blocks,0.9500000000000001,0.5499075379292667,-1.107072062060909e-18,0.5499075379292667,-1.107072062060909e-18
20,piqs_blocks,1.0,0.5446596234582883,3.091670257483041e-19,0.5446596234582883,3.091670257483041e-19
20,piqs_blocks,1.05,0.539177406545913,-5.62683986860981e-18,0.539177406545913,-5.62683986860981e-18
20,piqs_blocks,1.1,0.5334661998982995,-1.085049205432229e-18,0.5334661998982995,-1.085049205432229e-18
20,piqs_blocks,1.1500000000000001,0.5275315852860354,2.7232109254231276e-18,0.5275315852860354,2.7232109254231276e-18
20,piqs_blocks,1.2000000000000002,0.5213794113417952,-5.7318719540692765e-18,0.5213794113417952,-5.7318719540692765e-18
20,piqs_blocks,1.25,0.5150157905589166,-2.974779710756507e-18,0.5150157905589166,-2.974779710756507e-18
20,piqs_blocks,1.3,0.5084470954394241,-1.6720430378793714e-18,0.5084470954394241,-1.6720430378793714e-18
20,piqs_blocks,1.35,0.5016799537462577,-7.35224598216094e-19,0.5016799537462577,-7.35224598216094e-19
20,piqs_blocks,1.4000000000000001,0.4947212428213612,3.2695471764081975e-19,0.4947212428213612,3.2695471764081975e-19
20,piqs_blocks,1.4500000000000002,0.48757808293884164,-5.675120746597007e-19,0.48757808293884164,-5.675120746597007e-19
20,piqs_blocks,1.5,0.48025782967049346,-2.9680034471783677e-18,0.48025782967049346,-2.9680034471783677e-18
20,piqs_blocks,1.55,0.47276806524953796,-7.162510601981643e-18,0.47276806524953796,-7.162510601981643e-18
20,piqs_blocks,1.6,0.46511658892734115,-4.5790601128560065e-18,0.46511658892734115,-4.5790601128560065e-18
20,piqs_blocks,1.6500000000000001,0.4573114063270447,6.708500942261662e-19,0.4573114063270447,6.708500942261662e-19
20,piqs_blocks,1.7000000000000002,0.4493607178073615,-7.669036304439656e-18,0.4493607178073615,-7.669036304439656e-18
20,piqs_blocks,1.75,0.44127290585912887,2.693564772276657e-19,0.44127290585912887,2.693564772276657e-19
20,piqs_blocks,1.8,0.43305652156647356,-2.559733566601679e-18,0.43305652156647356,-2.559733566601679e-18
20,piqs_blocks,1.85,0.4247202701734838,-2.3208702754684355e-19,0.4247202701734838,-2.3208702754684355e-19
20,piqs_blocks,1.9000000000000001,0.41627299580601446,-3.860776173584249e-18,0.41627299580601446,-3.860776173584249e-18
20,piqs_blocks,1.9500000000000002,0.4077236654065354,-4.9585308732258044e-18,0.4077236654065354,-4.9585308732258044e-18
20,piqs_blocks,2.0,0.39908135194768407,-7.99599102207971e-18,0.39908135194768407,-7.99599102207971e-18
20,piqs_blocks,2.0500000000000003,0.3903552169972842,-2.2480254420120102e-18,0.3903552169972842,-2.2480254420120102e-18
20,piqs_blocks,2.1,0.38155449271398323,5.488773498208785e-18,0.38155449271398323,5.488773498208785e-18
20,piqs_blocks,2.15,0.37268846335822103,-1.5944548199114013e-17,0.37268846335822103,-1.5944548199114013e-17
20,piqs_blocks,2.2,0.3637664464079659,-9.69852724606079e-18,0.3637664464079659,-9.69852724606079e-18
20,piqs_blocks,2.25,0.35479777337243074,-1.6635727084064812e-18,0.35479777337243074,-1.6635727084064812e-18
20,piqs_blocks,2.3000000000000003,0.3457917703998237,-1.5924219408282951e-19,0.3457917703998237,-1.5924219408282951e-19
20,piqs_blocks,2.35,0.33675773877704546,-3.6083603552933918e-19,0.33675773877704546,-3.6083603552933918e-19
20,piqs_blocks,2.4000000000000004,0.3277049354201301,-2.104029840978676e-18,0.3277049354201301,-2.104029840978676e-18
20,piqs_blocks,2.45,0.3186425534541255,5.065257024590905e-19,0.3186425534541255,5.065257024590905e-19
20,piqs_blocks,2.5,0.30957970298007903,-7.082889504939429e-18,0.30957970298007903,-7.082889504939429e-18
20,piqs_blocks,2.5500000000000003,0.30052539212483187,-9.215718466125745e-18,0.30052539212483187,-9.215718466125745e-18
20,piqs_blocks,2.6,0.29148850846651186,4.0996394647213596e-19,0.29148850846651186,4.0996394647213596e-19
20,piqs_blocks,2.6500000000000004,0.2824778009249831,-3.981054852094146e-18,0.2824778009249831,-3.981054852094146e-18
20,piqs_blocks,2.7,0.2735018622021553,-9.439335164200848e-18,0.2735018622021553,-9.439335164200848e-18
20,piqs_blocks,2.75,0.26456911185202164,5.885184917523964e-18,0.26456911185202164,5.885184917523964e-18
20,piqs_blocks,2.8000000000000003,0.2556877800546952,-6.949058299273186e-18,0.2556877800546952,-6.949058299273186e-18
20,piqs_blocks,2.85,0.24686589216260854,-1.2007539060275858e-17,0.24686589216260854,-1.2007539060275858e-17
20,piqs_blocks,2.9000000000000004,0.2381112540805411,1.4975542507467148e-18,0.2381112540805411,1.4975542507467148e-18
20,piqs_blocks,2.95,0.22943143853431672,-7.281095214596847e-18,0.22943143853431672,-7.281095214596847e-18
20,piqs_blocks,3.0,0.2208337722759674,-1.0648898212879938e-17,0.2208337722759674,-1.0648898212879938e-17
20,piqs_blocks,3.0500000000000003,0.21232532426597786,-8.209443324787546e-18,0.21232532426597786,-8.209443324787546e-18
20,piqs_blocks,3.1,0.20391289486598613,5.183841637207703e-19,0.20391289486598613,5.183841637207703e-19
20,piqs_blocks,3.1500000000000004,0.19560300606809997,-6.776263578022965e-19,0.19560300606809997,-6.776263578022965e-19
20,piqs_blocks,3.2,0.18740189277987954,-2.5715920278629076e-18,0.18740189277987954,-2.5715920278629076e-18
20,piqs_blocks,3.25,0.17931549517708356,-1.338312056660642e-18,0.17931549517708356,-1.338312056660642e-18
20,piqs_blocks,3.3000000000000003,0.17134945212956457,-6.7932042369783324e-18,0.17134945212956457,-6.7932042369783324e-18
20,piqs_blocks,3.35,0.1635090956992553,-9.185225280024474e-18,0.1635090956992553,-9.185225280024474e-18
20,piqs_blocks,3.4000000000000004,0.15579944670308202,-4.675621868842577e-18,0.15579944670308202,-4.675621868842577e-18
20,piqs_blocks,3.45,0.14822521132790142,-6.86096687275867e-18,0.14822521132790142,-6.86096687275867e-18
20,piqs_blocks,3.5,0.14079077877920806,-3.828588921588274e-18,0.14079077877920806,-3.828588921588274e-18
20,piqs_blocks,3.5500000000000003,0.13350021994044223,-3.4050724479611237e-18,0.13350021994044223,-3.4050724479611237e-18
20,piqs_blocks,3.6,0.1263572870152414,5.210946691509619e-18,0.1263572870152414,5.210946691509619e-18
20,piqs_blocks,3.6500000000000004,0.11936541412094456,-6.7762635768719355e-21,0.11936541412094456,-6.7762635768719355e-21
20,piqs_blocks,3.7,0.11252771879807617,8.843023969346505e-19,0.11252771879807617,8.843023969346505e-19
20,piqs_blocks,3.75,0.1058470043974039,-3.543985851310834e-18,0.1058470043974039,-3.543985851310834e-18
20,piqs_blocks,3.8000000000000003,0.0993257633034775,-1.24005623477914e-18,0.0993257633034775,-1.24005623477914e-18
20,piqs_blocks,3.85,0.09296618095130134,-1.4030253738319078e-17,0.09296618095130134,-1.4030253738319078e-17
20,piqs_blocks,3.9000000000000004,0.08677014059095405,-1.5639616338102252e-17,0.08677014059095405,-1.5639616338102252e-17
20,piqs_blocks,3.95,0.08073922875353487,-1.3552527155954501e-19,0.08073922875353487,-1.3552527155954501e-19
20,piqs_blocks,4.0,0.07487474137075352,6.166399856022681e-19,0.07487474137075352,6.166399856022681e-19
20,piqs_blocks,4.05,0.06917769049978095,-4.590918574117177e-18,0.06917769049978095,-4.590918574117177e-18
20,piqs_blocks,4.1000000000000005,0.06364881160460455,1.4264034831773663e-18,0.06364881160460455,1.4264034831773663e-18
20,piqs_blocks,4.15,0.05828857134506866,-1.0228769871041814e-17,0.05828857134506866,-1.0228769871041814e-17
20,piqs_blocks,4.2,0.05309717582499352,-4.29953924026172e-18,0.05309717582499352,-4.29953924026172e-18
20,piqs_blocks,4.25,0.04807457925123998,-1.4972154375665913e-17,0.04807457925123998,-1.4972154375665913e-17
20,piqs_blocks,4.3,0.043220492956282205,-1.1597575113804791e-17,0.043220492956282205,-1.1597575113804791e-17
20,piqs_blocks,4.3500000000000005,0.03853439473775595,-1.2395480150118351e-17,0.03853439473775595,-1.2395480150118351e-17
20,piqs_blocks,4.4,0.03401553846953179,-1.1113072267965726e-18,0.03401553846953179,-1.1113072267965726e-18
20,piqs_blocks,4.45,0.029662963940100942,-1.1255373803114086e-17,0.029662963940100942,-1.1255373803114086e-17
20,piqs_blocks,4.5,0.02547550687543802,-9.910285482874268e-18,0.02547550687543802,-9.910285482874268e-18
20,piqs_blocks,4.55,0.02145180910499072,-1.4851875697155867e-17,0.02145180910499072,-1.4851875697155867e-17
20,piqs_blocks,4.6000000000000005,0.01759032883103328,-9.783230540786149e-18,0.01759032883103328,-9.783230540786149e-18
20,piqs_blocks,4.65,0.013889350963282381,-1.588694995870065e-17,0.013889350963282381,-1.588694995870065e-17
20,piqs_blocks,4.7,0.010346997482398871,-9.271622640644581e-18,0.010346997482398871,-9.271622640644581e-18
20,piqs_blocks,4.75,0.006961237797775768,-8.392402441394632e-18,0.006961237797775768,-8.392402441394632e-18
20,piqs_blocks,4.800000000000001,0.0037298990668203523,-3.455894424787951e-19,0.0037298990668203523,-3.455894424787951e-19
20,piqs_blocks,4.8500000000000005,0.0006506764447760069,-2.7562452103645504e-18,0.0006506764447760069,-2.7562452103645504e-18
20,piqs_blocks,4.9,-0.0022788567640212457,-5.976664475825418e-18,-0.0022788567640212457,-5.976664475825418e-18
20,piqs_blocks,4.95,-0.005061239080696293,8.099329041646527e-18,-0.005061239080696293,8.099329041646527e-18
20,piqs_blocks,5.0,-0.007699110977587418,-1.0643816015196649e-17,-0.007699110977587418,-1.0643816015196649e-17
20,piqs_blocks,5.050000000000001,-0.010195205178734679,2.054901930039803e-18,-0.010195205178734679,2.054901930039803e-18
20,piqs_blocks,5.1000000000000005,-0.012552337156801863,1.8397555614371912e-18,-0.012552337156801863,1.8397555614371912e-18
20,piqs_blocks,5.15,-0.01477339584631012,-2.0305073811579256e-17,-0.01477339584631012,-2.0305073811579256e-17
20,piqs_blocks,5.2,-0.016861334591260917,-6.376464026929563e-18,-0.016861334591260917,-6.376464026929563e-18
20,piqs_blocks,5.25,-0.018819162343457138,1.0604852499631727e-18,-0.018819162343457138,1.0604852499631727e-18
20,piqs_blocks,5.300000000000001,-0.02064993512609157,-1.432502120396396e-17,-0.02064993512609157,-1.432502120396396e-17
20,piqs_blocks,5.3500000000000005,-0.022356747775473203,8.814224849128994e-18,-0.022356747775473203,8.814224849128994e-18
20,piqs_blocks,5.4,-0.023942725972106175,-1.0076303940536436e-17,-0.023942725972106175,-1.0076303940536436e-17
20,piqs_blocks,5.45,-0.025411018570731015,9.84252284710195e-19,-0.025411018570731015,9.84252284710195e-19
20,piqs_blocks,5.5,-0.026764790237392876,-9.744267025212798e-18,-0.026764790237392876,-9.744267025212798e-18
20,piqs_blocks,5.550000000000001,-0.02800721440012118,9.385125055584142e-19,-0.02800721440012118,9.385125055584142e-19
20,piqs_blocks,5.6000000000000005,-0.029141466518400945,5.9885229370885274e-18,-0.029141466518400945,5.9885229370885274e-18
20,piqs_blocks,5.65,-0.03017071767529496,-4.682398132421174e-18,-0.03017071767529496,-4.682398132421174e-18
20,piqs_blocks,5.7,-0.031098128494848897,8.23654837910139e-18,-0.031098128494848897,8.23654837910139e-18
20,piqs_blocks,5.75,-0.03192684338628422,-9.376654726104558e-18,-0.03192684338628422,-9.376654726104558e-18
20,piqs_blocks,5.800000000000001,-0.032659985115467444,-2.5834504891204146e-19,-0.032659985115467444,-2.5834504891204146e-19
20,piqs_blocks,5.8500000000000005,-0.033300649703243666,-1.608515566835867e-17,-0.033300649703243666,-1.608515566835867e-17
20,piqs_blocks,5.9,-0.03385190164944147,-4.2969981414205995e-18,-0.03385190164944147,-4.2969981414205995e-18
20,piqs_blocks,5.95,-0.03431676948070025,-8.669382215147326e-18,-0.03431676948070025,-8.669382215147326e-18
20,piqs_blocks,6.0,-0.034698241619736156,2.504676425031375e-18,-0.034698241619736156,2.504676425031375e-18
20,piqs_blocks,6.050000000000001,-0.03499926257325078,-1.416662604282779e-17,-0.03499926257325078,-1.416662604282779e-17
20,piqs_blocks,6.1000000000000005,-0.03522272943538082,3.14926849789184e-18,-0.03522272943538082,3.14926849789184e-18
20,piqs_blocks,6.15,-0.03537148870338771,-4.799288679142544e-18,-0.03537148870338771,-4.799288679142544e-18
20,piqs_blocks,6.2,-0.03544833340216851,1.4547790869095532e-18,-0.03544833340216851,1.4547790869095532e-18
20,piqs_blocks,6.25,-0.035456000514118007,5.313225919889675e-18,-0.035456000514118007,5.313225919889675e-18
20,piqs_blocks,6.300000000000001,-0.03539716871086391,-9.14837934681984e-18,-0.03539716871086391,-9.14837934681984e-18
20,piqs_blocks,6.3500000000000005,-0.035274456383405234,-4.7815009872503236e-18,-0.035274456383405234,-4.7815009872503236e-18
20,piqs_blocks,6.4,-0.035090419967177156,-8.151421567901588e-18,-0.035090419967177156,-8.151421567901588e-18
20,piqs_blocks,6.45,-0.03484755255851803,-1.2509406081524994e-17,-0.03484755255851803,-1.2509406081524994e-17
20,piqs_blocks,6.5,-0.0345482828188872,1.7741105080242407e-18,-0.0345482828188872,1.7741105080242407e-18
20,piqs_blocks,6.550000000000001,-0.03419497416295066,4.1220858378131304e-18,-0.03419497416295066,4.1220858378131304e-18
20,piqs_blocks,6.6000000000000005,-0.03378992422627962,-5.52074899196667e-18,-0.03378992422627962,-5.52074899196667e-18
20,piqs_blocks,6.65,-0.033335364607874306,1.960245998183279e-18,-0.033335364607874306,1.960245998183279e-18
20,piqs_blocks,6.7,-0.032833460881999406,5.8957728293635406e-18,-0.032833460881999406,5.8957728293635406e-18
20,piqs_blocks,6.75,-0.03228631287289099,-2.7682095507455096e-18,-0.03228631287289099,-2.7682095507455096e-18
20,piqs_blocks,6.800000000000001,-0.031695955184748284,6.278658191302022e-18,-0.031695955184748284,6.278658191302022e-18
20,piqs_blocks,6.8500000000000005,-0.031064357978056217,4.8775333476453685e-18,-0.031064357978056217,4.8775333476453685e-18
20,piqs_blocks,6.9,-0.03039342798170205,5.027140541952821e-19,-0.03039342798170205,5.027140541952821e-19
20,piqs_blocks,6.95,-0.029685009728560353,-4.14548512298113e-18,-0.029685009728560353,-4.14548512298113e-18
20,piqs_blocks,7.0,-0.02894088700025153,3.963478918439476e-18,-0.02894088700025153,3.963478918439476e-18
20,piqs_blocks,7.050000000000001,-0.028162784464656036,-1.5409646892926272e-18,-0.028162784464656036,-1.5409646892926272e-18
20,piqs_blocks,7.1000000000000005,-0.02735236948753062,-6.998609726688931e-18,-0.02735236948753062,-6.998609726688931e-18
20,piqs_blocks,7.15,-0.026511254097270787,8.895540012064357e-18,-0.026511254097270787,8.895540012064357e-18
20,piqs_blocks,7.2,-0.02564099707954597,-9.9001210875086e-18,-0.02564099707954597,-9.9001210875086e-18
20,piqs_blocks,7.25,-0.024743106176261777,9.313127255057346e-19,-0.024743106176261777,9.313127255057346e-19
20,piqs_blocks,7.300000000000001,-0.02381904036113532,4.0589818832422074e-18,-0.02381904036113532,4.0589818832422074e-18
20,piqs_blocks,7.3500000000000005,-0.022870212162175288,-2.936663228131091e-18,-0.022870212162175288,-2.936663228131091e-18
20,piqs_blocks,7.4,-0.02189798999959288,-5.62091063798e-18,-0.02189798999959288,-5.62091063798e-18
20,piqs_blocks,7.45,-0.020903700506208624,5.169442077092501e-18,-0.020903700506208624,5.169442077092501e-18
20,piqs_blocks,7.5,-0.019888630796310005,-3.066259269065817e-19,-0.019888630796310005,-3.066259269065817e-19
20,piqs_blocks,7.550000000000001,-0.018854030648220884,2.6173318070152326e-18,-0.018854030648220884,2.6173318070152326e-18
20,piqs_blocks,7.6000000000000005,-0.01780111456560715,3.139104102523851e-18,-0.01780111456560715,3.139104102523851e-18
20,piqs_blocks,7.65,-0.016731063682805667,6.848261378550402e-18,-0.016731063682805667,6.848261378550402e-18
20,piqs_blocks,7.7,-0.015645027480258658,1.2304847624762575e-17,-0.015645027480258658,1.2304847624762575e-17
20,piqs_blocks,7.75,-0.014544125277476557,8.525386614113858e-18,-0.014544125277476557,8.525386614113858e-18
20,piqs_blocks,7.800000000000001,-0.013429447472855223,-9.876404164992187e-19,-0.013429447472855223,-9.876404164992187e-19
20,piqs_blocks,7.8500000000000005,-0.01230205650213325,-5.963111948677607e-19,-0.01230205650213325,-5.963111948677607e-19
20,piqs_blocks,7.9,-0.011162987490276933,6.1918108444281736e-18,-0.011162987490276933,6.1918108444281736e-18
20,piqs_blocks,7.95,-0.010013248575103837,-9.21233033433856e-18,-0.010013248575103837,-9.21233033433856e-18
20,piqs_blocks,8.0,-0.008853820884963,1.5969959187531762e-17,-0.008853820884963,1.5969959187531762e-17
20,piqs_blocks,8.05,-0.007685658157238414,8.182338270468099e-19,-0.007685658157238414,8.182338270468099e-19
20,piqs_blocks,8.1,-0.00650968598927529,1.3010426069817344e-18,-0.00650968598927529,1.3010426069817344e-18
20,piqs_blocks,8.15,-0.005326800718490034,1.646801456051721e-17,-0.005326800718490034,1.646801456051721e-17
20,piqs_blocks,8.200000000000001,-0.0041378679338436725,3.0154372922243867e-18,-0.0041378679338436725,3.0154372922243867e-18
20,piqs_blocks,8.25,-0.0029437206264587034,5.5667005293543135e-18,-0.0029437206264587034,5.5667005293543135e-18
20,piqs_blocks,8.3,-0.0017451569928709234,2.270048298631801e-19,-0.0017451569928709234,2.270048298631801e-19
20,piqs_blocks,8.35,-0.0005429379101444877,6.390016554085445e-18,-0.0005429379101444877,6.390016554085445e-18
20,piqs_blocks,8.4,0.0006622158922429449,1.1011428314295707e-18,0.0006622158922429449,1.1011428314295707e-18
20,piqs_blocks,8.450000000000001,0.0018696269332922411,4.368995941936638e-18,0.0018696269332922411,4.368995941936638e-18
20,piqs_blocks,8.5,0.00307866431838071,1.0952136007997039e-17,0.00307866431838071,1.0952136007997039e-17
20,piqs_blocks,8.55,0.004288747273373487,4.0793106739756234e-18,0.004288747273373487,4.0793106739756234e-18
20,piqs_blocks,8.6,0.005499348829517857,6.198587108005862e-18,0.005499348829517857,6.198587108005862e-18
20,piqs_blocks,8.65,0.0067099996095099776,4.8518047218715045e-18,0.0067099996095099776,4.8518047218715045e-18
20,piqs_blocks,8.700000000000001,0.007920291661470088,6.5560350117471375e-18,0.007920291661470088,6.5560350117471375e-18
20,piqs_blocks,8.75,0.009129882284507342,-4.448617038980751e-18,0.009129882284507342,-4.448617038980751e-18
20,piqs_blocks,8.8,0.010338497787158847,1.9820570965632203e-19,0.010338497787158847,1.9820570965632203e-19
20,piqs_blocks,8.85,0.011545937118299304,-2.6986469699534027e-18,0.011545937118299304,-2.6986469699534027e-18
20,piqs_blocks,8.9,0.012752075309199185,1.533129634530162e-17,0.012752075309199185,1.533129634530162e-17
20,piqs_blocks,8.950000000000001,0.013956866665280428,2.2480254420116786e-18,0.013956866665280428,2.2480254420116786e-18
20,piqs_blocks,9.0,0.015160347646830219,-9.22418879560058e-18,0.015160347646830219,-9.22418879560058e-18
20,piqs_blocks,9.05,0.01636263937948756,5.700531735020178e-18,0.01636263937948756,5.700531735020178e-18
20,piqs_blocks,9.1,0.017563949737734334,4.855192853660372e-18,0.017563949737734334,4.855192853660372e-18
20,piqs_blocks,9.15,0.01876457494789367,1.7821573210217575e-18,0.01876457494789367,1.7821573210217575e-18
20,piqs_blocks,9.200000000000001,0.019964900661246846,3.8506117782167474e-18,0.019964900661246846,3.8506117782167474e-18
20,piqs_blocks,9.25,0.02116540245279606,6.032568650343814e-18,0.02116540245279606,6.032568650343814e-18
20,piqs_blocks,9.3,0.022366645706879667,4.92295548944067e-18,0.022366645706879667,4.92295548944067e-18
20,piqs_blocks,9.35,0.023569284857226033,5.014435047732131e-19,0.023569284857226033,5.014435047732131e-19
20,piqs_blocks,9.4,0.024774061956043758,1.12350450123797e-17,0.024774061956043758,1.12350450123797e-17
20,piqs_blocks,9.450000000000001,0.025981804554292005,9.00904242699539e-18,0.025981804554292005,9.00904242699539e-18
20,piqs_blocks,9.5,0.027193422883263912,4.997494388799016e-18,0.027193422883263912,4.997494388799016e-18
20,piqs_blocks,9.55,0.028409906335923937,-1.0977546996429349e-18,0.028409906335923937,-1.0977546996429349e-18
20,piqs_blocks,9.600000000000001,0.029632319254947217,-2.8087612530966266e-18,0.029632319254947217,-2.8087612530966266e-18
20,piqs_blocks,9.65,0.03086179604298236,1.0120349653793009e-17,0.03086179604298236,1.0120349653793009e-17
20,piqs_blocks,9.700000000000001,0.032099535619151985,5.522654816084299e-19,0.032099535619151985,5.522654816084299e-19
20,piqs_blocks,9.75,0.03334679525407928,1.4779030863691655e-17,0.03334679525407928,1.4779030863691655e-17
20,piqs_blocks,9.8,0.03460488382364027,4.404571325708586e-19,0.03460488382364027,4.404571325708586e-19
20,piqs_blocks,9.850000000000001,0.03587515452903657,1.3179832659275536e-17,0.03587515452903657,1.3179832659275536e-17
20,piqs_blocks,9.9,0.03715899713754661,3.5846434327788216e-18,0.03715899713754661,3.5846434327788216e-18
20,piqs_blocks,9.950000000000001,0.03845782980428971,3.5033282698424095e-18,0.03845782980428971,3.5033282698424095e-18
20,piqs_blocks,10.0,0.039773090540441695,-1.1587410718452566e-18,0.039773090540441695,-1.1587410718452566e-18
20,piqs_blocks,10.05,0.04110622839744779,3.689675518238362e-18,0.04110622839744779,3.689675518238362e-18
20,piqs_blocks,10.100000000000001,0.042458694439827575,-6.742382260157895e-19,0.042458694439827575,-6.742382260157895e-19
20,piqs_blocks,10.15,0.04383193258108394,2.368304120521662e-18,0.04383193258108394,2.368304120521662e-18
20,piqs_blocks,10.200000000000001,0.04522737035798743,-2.8629713617208906e-18,0.04522737035798743,-2.8629713617208906e-18
20,piqs_blocks,10.25,0.04664640971808852,5.0821976833909556e-20,0.04664640971808852,5.0821976833909556e-20
20,piqs_blocks,10.3,0.048090417893731925,1.019827668492837e-18,0.048090417893731925,1.019827668492837e-18
20,piqs_blocks,10.350000000000001,0.049560718433144677,1.310868189170622e-17,0.049560718433144677,1.310868189170622e-17
20,piqs_blocks,10.4,0.05105858245540666,6.7830398416111144e-18,0.05105858245540666,6.7830398416111144e-18
20,piqs_blocks,10.450000000000001,0.05258522019137798,1.0347354483657222e-17,0.05258522019137798,1.0347354483657222e-17
20,piqs_blocks,10.5,0.054141772867052865,5.7191664598597355e-18,0.054141772867052865,5.7191664598597355e-18
20,piqs_blocks,10.55,0.05572930497947953,3.835365185166184e-18,0.05572930497947953,3.835365185166184e-18
20,piqs_blocks,10.600000000000001,0.05734879700844654,1.0953830073891338e-17,0.05734879700844654,1.0953830073891338e-17
20,piqs_blocks,10.65,0.05900113859977698,-2.964615315391311e-18,0.05900113859977698,-2.964615315391311e-18
20,piqs_blocks,10.700000000000001,0.06068712224843112,6.7186653376198646e-18,0.06068712224843112,6.7186653376198646e-18
20,piqs_blocks,10.75,0.06240743750188062,1.1617903904538754e-17,0.06240743750188062,1.1617903904538754e-17
20,piqs_blocks,10.8,0.06416266569655378,1.1045309632183953e-18,0.06416266569655378,1.1045309632183953e-18
20,piqs_blocks,10.850000000000001,0.06595327523271745,-2.0464316005675845e-18,0.06595327523271745,-2.0464316005675845e-18
20,piqs_blocks,10.9,0.06777961738612978,1.465366998749822e-17,0.06777961738612978,1.465366998749822e-17
20,piqs_blocks,10.950000000000001,0.06964192264830674,-1.0130514049162589e-17,0.06964192264830674,-1.0130514049162589e-17
20,piqs_blocks,11.0,0.07154029758142405,-8.382238046029693e-18,0.07154029758142405,-8.382238046029693e-18
20,piqs_blocks,11.05,0.07347472216885133,1.5910666881223662e-17,0.07347472216885133,1.5910666881223662e-17
20,piqs_blocks,11.100000000000001,0.07544504763815442,-1.4704491964345597e-18,0.07544504763815442,-1.4704491964345597e-18
20,piqs_blocks,11.15,0.07745099473019967,1.0679391398981146e-17,0.07745099473019967,1.0679391398981146e-17
20,piqs_blocks,11.200000000000001,0.07949215238577167,8.841329903439338e-18,0.07949215238577167,8.841329903439338e-18
20,piqs_blocks,11.25,0.08156797681990811,-2.539404775869417e-18,0.08156797681990811,-2.539404775869417e-18
20,piqs_blocks,11.3,0.08367779095394404,9.410536043994277e-18,0.08367779095394404,9.410536043994277e-18
20,piqs_blocks,11.350000000000001,0.08582078417601921,9.503709668183508e-19,0.08582078417601921,9.503709668183508e-19
20,piqs_blocks,11.4,0.08799601240248058,4.533320333704068e-18,0.08799601240248058,4.533320333704068e-18
20,piqs_blocks,11.450000000000001,0.09020239841512746,8.917562868692353e-18,0.09020239841512746,8.917562868692353e-18
20,piqs_blocks,11.5,0.0924387324525142,-8.931115395850236e-18,0.0924387324525142,-8.931115395850236e-18
20,piqs_blocks,11.55,0.09470367303742946,1.706432575538427e-17,0.09470367303742946,1.706432575538427e-17
20,piqs_blocks,11.600000000000001,0.09699574802708642,4.824699667559658e-18,0.09699574802708642,4.824699667559658e-18
20,piqs_blocks,11.65,0.09931335587736605,-8.21791365426203e-18,0.09931335587736605,-8.21791365426203e-18
20,piqs_blocks,11.700000000000001,0.10165476711750343,3.2288895949326156e-18,0.10165476711750343,3.2288895949326156e-18
20,piqs_blocks,11.75,0.10401812603676322,7.187921590399245e-18,0.10401812603676322,7.187921590399245e-18
20,piqs_blocks,11.8,0.10640145258978337,6.801674566451316e-18,0.10640145258978337,6.801674566451316e-18
20,piqs_blocks,11.850000000000001,0.10880264453221938,1.7889335846003982e-18,0.10880264453221938,1.7889335846003982e-18
20,piqs_blocks,11.9,0.11121947980300168,3.342392009864817e-18,0.11121947980300168,3.342392009864817e-18
20,piqs_blocks,11.950000000000001,0.1136496191737695,-4.714585384418055e-18,0.1136496191737695,-4.714585384418055e-18
20,piqs_blocks,12.0,0.11609060918979672,-2.195509399283733e-18,0.11609060918979672,-2.195509399283733e-18
20,thesis,0.0,0.6,0.0,0.6000000000000008,0.0
20,thesis,0.05,0.5998575102129676,-1.058791184098117e-21,0.5998575102129686,-6.829203137235306e-20
20,thesis,0.1,0.5994301634299077,-7.214603128239108e-19,0.5994301634299086,-5.881585027496549e-19
20,thesis,0.15000000000000002,0.5987183275525287,-1.149423709424176e-18,0.5987183275525293,8.49150529623183e-20
20,thesis,0.2,0.5977226163054745,-1.290242936905234e-18,0.5977226163054751,2.9730856448635894e-19
20,thesis,0.25,0.5964438900566722,-6.865202037497612e-19,0.5964438900566731,5.783117447379979e-19
20,thesis,0.30000000000000004,0.5948832569412467,-2.6732359815347525e-18,0.5948832569412474,-9.111956930086645e-19
20,thesis,0.35000000000000003,0.593042074264674,-2.0654898418798217e-18,0.593042074264675,6.259573480211017e-19
20,thesis,0.4,0.5909219501542867,-1.0498973381219454e-18,0.5909219501542874,-2.690176640479459e-18
20,thesis,0.45,0.5885247454219164,-1.1125777762187931e-18,0.5885247454219171,4.0530526526140564e-19
20,thesis,0.5,0.5858525755945209,-3.242865638563388e-18,0.5858525755945216,-4.377466271409977e-18
20,thesis,0.55,0.5829078130640509,-5.374000533855237e-18,0.5829078130640517,-1.7630990797095546e-18
20,thesis,0.6000000000000001,0.5796930893027188,-4.252952428164199e-18,0.5796930893027195,-5.848762500787985e-19
20,thesis,0.65,0.5762112970852329,-4.046276389034178e-18,0.5762112970852334,-2.7630214739432076e-18
20,thesis,0.7000000000000001,0.5724655926555424,-5.945324256778348e-18,0.5724655926555431,-3.0518597089569e-18
20,thesis,0.75,0.5684593977722462,-7.281942247545662e-18,0.568459397772247,-3.279711571768283e-18
20,thesis,0.8,0.5641964015641051,-8.234007280259524e-18,0.5641964015641058,-1.724559080609364e-18
20,thesis,0.8500000000000001,0.559680562125105,-5.63954536281963e-18,0.5596805621251058,-1.2265037076238119e-18
20,thesis,0.9,0.5549161077773046,-6.41034534482107e-18,0.5549161077773054,-1.4738373282220442e-18
20,thesis,0.9500000000000001,0.5499075379292658,-5.924148433097129e-18,0.5499075379292667,-1.107072062060909e-18
20,thesis,1.0,0.5446596234582877,-5.7784587661694155e-18,0.5446596234582883,3.091670257483041e-19
20,thesis,1.05,0.5391774065459123,-8.314475410248816e-18,0.539177406545913,-5.62683986860981e-18
20,thesis,1.1,0.5334661998982988,-5.5988877813515554e-18,0.5334661998982995,-1.085049205432229e-18
20,thesis,1.1500000000000001,0.5275315852860346,-4.175872429964356e-18,0.5275315852860354,2.7232109254231276e-18
20,thesis,1.2000000000000002,0.5213794113417948,-6.8652020374967845e-18,0.5213794113417952,-5.7318719540692765e-18
20,thesis,1.25,0.515015790558916,-9.10899231477345e-18,0.5150157905589166,-2.974779710756507e-18
20,thesis,1.3,0.5084470954394236,-7.707999820014862e-18,0.5084470954394241,-1.6720430378793714e-18
20,thesis,1.35,0.5016799537462573,-1.0035646359069702e-17,0.5016799537462577,-7.35224598216094e-19
20,thesis,1.4000000000000001,0.49472124282136076,-2.9222636680281115e-18,0.4947212428213612,3.2695471764081975e-19
20,thesis,1.4500000000000002,0.4875780829388412,-1.5890338090491472e-17,0.48757808293884164,-5.675120746597007e-19
20,thesis,1.5,0.48025782967049296,-1.438092537848433e-17,0.48025782967049346,-2.9680034471783677e-18
20,thesis,1.55,0.4727680652495376,-7.301424005332909e-18,0.47276806524953796,-7.162510601981643e-18
20,thesis,1.6,0.46511658892734065,-1.5512561396016116e-17,0.46511658892734115,-4.5790601128560065e-18
20,thesis,1.6500000000000001,0.45731140632704437,-5.637851296925505e-18,0.4573114063270447,6.708500942261662e-19
20,thesis,1.7000000000000002,0.4493607178073611,-9.864545703724485e-18,0.4493607178073615,-7.669036304439656e-18
20,thesis,1.75,0.44127290585912854,-1.1748346978418067e-17,0.44127290585912887,2.693564772276657e-19
20,thesis,1.8,0.4330565215664731,-8.06205959196737e-18,0.43305652156647356,-2.559733566601679e-18
20,thesis,1.85,0.4247202701734835,-1.0122043719689847e-17,0.4247202701734838,-2.3208702754684355e-19
20,thesis,1.9000000000000001,0.41627299580601407,-1.2554722344204215e-17,0.41627299580601446,-3.860776173584249e-18
20,thesis,1.9500000000000002,0.40772366540653515,-1.114017732228955e-17,0.4077236654065354,-4.9585308732258044e-18
20,thesis,2.0,0.39908135194768374,-7.428478947421223e-18,0.39908135194768407,-7.99599102207971e-18
20,thesis,2.0500000000000003,0.39035521699728404,-1.1074108752403747e-17,0.3903552169972842,-2.2480254420120102e-18
20,thesis,2.1,0.381554492713983,-7.199780051662591e-18,0.38155449271398323,5.488773498208785e-18
20,thesis,2.15,0.37268846335822076,-1.3398367159669575e-17,0.37268846335822103,-1.5944548199114013e-17
20,thesis,2.2,0.36376644640796574,-1.5839516113656483e-17,0.3637664464079659,-9.69852724606079e-18
20,thesis,2.25,0.3547977733724306,-1.1504401489608986e-17,0.35479777337243074,-1.6635727084064812e-18
20,thesis,2.3000000000000003,0.3457917703998235,-1.2287059932871972e-17,0.3457917703998237,-1.5924219408282951e-19
20,thesis,2.35,0.3367577387770454,-4.704420989051486e-18,0.33675773877704546,-3.6083603552933918e-19
20,thesis,2.4000000000000004,0.32770493542013,-1.8861729669459872e-17,0.3277049354201301,-2.104029840978676e-18
20,thesis,2.45,0.3186425534541254,-1.263095530945725e-17,0.3186425534541255,5.065257024590905e-19
20,thesis,2.5,0.3095797029800789,-1.5233040523422468e-17,0.30957970298007903,-7.082889504939429e-18
20,thesis,2.5500000000000003,0.3005253921248319,-2.2415879916138944e-17,0.30052539212483187,-9.215718466125745e-18
20,thesis,2.6,0.2914885084665119,-4.0826988057668755e-18,0.29148850846651186,4.0996394647213596e-19
20,thesis,2.6500000000000004,0.28247780092498315,-1.746243124059581e-17,0.2824778009249831,-3.981054852094146e-18
20,thesis,2.7,0.2735018622021554,-1.1990598401333039e-17,0.2735018622021553,-9.439335164200848e-18
20,thesis,2.75,0.26456911185202175,-1.6954211472243243e-17,0.26456911185202164,5.885184917523964e-18
20,thesis,2.8000000000000003,0.2556877800546954,-9.137791434980566e-18,0.2556877800546952,-6.949058299273186e-18
20,thesis,2.85,0.24686589216260868,-1.48163003133734e-17,0.24686589216260854,-1.2007539060275858e-17
20,thesis,2.9000000000000004,0.2381112540805412,-6.359523367986468e-18,0.2381112540805411,1.4975542507467148e-18
20,thesis,2.95,0.2294314385343169,-2.368304120523142e-17,0.22943143853431672,-7.281095214596847e-18
20,thesis,3.0,0.22083377227596757,-5.634463165136792e-18,0.2208337722759674,-1.0648898212879938e-17
20,thesis,3.0500000000000003,0.21232532426597805,-1.4037030001899452e-17,0.21232532426597786,-8.209443324787546e-18
20,thesis,3.1,0.20391289486598632,-1.6717042247012058e-17,0.20391289486598613,5.183841637207703e-19
20,thesis,3.1500000000000004,0.19560300606810022,-4.912791094076131e-18,0.19560300606809997,-6.776263578022965e-19
20,thesis,3.2,0.1874018927798798,-6.569587538905541e-18,0.18740189277987954,-2.5715920278629076e-18
20,thesis,3.25,0.17931549517708384,-8.626183534838981e-18,0.17931549517708356,-1.338312056660642e-18
20,thesis,3.3000000000000003,0.17134945212956493,-1.4755313941171095e-17,0.17134945212956457,-6.7932042369783324e-18
20,thesis,3.35,0.16350909569925565,-1.2881677061844581e-17,0.1635090956992553,-9.185225280024474e-18
20,thesis,3.4000000000000004,0.1557994467030823,-7.82997256441993e-18,0.15579944670308202,-4.675621868842577e-18
20,thesis,3.45,0.14822521132790176,-1.230569465771165e-17,0.14822521132790142,-6.86096687275867e-18
20,thesis,3.5,0.14079077877920843,-2.469609261014755e-17,0.14079077877920806,-3.828588921588274e-18
20,thesis,3.5500000000000003,0.1335002199404426,-1.9986589423413633e-17,0.13350021994044223,-3.4050724479611237e-18
20,thesis,3.6,0.12635728701524176,-2.0992864564751735e-17,0.1263572870152414,5.210946691509619e-18
20,thesis,3.6500000000000004,0.11936541412094495,-1.1472214237613393e-17,0.11936541412094456,-6.7762635768719355e-21
20,thesis,3.7,0.11252771879807658,-1.5876785563335746e-17,0.11252771879807617,8.843023969346505e-19
20,thesis,3.75,0.10584700439740433,-7.653789711390992e-18,0.1058470043974039,-3.543985851310834e-18
20,thesis,3.8000000000000003,0.09932576330347792,-4.597694837697467e-18,0.0993257633034775,-1.24005623477914e-18
20,thesis,3.85,0.09296618095130176,-2.1243586317138965e-17,0.09296618095130134,-1.4030253738319078e-17
20,thesis,3.9000000000000004,0.08677014059095446,-1.082846919770008e-17,0.08677014059095405,-1.5639616338102252e-17
20,thesis,3.95,0.08073922875353529,-8.199278929422721e-18,0.08073922875353487,-1.3552527155954501e-19
20,thesis,4.0,0.07487474137075394,-1.8699099343587016e-17,0.07487474137075352,6.166399856022681e-19
20,thesis,4.05,0.06917769049978138,-1.0238934266411052e-17,0.06917769049978095,-4.590918574117177e-18
20,thesis,4.1000000000000005,0.063648811604605,-1.4430053289425318e-17,0.06364881160460455,1.4264034831773663e-18
20,thesis,4.15,0.05828857134506912,-1.1905895106607489e-17,0.05828857134506866,-1.0228769871041814e-17
20,thesis,4.2,0.053097175824993986,-3.4355656340644714e-18,0.05309717582499352,-4.29953924026172e-18
20,thesis,4.25,0.04807457925124046,-1.6357900277376062e-17,0.04807457925123998,-1.4972154375665913e-17
20,thesis,4.3,0.04322049295628269,-2.6034404666809174e-17,0.043220492956282205,-1.1597575113804791e-17
20,thesis,4.3500000000000005,0.038534394737756404,-1.0467633162169628e-17,0.03853439473775595,-1.2395480150118351e-17
20,thesis,4.4,0.034015538469532265,-7.816420037263651e-18,0.03401553846953179,-1.1113072267965726e-18
20,thesis,4.45,0.029662963940101393,-2.1240198185349784e-17,0.029662963940100942,-1.1255373803114086e-17
20,thesis,4.5,0.025475506875438467,-8.968384845529466e-18,0.02547550687543802,-9.910285482874268e-18
20,thesis,4.55,0.021451809104991164,-1.3688052427630409e-17,0.02145180910499072,-1.4851875697155867e-17
20,thesis,4.6000000000000005,0.017590328831033734,-1.2688553549870317e-17,0.01759032883103328,-9.783230540786149e-18
20,thesis,4.65,0.013889350963282827,-1.7941851888741468e-17,0.013889350963282381,-1.588694995870065e-17
20,thesis,4.7,0.010346997482399336,-9.452887691358852e-18,0.010346997482398871,-9.271622640644581e-18
20,thesis,4.75,0.006961237797776187,-9.205554070760576e-18,0.006961237797775768,-8.392402441394632e-18
20,thesis,4.800000000000001,0.0037298990668208063,-8.621101337155089e-18,0.0037298990668203523,-3.455894424787951e-19
20,thesis,4.8500000000000005,0.0006506764447764444,-1.0391400196916555e-17,0.0006506764447760069,-2.7562452103645504e-18
20,thesis,4.9,-0.0022788567640208354,-1.2439525863377431e-17,-0.0022788567640212457,-5.976664475825418e-18
20,thesis,4.95,-0.005061239080695888,-4.013242104091631e-18,-0.005061239080696293,8.099329041646527e-18
20,thesis,5.0,-0.007699110977587055,-9.99160064581246e-18,-0.007699110977587418,-1.0643816015196649e-17
20,thesis,5.050000000000001,-0.010195205178734294,-1.703044443749567e-17,-0.010195205178734679,2.054901930039803e-18
20,thesis,5.1000000000000005,-0.01255233715680149,7.098136097984156e-19,-0.012552337156801863,1.8397555614371912e-18
20,thesis,5.15,-0.014773395846309769,-1.3350933314622948e-17,-0.01477339584631012,-2.0305073811579256e-17
20,thesis,5.2,-0.016861334591260595,-1.5746342489458084e-17,-0.016861334591260917,-6.376464026929563e-18
20,thesis,5.25,-0.01881916234345685,2.9917203697015717e-18,-0.018819162343457138,1.0604852499631727e-18
20,thesis,5.300000000000001,-0.02064993512609126,-9.917061746453942e-18,-0.02064993512609157,-1.432502120396396e-17
20,thesis,5.3500000000000005,-0.022356747775472904,-6.945670167485831e-18,-0.022356747775473203,8.814224849128994e-18
20,thesis,5.4,-0.02394272597210589,-5.24652207529368e-18,-0.023942725972106175,-1.0076303940536436e-17
20,thesis,5.45,-0.02541101857073075,1.0323637561134893e-17,-0.025411018570731015,9.84252284710195e-19
20,thesis,5.5,-0.026764790237392633,-2.8629713617244646e-19,-0.026764790237392876,-9.744267025212798e-18
20,thesis,5.550000000000001,-0.02800721440012095,-1.5605735020213695e-17,-0.02800721440012118,9.385125055584142e-19
20,thesis,5.6000000000000005,-0.0291414665184007,7.355634113955902e-18,-0.029141466518400945,5.9885229370885274e-18
20,thesis,5.65,-0.030170717675294757,1.2163393122567602e-18,-0.03017071767529496,-4.682398132421174e-18
20,thesis,5.7,-0.03109812849484871,-1.7035526635178877e-17,-0.031098128494848897,8.23654837910139e-18
20,thesis,5.75,-0.03192684338628403,-9.9543311961329e-18,-0.03192684338628422,-9.376654726104558e-18
20,thesis,5.800000000000001,-0.03265998511546725,-8.556726833163278e-18,-0.032659985115467444,-2.5834504891204146e-19
20,thesis,5.8500000000000005,-0.033300649703243486,-1.651629543851191e-17,-0.033300649703243666,-1.608515566835867e-17
20,thesis,5.9,-0.03385190164944134,-5.977511508773878e-18,-0.03385190164944147,-4.2969981414205995e-18
20,thesis,5.95,-0.034316769480700095,-6.909247750753581e-18,-0.03431676948070025,-8.669382215147326e-18
20,thesis,6.0,-0.03469824161973604,-1.0240628332306748e-18,-0.034698241619736156,2.504676425031375e-18
20,thesis,6.050000000000001,-0.034999262573250735,2.2946122541117012e-18,-0.03499926257325078,-1.416662604282779e-17
20,thesis,6.1000000000000005,-0.03522272943538077,3.3254513509202125e-18,-0.03522272943538082,3.14926849789184e-18
20,thesis,6.15,-0.03537148870338765,-4.346973085309212e-18,-0.03537148870338771,-4.799288679142544e-18
20,thesis,6.2,-0.03544833340216847,6.001228431295571e-19,-0.03544833340216851,1.4547790869095532e-18
20,thesis,6.25,-0.035456000514117986,-1.2191874605423267e-17,-0.035456000514118007,5.313225919889675e-18
20,thesis,6.300000000000001,-0.03539716871086393,2.9053230090816628e-19,-0.03539716871086391,-9.14837934681984e-18
20,thesis,6.3500000000000005,-0.035274456383405255,-7.030373462213756e-20,-0.035274456383405234,-4.7815009872503236e-18
20,thesis,6.4,-0.03509041996717717,-1.0880138207481491e-17,-0.035090419967177156,-8.151421567901588e-18
20,thesis,6.45,-0.03484755255851806,-9.431711867676378e-19,-0.03484755255851803,-1.2509406081524994e-17
20,thesis,6.5,-0.03454828281888728,-1.375369748104165e-17,-0.0345482828188872,1.7741105080242407e-18
20,thesis,6.550000000000001,-0.034194974162950684,-6.855884675076225e-18,-0.03419497416295066,4.1220858378131304e-18
20,thesis,6.6000000000000005,-0.033789924226279654,2.8354427909348686e-19,-0.03378992422627962,-5.52074899196667e-18
20,thesis,6.65,-0.033335364607874375,-4.278575174818147e-18,-0.033335364607874306,1.960245998183279e-18
20,thesis,6.7,-0.03283346088199946,2.646977960169854e-18,-0.032833460881999406,5.8957728293635406e-18
20,thesis,6.75,-0.03228631287289106,-1.1070402983258292e-17,-0.03228631287289099,-2.7682095507455096e-18
20,thesis,6.800000000000001,-0.031695955184748346,4.573183821787385e-19,-0.031695955184748284,6.278658191302022e-18
20,thesis,6.8500000000000005,-0.031064357978056283,-9.756178426033985e-18,-0.031064357978056217,4.8775333476453685e-18
20,thesis,6.9,-0.030393427981702123,4.520932476851698e-18,-0.03039342798170205,5.027140541952821e-19
20,thesis,6.95,-0.029685009728560436,-1.1104707817621979e-17,-0.029685009728560353,-4.14548512298113e-18
20,thesis,7.0,-0.028940887000251624,1.106796776353546e-17,-0.02894088700025153,3.963478918439476e-18
20,thesis,7.050000000000001,-0.028162784464656122,-7.422126200312224e-19,-0.028162784464656036,-1.5409646892926272e-18
20,thesis,7.1000000000000005,-0.027352369487530684,-4.6921390113148115e-18,-0.02735236948753062,-6.998609726688931e-18
20,thesis,7.15,-0.026511254097270877,-1.567857985367298e-18,-0.026511254097270787,8.895540012064357e-18
20,thesis,7.2,-0.025640997079546056,-2.47757137071839e-18,-0.02564099707954597,-9.9001210875086e-18
20,thesis,7.25,-0.024743106176261846,-2.5360166440789107e-18,-0.024743106176261777,9.313127255057346e-19
20,thesis,7.300000000000001,-0.023819040361135406,2.471642140088539e-18,-0.02381904036113532,4.0589818832422074e-18
20,thesis,7.3500000000000005,-0.0228702121621754,4.3893247326723005e-18,-0.022870212162175288,-2.936663228131091e-18
20,thesis,7.4,-0.021897989999592946,-6.6619141301545306e-18,-0.02189798999959288,-5.62091063798e-18
20,thesis,7.45,-0.020903700506208663,-1.1070720620608034e-18,-0.020903700506208624,5.169442077092501e-18
20,thesis,7.5,-0.019888630796310022,7.105759394516919e-18,-0.019888630796310005,-3.066259269065817e-19
20,thesis,7.550000000000001,-0.01885403064822092,6.576363802483004e-18,-0.018854030648220884,2.6173318070152326e-18
20,thesis,7.6000000000000005,-0.01780111456560722,9.17251978581746e-18,-0.01780111456560715,3.139104102523851e-18
20,thesis,7.65,-0.01673106368280567,1.4461393508473335e-17,-0.016731063682805667,6.848261378550402e-18
20,thesis,7.7,-0.015645027480258658,4.08947506934445e-18,-0.015645027480258658,1.2304847624762575e-17
20,thesis,7.75,-0.014544125277476515,5.736954151754089e-18,-0.014544125277476557,8.525386614113858e-18
20,thesis,7.800000000000001,-0.013429447472855158,8.74646221334864e-18,-0.013429447472855223,-9.876404164992187e-19
20,thesis,7.8500000000000005,-0.012302056502133188,3.702381012449304e-18,-0.01230205650213325,-5.963111948677607e-19
20,thesis,7.9,-0.011162987490276851,-3.835365185166692e-18,-0.011162987490276933,6.1918108444281736e-18
20,thesis,7.95,-0.010013248575103738,-2.266660166851707e-18,-0.010013248575103837,-9.21233033433856e-18
20,thesis,8.0,-0.008853820884962876,9.183531214131947e-18,-0.008853820884963,1.5969959187531762e-17
20,thesis,8.05,-0.007685658157238295,2.795208725947621e-19,-0.007685658157238414,8.182338270468099e-19
20,thesis,8.1,-0.006509685989275115,-5.597193715455553e-18,-0.00650968598927529,1.3010426069817344e-18
20,thesis,8.15,-0.005326800718489809,-7.843525091573938e-18,-0.005326800718490034,1.646801456051721e-17
20,thesis,8.200000000000001,-0.004137867933843464,3.0764236644285217e-18,-0.0041378679338436725,3.0154372922243867e-18
20,thesis,8.25,-0.002943720626458451,7.638543118340202e-18,-0.0029437206264587034,5.5667005293543135e-18
20,thesis,8.3,-0.0017451569928706875,2.9324280633953276e-18,-0.0017451569928709234,2.270048298631801e-19
20,thesis,8.35,-0.0005429379101441748,-1.2705494208718736e-19,-0.0005429379101444877,6.390016554085445e-18
20,thesis,8.4,0.0006622158922432698,8.00784948334313e-18,0.0006622158922429449,1.1011428314295707e-18
20,thesis,8.450000000000001,0.0018696269332926189,4.230082538588968e-18,0.0018696269332922411,4.368995941936638e-18
20,thesis,8.5,0.0030786643183810737,3.164515090943074e-18,0.00307866431838071,1.0952136007997039e-17
20,thesis,8.55,0.004288747273373876,1.3699910888892077e-17,0.004288747273373487,4.0793106739756234e-18
20,thesis,8.6,0.005499348829518293,6.69325434920452e-18,0.005499348829517857,6.198587108005862e-18
20,thesis,8.65,0.006709999609510436,5.53620734325516e-18,0.0067099996095099776,4.8518047218715045e-18
20,thesis,8.700000000000001,0.007920291661470546,1.2652978166085806e-17,0.007920291661470088,6.5560350117471375e-18
20,thesis,8.75,0.009129882284507868,1.443344142121436e-17,0.009129882284507342,-4.448617038980751e-18
20,thesis,8.8,0.010338497787159397,-5.158430648777596e-18,0.010338497787158847,1.9820570965632203e-19
20,thesis,8.85,0.011545937118299906,1.3777837920039556e-17,0.011545937118299304,-2.6986469699534027e-18
20,thesis,8.9,0.012752075309199813,6.427286003766748e-18,0.012752075309199185,1.533129634530162e-17
20,thesis,8.950000000000001,0.013956866665281087,1.1318054241213089e-17,0.013956866665280428,2.2480254420116786e-18
20,thesis,9.0,0.015160347646830892,7.90281739788376e-18,0.015160347646830219,-9.22418879560058e-18
20,thesis,9.05,0.01636263937948827,1.9264917352352953e-17,0.01636263937948756,5.700531735020178e-18
20,thesis,9.1,0.017563949737735063,1.0615016894992047e-17,0.017563949737734334,4.855192853660372e-18
20,thesis,9.15,0.01876457494789441,9.434252966519562e-18,0.01876457494789367,1.7821573210217575e-18
20,thesis,9.200000000000001,0.019964900661247637,1.4038724067793945e-17,0.019964900661246846,3.8506117782167474e-18
20,thesis,9.25,0.021165402452796873,1.0135596246846137e-17,0.02116540245279606,6.032568650343814e-18
20,thesis,9.3,0.02236664570688051,1.1665337749587409e-17,0.022366645706879667,4.92295548944067e-18
20,thesis,9.35,0.023569284857226945,5.952947553304413e-18,0.023569284857226033,5.014435047732131e-19
20,thesis,9.4,0.024774061956044622,8.700722434197367e-18,0.024774061956043758,1.12350450123797e-17
20,thesis,9.450000000000001,0.02598180455429294,8.731215620298527e-18,0.025981804554292005,9.00904242699539e-18
20,thesis,9.5,0.02719342288326489,1.4745149545804062e-17,0.027193422883263912,4.997494388799016e-18
20,thesis,9.55,0.028409906335924964,8.992101768052857e-18,0.028409906335923937,-1.0977546996429349e-18
20,thesis,9.600000000000001,0.02963231925494821,2.0911549401815372e-17,0.029632319254947217,-2.8087612530966266e-18
20,thesis,9.65,0.030861796042983405,9.317362419798512e-18,0.03086179604298236,1.0120349653793009e-17
20,thesis,9.700000000000001,0.03209953561915298,2.1453650488058127e-17,0.032099535619151985,5.522654816084299e-19
20,thesis,9.75,0.033346795254080346,1.118422303554699e-17,0.03334679525407928,1.4779030863691655e-17
20,thesis,9.8,0.03460488382364128,-1.5924219408260163e-19,0.03460488382364027,4.404571325708586e-19
20,thesis,9.850000000000001,0.03587515452903769,1.1766981703257945e-17,0.03587515452903657,1.3179832659275536e-17
20,thesis,9.9,0.03715899713754767,1.1468826105824428e-17,0.03715899713754661,3.5846434327788216e-18
20,thesis,9.950000000000001,0.03845782980429085,1.2593685859778136e-17,0.03845782980428971,3.5033282698424095e-18
20,thesis,10.0,0.039773090540442764,5.275321195500977e-18,0.039773090540441695,-1.1587410718452566e-18
20,thesis,10.05,0.04110622839744889,2.4899380517488602e-17,0.04110622839744779,3.689675518238362e-18
20,thesis,10.100000000000001,0.04245869443982864,1.1116460399766622e-17,0.042458694439827575,-6.742382260157895e-19
20,thesis,10.15,0.04383193258108496,1.6469708626413793e-17,0.04383193258108394,2.368304120521662e-18
20,thesis,10.200000000000001,0.045227370357988524,1.4972154375668184e-17,0.04522737035798743,-2.8629713617208906e-18
20,thesis,10.25,0.046646409718089546,6.102025352021144e-18,0.04664640971808852,5.0821976833909556e-20
20,thesis,10.3,0.04809041789373299,1.7980815404315443e-17,0.048090417893731925,1.019827668492837e-18
20,thesis,10.350000000000001,0.0495607184331457,2.3232419677292096e-17,0.049560718433144677,1.310868189170622e-17
20,thesis,10.4,0.051058582455407724,1.713378245706112e-17,0.05105858245540666,6.7830398416111144e-18
20,thesis,10.450000000000001,0.05258522019137895,1.6256256323705657e-17,0.05258522019137798,1.0347354483657222e-17
20,thesis,10.5,0.05414177286705385,2.152818938741641e-17,0.054141772867052865,5.7191664598597355e-18
20,thesis,10.55,0.0557293049794805,1.143155665614514e-17,0.05572930497947953,3.835365185166184e-18
20,thesis,10.600000000000001,0.05734879700844742,1.1987210269543948e-17,0.05734879700844654,1.0953830073891338e-17
20,thesis,10.65,0.059001138599777826,2.115549489062448e-17,0.05900113859977698,-2.964615315391311e-18
20,thesis,10.700000000000001,0.06068712224843193,1.22785896033994e-17,0.06068712224843112,6.7186653376198646e-18
20,thesis,10.75,0.06240743750188139,2.1717924767601305e-17,0.06240743750188062,1.1617903904538754e-17
20,thesis,10.8,0.06416266569655452,1.2996873542671015e-17,0.06416266569655378,1.1045309632183953e-18
20,thesis,10.850000000000001,0.06595327523271817,1.7103289270959846e-17,0.06595327523271745,-2.0464316005675845e-18
20,thesis,10.9,0.06777961738613046,1.533129634530383e-17,0.06777961738612978,1.465366998749822e-17
20,thesis,10.950000000000001,0.06964192264830737,2.627157389204036e-17,0.06964192264830674,-1.0130514049162589e-17
20,thesis,11.0,0.07154029758142463,2.3290017917705204e-17,0.07154029758142405,-8.382238046029693e-18
20,thesis,11.05,0.07347472216885186,1.573109589640781e-17,0.07347472216885133,1.5910666881223662e-17
20,thesis,11.100000000000001,0.07544504763815492,2.6274962023829318e-17,0.07544504763815442,-1.4704491964345597e-18
20,thesis,11.15,0.0774509947302001,2.5165348862926166e-17,0.07745099473019967,1.0679391398981146e-17
20,thesis,11.200000000000001,0.07949215238577206,1.2529311355786493e-17,0.07949215238577167,8.841329903439338e-18
20,thesis,11.25,0.0815679768199084,2.5743025332953556e-17,0.08156797681990811,-2.539404775869417e-18
20,thesis,11.3,0.08367779095394426,2.5495691712355278e-17,0.08367779095394404,9.410536043994277e-18
20,thesis,11.350000000000001,0.08582078417601943,8.07052992143979e-18,0.08582078417601921,9.503709668183508e-19
20,thesis,11.4,0.08799601240248073,1.923950636393497e-17,0.08799601240248058,4.533320333704068e-18
20,thesis,11.450000000000001,0.09020239841512756,2.914132151733772e-17,0.09020239841512746,8.917562868692353e-18
20,thesis,11.5,0.09243873245251423,1.7757198706239898e-17,0.0924387324525142,-8.931115395850236e-18
20,thesis,11.55,0.09470367303742942,1.7948628152319345e-17,0.09470367303742946,1.706432575538427e-17
20,thesis,11.600000000000001,0.09699574802708627,1.786053672580487e-17,0.09699574802708642,4.824699667559658e-18
20,thesis,11.65,0.0993133558773659,1.5746342489458112e-17,0.09931335587736605,-8.21791365426203e-18
20,thesis,11.700000000000001,0.10165476711750322,1.0528619534371597e-17,0.10165476711750343,3.2288895949326156e-18
20,thesis,11.75,0.10401812603676304,1.7299800914722446e-17,0.10401812603676322,7.187921590399245e-18
20,thesis,11.8,0.10640145258978295,1.444191175068641e-17,0.10640145258978337,6.801674566451316e-18
20,thesis,11.850000000000001,0.10880264453221898,4.302927372052409e-18,0.10880264453221938,1.7889335846003982e-18
20,thesis,11.9,0.11121947980300124,1.7950322218213666e-17,0.11121947980300168,3.342392009864817e-18
20,thesis,11.950000000000001,0.11364961917376899,1.653069499861543e-17,0.1136496191737695,-4.714585384418055e-18
20,thesis,12.0,0.11609060918979618,1.7326905969034445e-17,0.11609060918979672,-2.195509399283733e-18
30,thesis,0.0,0.600000000000002,0.0,0.6000000000000003,0.0
30,thesis,0.05,0.5999033380236211,-9.166153803822666e-20,0.5999033380236194,2.2872371117703893e-19
30,thesis,0.1,0.5996134083856829,-3.6266575904530035e-19,0.5996134083856813,1.7904489794833045e-19
30,thesis,0.15000000000000002,0.5991303800179979,-5.490163161636972e-19,0.5991303800179963,7.578099376618843e-19
30,thesis,0.2,0.598454534666741,1.8295911660692663e-19,0.5984545346667395,1.3444067234150903e-18
30,thesis,0.25,0.5975862671792928,-7.53607860150114e-19,0.5975862671792913,5.757574110063161e-19
30,thesis,0.30000000000000004,0.596526085900052,-1.9040638909786664e-18,0.5965260859000505,1.3383649962210054e-18
30,thesis,0.35000000000000003,0.5952746131694875,-2.3186203442106425e-18,0.5952746131694859,2.435431481592936e-18
30,thesis,0.4,0.5938325859191292,-4.884203732105154e-19,0.5938325859191278,1.275393390548571e-18
30,thesis,0.45,0.5922008563536687,-2.290906484967667e-18,0.5922008563536673,2.711656866626446e-18
30,thesis,0.5,0.5903803927098537,-1.681863326112224e-18,0.5903803927098523,3.91547597313202e-18
30,thesis,0.55,0.5883722800804662,-2.4534838712813455e-19,0.5883722800804646,2.20767226301014e-18
30,thesis,0.6000000000000001,0.5861777212903263,-1.0756789034537648e-18,0.5861777212903249,3.851035294691691e-18
30,thesis,0.65,0.5837980378100255,-2.0852362974624846e-18,0.583798037810024,2.9628418401567537e-18
30,thesis,0.7000000000000001,0.5812346706919301,1.4999630006893497e-18,0.5812346706919287,3.9078659114965374e-18
30,thesis,0.75,0.5784891815119598,-3.072744365062991e-18,0.5784891815119583,4.679301168208392e-18
30,thesis,0.8,0.5755632532996992,-1.022262888217622e-19,0.5755632532996977,4.650396168883341e-18
30,thesis,0.8500000000000001,0.5724586914386032,-4.111524395751985e-18,0.5724586914386016,4.217721151514004e-18
30,thesis,0.9,0.5691774245173729,-1.465922864121585e-18,0.5691774245173714,2.895582130188848e-18
30,thesis,0.9500000000000001,0.5657215051130421,-2.4707686373612028e-18,0.5657215051130405,3.952970415937834e-18
30,thesis,1.0,0.5620931104859305,-2.8413720215645613e-18,0.5620931104859292,3.965993547501871e-18
30,thesis,1.05,0.5582945431663826,2.2153617339844076e-18,0.5582945431663813,7.214814886475343e-18
30,thesis,1.1,0.5543282314131367,-5.343507347753766e-18,0.5543282314131351,4.503515361873532e-18
30,thesis,1.1500000000000001,0.5501967295232622,-6.722265227647066e-19,0.5501967295232607,4.885421341966815e-18
30,thesis,1.2000000000000002,0.5459027179738617,5.398246851969933e-19,0.5459027179738603,6.432791717922813e-18
30,thesis,1.25,0.541449003376165,-3.335721625405855e-18,0.5414490033761635,9.148802863293729e-18
30,thesis,1.3,0.5368385182232378,-1.8042860567700804e-18,0.5368385182232361,7.309311999653405e-18
30,thesis,1.35,0.532074320413307,-7.993026406765219e-18,0.5320743204133053,4.3896953095862405e-18
30,thesis,1.4000000000000001,0.5271595925316367,-1.6840073782601063e-19,0.5271595925316351,5.954429860960952e-18
30,thesis,1.4500000000000002,0.5220976408749927,-3.448377007390679e-18,0.5220976408749912,6.28821378173835e-18
30,thesis,1.5,0.5168918942039892,-6.14342408731705e-18,0.5168918942039875,1.5915219683316628e-18
30,thesis,1.55,0.5115459022100268,2.812678780476146e-19,0.5115459022100252,7.989744154094632e-18
30,thesis,1.6,0.5060633336850745,-1.8273147650235597e-18,0.5060633336850728,9.232606185512709e-18
30,thesis,1.6500000000000001,0.5004479743842267,-3.6714643098737825e-18,0.5004479743842251,1.1332294982637713e-17
30,thesis,1.7000000000000002,0.4947037245727679,-5.958029750986766e-18,0.49470372457276623,4.46164017054366e-18
30,thesis,1.75,0.4888345962513664,2.386568268448176e-18,0.4888345962513648,1.3315252051719236e-17
30,thesis,1.8,0.4828447100550123,-3.15726237133122e-18,0.48284471005501056,9.402965687029233e-18
30,thesis,1.85,0.47673829182336475,-6.784575088829355e-18,0.4767382918233631,1.1660626128817165e-17
30,thesis,1.9000000000000001,0.4705196688422839,2.1715277789639895e-18,0.47051966884228225,4.9396314505911065e-18
30,thesis,1.9500000000000002,0.464193265758463,2.2206027503455347e-18,0.46419326575846126,8.319504668372579e-18
30,thesis,2.0,0.4577636001712362,-4.211924269781233e-18,0.4577636001712345,5.5328721510243394e-18
30,thesis,2.0500000000000003,0.45123527790778795,-6.509765837004539e-18,0.4512352779077861,6.033998018443666e-18
30,thesis,2.1,0.4446129879901162,-3.475693819939636e-18,0.4446129879901144,1.0852980213610195e-17
30,thesis,2.15,0.4379014973041909,-8.798025344012032e-18,0.4379014973041891,1.144595621624741e-17
30,thesis,2.2,0.4311056449837652,-6.011181068426978e-18,0.43110564498376336,8.977225751915548e-18
30,thesis,2.25,0.4242303365232412,-1.0834716065684999e-17,0.42423033652323944,6.113777934163184e-18
30,thesis,2.3000000000000003,0.41728053763583284,-1.317665628572494e-18,0.41728053763583123,1.3508640261489243e-17
30,thesis,2.35,0.4102612678749922,-2.0680309407213978e-18,0.4102612678749904,1.703658542636261e-17
30,thesis,2.4000000000000004,0.4031775940386675,-7.859089321980644e-18,0.4031775940386657,1.0810681505806689e-17
30,thesis,2.45,0.3960346233774102,-3.2522888801013172e-18,0.3960346233774084,1.4157838076000465e-17
30,thesis,2.5,0.38883749662864553,-1.5024246901923399e-18,0.3888374966286437,1.7473866185382644e-17
30,thesis,2.5500000000000003,0.3815913809005572,-2.3875741200733104e-19,0.3815913809005555,1.8572467917971472e-17
30,thesis,2.6,0.37430146242999235,-2.9970143256225536e-18,0.37430146242999074,1.7419232560284742e-17
30,thesis,2.6500000000000004,0.36697293923957147,-7.791644323555753e-19,0.3669729392395696,1.2229461692457645e-17
30,thesis,2.7,0.359611013719788,-3.9338327652858105e-18,0.35961101371978627,1.3482223421446757e-17
30,thesis,2.75,0.3522208851622883,1.9693516023635956e-20,0.35222088516228656,1.7019380069621512e-17
30,thesis,2.8000000000000003,0.3448077422707477,-2.7328459251976202e-18,0.3448077422707458,8.656782600057415e-18
30,thesis,2.85,0.3373767556757992,-5.530066354386785e-19,0.3373767556757974,8.911951275417774e-18
30,thesis,2.9000000000000004,0.32993307048033643,-3.2028433318053505e-18,0.32993307048033454,1.1780957746886496e-17
30,thesis,2.95,0.3224817988611874,1.6135977645194144e-18,0.3224817988611855,1.067907376162706e-17
30,thesis,3.0,0.315028012752688,-1.880836659378202e-18,0.3150280127526861,2.220147470136412e-17
30,thesis,3.0500000000000003,0.30757673663703444,3.786554911581914e-18,0.3075767366370326,1.1762958296757346e-17
30,thesis,3.1,0.3001329404655092,-1.0129667016214207e-17,0.30013294046550737,1.0764094693707712e-17
30,thesis,3.1500000000000004,0.2927015327337479,-6.1445887576195375e-18,0.29270153273374605,4.872345270843612e-18
30,thesis,3.2,0.28528735373316194,-9.166908192541288e-18,0.28528735373316,2.0270980735453167e-17
30,thesis,3.25,0.2778951689994669,-6.5457647372628555e-18,0.27789516899946504,1.7741210959359792e-17
30,thesis,3.3000000000000003,0.270529662978002,-1.017371272947143e-17,0.2705296629780002,1.1019369248186478e-17
30,thesis,3.35,0.2631954329241727,-1.6718312796434755e-19,0.2631954329241707,1.2512582455077404e-17
30,thesis,3.4000000000000004,0.2558969830559263,-4.711409010865262e-18,0.2558969830559243,1.6113531272092247e-17
30,thesis,3.45,0.24863871897369266,-5.117031913481666e-18,0.24863871897369078,1.5866938805322842e-17
30,thesis,3.5,0.24142494236168607,6.113989692399916e-18,0.24142494236168413,6.5307299024491294e-18
30,thesis,3.5500000000000003,0.2342598459829164,-4.202448088683835e-18,0.2342598459829144,1.1245950561577007e-17
30,thesis,3.6,0.22714750897867828,-1.1879637085244675e-19,0.22714750897867625,2.4486557834819416e-17
30,thesis,3.6500000000000004,0.22009189248170258,5.745318602107481e-18,0.2200918924817006,1.441184208105836e-17
30,thesis,3.7,0.21309683555058634,-3.9330916114569684e-18,0.21309683555058434,1.8668712036603254e-17
30,thesis,3.75,0.2061660514315497,-3.2726176708354277e-18,0.2061660514315478,1.1093484631071234e-17
30,thesis,3.8000000000000003,0.19930312415204876,6.822850390133358e-18,0.1993031241520468,1.5003918111189117e-17
30,thesis,3.85,0.1925115054492689,9.840405264726514e-19,0.19251150544926696,1.840687297678327e-17
30,thesis,3.9000000000000004,0.18579451203508224,-1.2466101522096791e-17,0.18579451203508027,2.1898448664483904e-17
30,thesis,3.95,0.17915532319765362,-9.348702638845745e-18,0.17915532319765168,1.8766438462892722e-17
30,thesis,4.0,0.17259697873854338,-3.4784466770182235e-18,0.17259697873854138,1.5311814587516058e-17
30,thesis,4.05,0.16612237724288503,3.830706503957248e-19,0.16612237724288306,1.6517248350577334e-17
30,thesis,4.1000000000000005,0.1597342746790137,3.038730698274476e-19,0.1597342746790117,2.4082946635452745e-17
30,thesis,4.15,0.15343528332279252,5.841456841620842e-18,0.15343528332279058,1.681498043153722e-17
30,thesis,4.2,0.14722787100083326,7.54949877975914e-18,0.14722787100083135,2.0590523914804858e-17
30,thesis,4.25,0.14111436064583405,1.0885114526046575e-17,0.14111436064583205,2.1475779223804008e-17
30,thesis,4.3,0.13509693015636234,8.09890552517196e-18,0.13509693015636032,1.480380657740029e-17
30,thesis,4.3500000000000005,0.1291776125526,7.720705314222616e-19,0.129177612552598,1.2687918275159049e-17
30,thesis,4.4,0.12335829641883243,-4.514685608865454e-18,0.12335829641883037,1.3203231944444884e-17
30,thesis,4.45,0.11764072662280929,1.6855955650360245e-18,0.11764072662280727,2.297799215575951e-17
30,thesis,4.5,0.11202650530153177,1.4733079326304153e-18,0.11202650530152976,2.3179797755442847e-17
30,thesis,4.55,0.10651709310251793,2.8123611431210576e-18,0.1065170931025159,1.2781303657593836e-17
30,thesis,4.6000000000000005,0.10111381066917434,-3.3372039330635697e-18,0.10111381066917234,2.2296236512338205e-17
30,thesis,4.65,0.09581784035854907,5.608099264652283e-18,0.095817840358547,1.238796273271262e-17
30,thesis,4.7,0.09063022817945095,1.0023152623096916e-17,0.09063022817944892,1.7684671510130574e-17
30,thesis,4.75,0.08555188593870729,-5.404599599074503e-18,0.0855518859387052,2.1151577363242425e-17
30,thesis,4.800000000000001,0.08058359358316612,6.39689869678285e-18,0.08058359358316403,1.5619181668250962e-17
30,thesis,4.8500000000000005,0.07572600172495543,5.940347938212782e-18,0.07572600172495336,1.8708946101597836e-17
30,thesis,4.9,0.07097963433746253,6.362911499774271e-18,0.07097963433746043,2.1280855766817113e-17
30,thesis,4.95,0.06634489160950666,1.1497413467792728e-18,0.06634489160950457,6.287313809231928e-18
30,thesis,5.0,0.061822052945229466,1.5173536458876391e-18,0.06182205294522737,1.914845032210441e-17
30,thesis,5.050000000000001,0.057411280097326094,-4.517332586825624e-18,0.05741128009732398,1.8981584831495314e-17
30,thesis,5.1000000000000005,0.05311262042137877,-5.450445257344642e-18,0.053112620421376655,1.4511262573242337e-17
30,thesis,5.15,0.048926010239227574,7.76898619221641e-18,0.04892601023922548,1.8836953955751643e-17
30,thesis,5.2,0.044851278299523116,1.4296857358468193e-18,0.04485127829952098,1.410796901123088e-17
30,thesis,5.25,0.04088814932384204,9.604930105390106e-18,0.04088814932383989,1.58350691906824e-17
30,thesis,5.300000000000001,0.037036247627011985,-3.0765295435460584e-18,0.03703624762700983,1.1760628956152401e-17
30,thesis,5.3500000000000005,0.033295100800580575,8.233477884666987e-18,0.0332951008005784,9.00628956991823e-18
30,thesis,5.4,0.029664143448671618,1.2428196797707096e-17,0.029664143448669435,3.4103981676181556e-17
30,thesis,5.45,0.026142720965800854,1.3950632641278005e-18,0.026142720965798654,1.6741288565126094e-17
30,thesis,5.5,0.02273009334656424,1.4869239872575584e-17,0.022730093346562057,1.3839459566951267e-17
30,thesis,5.550000000000001,0.019425439017468602,-2.8180786155150892e-18,0.01942543901746638,2.552269088754824e-17
30,thesis,5.6000000000000005,0.01622785868154224,7.621496580275755e-18,0.016227858681540055,2.861679636474979e-17
30,thesis,5.65,0.013136379166736331,6.1342126040156115e-18,0.01313637916673409,1.6443238846810984e-17
30,thesis,5.7,0.010149957269513376,5.26875669015853e-18,0.01014995726951113,1.3353686171700923e-17
30,thesis,5.75,0.007267483585404508,9.825899825505073e-18,0.007267483585402258,1.7826761287032476e-17
30,thesis,5.800000000000001,0.004487786318709112,1.47945950940988e-17,0.004487786318706812,2.1389911258776098e-17
30,thesis,5.8500000000000005,0.0018096350639043382,1.7123829819929441e-18,0.0018096350639020288,2.956949667217406e-17
30,thesis,5.9,-0.0007682554482761185,1.917682592583705e-18,-0.0007682554482784078,1.0849645021380396e-17
30,thesis,5.95,-0.0032472216467385293,3.0171313581197874e-18,-0.0032472216467408425,1.5802670180449916e-17
30,thesis,6.0,-0.005628647464156914,7.153404997799349e-18,-0.00562864746415924,1.1289890395715817e-17
30,thesis,6.050000000000001,-0.00791396073519685,1.5342201894498704e-17,-0.007913960735199213,1.1859202415389114e-17
30,thesis,6.1000000000000005,-0.010104629654316197,3.4580120071656515e-18,-0.010104629654318567,2.0230640791340178e-17
30,thesis,6.15,-0.012202159298242737,-8.68632287409288e-18,-0.01220215929824516,1.958223707021701e-17
30,thesis,6.2,-0.01420808821785212,8.635395018139156e-18,-0.01420808821785455,8.676158478725858e-18
30,thesis,6.25,-0.016123985103801478,1.2958545301806438e-18,-0.0161239851038039,1.1648026513726773e-17
30,thesis,6.300000000000001,-0.017951445529909574,4.962580749505705e-18,-0.01795144552991202,1.722481202911028e-17
30,thesis,6.3500000000000005,-0.01969208877791846,6.261055787866946e-18,-0.01969208877792094,1.1266385231429507e-17
30,thesis,6.4,-0.02134755474692377,1.050109096358516e-17,-0.0213475547469263,9.929873119780627e-18
30,thesis,6.45,-0.0229195009504189,8.740638861835504e-18,-0.02291950095042143,1.9973778050085305e-17
30,thesis,6.5,-0.02440959960356684,3.1237516303554255e-18,-0.024409599603569376,1.3825271765084746e-17
30,thesis,6.550000000000001,-0.02581953480299009,8.318392937629236e-18,-0.025819534802992674,1.1070508862376947e-17
30,thesis,6.6000000000000005,-0.027150999801053642,1.1418004128987942e-17,-0.027150999801056237,1.6217081049894076e-17
30,thesis,6.65,-0.02840569437631238,1.1340924130787801e-17,-0.028405694376314967,1.2652660528729572e-17
30,thesis,6.7,-0.029585322301497723,1.8596502477849733e-17,-0.029585322301500364,2.2147264592739837e-17
30,thesis,6.75,-0.03069158891013391,7.452301749061715e-18,-0.03069158891013658,2.8680959110504286e-17
30,thesis,6.800000000000001,-0.03172619876259865,8.308863816972626e-18,-0.03172619876260134,1.4005478024613095e-17
30,thesis,6.8500000000000005,-0.03269085341217846,1.2940969368151176e-17,-0.03269085341218121,7.752892566218662e-18
30,thesis,6.9,-0.03358724927141597,1.6163400336861755e-17,-0.03358724927141873,1.9327809548685488e-17
30,thesis,6.95,-0.034417075578801304,6.2651850734848146e-18,-0.03441707557880407,1.6797722135236893e-17
30,thesis,7.0,-0.03518201246563098,2.3992737626570066e-17,-0.03518201246563376,1.813921056545089e-17
30,thesis,7.050000000000001,-0.03588372912263415,1.1645114837970505e-17,-0.035883729122636994,1.847728259052376e-17
30,thesis,7.1000000000000005,-0.03652388206575951,1.28617717875829e-17,-0.036523882065762375,9.407889066035153e-18
30,thesis,7.15,-0.03710411350031666,5.227993229571925e-18,-0.03710411350031955,1.6504225219013275e-17
30,thesis,7.2,-0.0376260497824812,9.470569504131902e-18,-0.037626049782484114,6.175928976667962e-18
30,thesis,7.25,-0.03809129997699854,7.053984505615385e-18,-0.03809129997700147,9.72330295976897e-18
30,thesis,7.300000000000001,-0.038501454509757685,-6.453438146012129e-18,-0.03850145450976064,-1.741287981317985e-18
30,thesis,7.3500000000000005,-0.038858083913757134,1.6683160929120678e-17,-0.03885808391376013,8.866529133621244e-18
30,thesis,7.4,-0.03916273766684397,2.0568395179057747e-17,-0.03916273766684702,1.180456879029119e-17
30,thesis,7.45,-0.03941694311947897,6.480119683850598e-18,-0.03941694311948202,1.0927360294290955e-17
30,thesis,7.5,-0.03962220451066382,1.719339240072299e-17,-0.03962220451066689,9.071934623330409e-18
30,thesis,7.550000000000001,-0.039780002070058,6.824967972501506e-18,-0.03978000207006111,6.008639969585231e-18
30,thesis,7.6000000000000005,-0.039891791204215606,1.671280708227458e-17,-0.03989179120421878,8.802048750511506e-18
30,thesis,7.65,-0.03995900176478502,4.8450284582945795e-18,-0.03995900176478818,7.695717842278981e-18
30,thesis,7.7,-0.03998303739643187,1.8345145450752025e-17,-0.03998303739643507,1.888428192167944e-17
30,thesis,7.75,-0.039965274962176764,1.2565416135162308e-17,-0.03996527496217998,9.92966136154379e-18
30,thesis,7.800000000000001,-0.03990706404376974,2.3798555323412024e-17,-0.03990706404377298,6.6571495698268e-18
30,thesis,7.8500000000000005,-0.0398097265146671,1.3156009857635369e-17,-0.039809726514670386,2.9829324028744574e-18
30,thesis,7.9,-0.03967455618311777,7.805090971593142e-18,-0.03967455618312111,8.152586238204265e-18
30,thesis,7.95,-0.03950281850281804,2.2511277001822304e-17,-0.03950281850282138,2.037622457914948e-17
30,thesis,8.0,-0.0392957503485424,4.823746755494818e-18,-0.03929575034854575,1.2459960533229194e-17
30,thesis,8.05,-0.039054559854114074,2.669424333271913e-18,-0.03905455985411744,-3.879940294016702e-18
30,thesis,8.1,-0.0387804263100318,5.250333723555767e-18,-0.03878042631003516,1.1151294629721298e-17
30,thesis,8.15,-0.03847450011802576,1.3191796999656866e-17,-0.03847450011802918,6.33951221460643e-18
30,thesis,8.200000000000001,-0.03813790279977096,5.205546856469577e-19,-0.03813790279977441,7.514558670684957e-18
30,thesis,8.25,-0.03777172705694057,1.7769427744415124e-17,-0.03777172705694406,1.5223776100560768e-17
30,thesis,8.3,-0.03737703687973838,1.616673552909158e-17,-0.0373770368797419,1.3128745984645661e-17
30,thesis,8.35,-0.03695486770100349,7.686347540299933e-18,-0.036954867701006984,7.707735122218138e-18
30,thesis,8.4,-0.03650622659293541,1.0844033428104763e-17,-0.03650622659293897,8.773037872068029e-18
30,thesis,8.450000000000001,-0.03603209250344713,1.7279895640461345e-17,-0.036032092503450686,6.132095021647527e-18
30,thesis,8.5,-0.0355334165291089,3.0760001479539817e-18,-0.03553341652911247,4.107368640354528e-18
30,thesis,8.55,-0.03501112222161359,1.4597977571217416e-17,-0.03501112222161718,7.282789280492491e-18
30,thesis,8.6,-0.03446610592465927,3.716780572551861e-18,-0.03446610592466287,1.2006268510856097e-17
30,thesis,8.65,-0.03389923713812245,3.610107360757023e-18,-0.033899237138126065,9.63293513220875e-18
30,thesis,8.700000000000001,-0.033311358906382066,1.4606183202893942e-17,-0.033311358906385695,3.2202075072240506e-18
30,thesis,8.75,-0.03270328822764991,1.0018864518801467e-17,-0.03270328822765353,1.292265228066684e-17
30,thesis,8.8,-0.0320758164811772,1.2530846603002501e-17,-0.032075816481180845,6.0559679355130394e-18
30,thesis,8.85,-0.03142970986923526,1.3369991555935498e-17,-0.03142970986923889,7.417838096020343e-18
30,thesis,8.9,-0.030765709870814863,1.7298212727945722e-17,-0.030765709870818548,5.889155384463143e-18
30,thesis,8.950000000000001,-0.03008453370406163,-3.191461326576599e-18,-0.03008453370406533,-2.3296582423045374e-18
30,thesis,9.0,-0.029386874794554544,1.4787130616251145e-17,-0.029386874794558187,-1.5500702934753617e-18
30,thesis,9.05,-0.028673403246655967,1.003368759537842e-17,-0.028673403246659686,-4.846616645070631e-19
30,thesis,9.1,-0.027944766315307717,1.3693716960464252e-17,-0.027944766315311384,1.5046322698110974e-17
30,thesis,9.15,-0.02720158887581915,1.1846496921180235e-17,-0.027201588875822844,-8.53915089950741e-18
30,thesis,9.200000000000001,-0.026444473889401018,1.410331033002091e-17,-0.026444473889404713,1.9927508875341518e-18
30,thesis,9.25,-0.025674002862426923,1.0534019369409698e-17,-0.025674002862430594,8.534571627636325e-18
30,thesis,9.3,-0.024890736297667602,5.229104960315218e-18,-0.024890736297671287,8.620545471782635e-18
30,thesis,9.35,-0.024095214136031478,1.204418647013551e-17,-0.024095214136035128,-1.3532939519163546e-18
30,thesis,9.4,-0.023287956187657867,4.30737429502493e-18,-0.023287956187661503,6.092008194801962e-18
30,thesis,9.450000000000001,-0.02246946255154925,2.1562745684685313e-18,-0.022469462551552855,-9.581352149209929e-18
30,thesis,9.5,-0.02164021402328471,5.070921557415479e-18,-0.021640214023288307,-3.83247997919089e-18
30,thesis,9.55,-0.020800672490734386,2.2407462526224472e-18,-0.020800672490737988,8.557759154567404e-18
30,thesis,9.600000000000001,-0.019951281318080685,1.3953517847254912e-17,-0.01995128131808427,4.301524473732951e-18
30,thesis,9.65,-0.01909246571884863,4.9798390458060425e-18,-0.019092465718852196,2.0108032772224994e-18
30,thesis,9.700000000000001,-0.01822463311904572,1.6265494276785527e-17,-0.018224633119049292,-5.7521213354651554e-18
30,thesis,9.75,-0.017348173511908628,2.2565937096699827e-17,-0.017348173511912132,1.0625234229917066e-18
30,thesis,9.8,-0.016463459806137292,3.0945025238955813e-18,-0.016463459806140786,8.963249708285794e-18
30,thesis,9.850000000000001,-0.015570848169874215,1.0417009708680403e-17,-0.015570848169877714,2.639645831220008e-18
30,thesis,9.9,-0.014670678373030386,8.007187738852118e-18,-0.014670678373033801,-8.192965886986633e-18
30,thesis,9.950000000000001,-0.013763274130887454,4.358765372121631e-18,-0.013763274130890906,3.1674929411472446e-18
30,thesis,10.0,-0.01284894345219195,1.1053885840787032e-17,-0.012848943452195335,-5.128255100032768e-18
30,thesis,10.05,-0.011927978995204749,1.2142071715102592e-17,-0.01192797899520811,5.431956116292809e-18
30,thesis,10.100000000000001,-0.011000658435375212,7.674270703356677e-18,-0.011000658435378558,-4.480764586305862e-18
30,thesis,10.15,-0.01006724484845799,-7.253093496501813e-18,-0.0100672448484613,3.312917910278963e-18
30,thesis,10.200000000000001,-0.00912798711298684,8.697435218441895e-18,-0.009127987112990097,1.798591745433234e-18
30,thesis,10.25,-0.008183120336056988,6.458731688342222e-19,-0.008183120336060203,1.3028398636585114e-18
30,thesis,10.3,-0.007232866306336753,4.538814467333601e-18,-0.007232866306339947,-2.9026297090077968e-18
30,thesis,10.350000000000001,-0.006277433978136607,1.5387015231364417e-17,-0.006277433978139752,8.536934055465753e-18
30,thesis,10.4,-0.0053170199901996515,1.587161072142257e-18,-0.0053170199902027575,-6.617061088620018e-18
30,thesis,10.450000000000001,-0.004351809222646883,8.41473631793455e-18,-0.004351809222649929,-6.465971586653533e-18
30,thesis,10.5,-0.003381975395210132,6.1066443285604865e-18,-0.0033819753952131753,2.173671831111723e-18
30,thesis,10.55,-0.002407681709517557,-9.538252730573353e-19,-0.002407681709520558,4.307916925506741e-18
30,thesis,10.600000000000001,-0.0014290815377650463,-2.9303766554752447e-18,-0.0014290815377680087,3.880482924498539e-18
30,thesis,10.65,-0.0004463191596121795,3.851644099622528e-18,-0.00044631915961505986,1.0138587331939688e-18
30,thesis,10.700000000000001,0.0005404694514083522,3.851167643589697e-18,0.0005404694514055099,-3.351060862685052e-18
30,thesis,10.75,0.0015311557912790713,3.390699357638579e-18,0.0015311557912762784,7.096865548570128e-18
30,thesis,10.8,0.0025256179386430335,-1.602295168629504e-18,0.0025256179386402757,-5.73639828638177e-18
30,thesis,10.850000000000001,0.003523739618343433,4.15864060344301e-18,0.0035237396183407745,-7.034476278048985e-18
30,thesis,10.9,0.004525409216708076,1.055376582499271e-18,0.00452540921670544,-3.087488032301159e-18
30,thesis,10.950000000000001,0.005530518750654235,4.189689654915801e-18,0.0055305187506516345,4.3742369582987855e-18
30,thesis,11.0,0.006538962793428328,8.63131867208054e-18,0.006538962793425774,-7.676368433390138e-18
30,thesis,11.05,0.0075506373605313815,2.9762884881944153e-18,0.007550637360528872,4.486892340283305e-19
30,thesis,11.100000000000001,0.008565438760102555,1.274361069144111e-18,0.008565438760100134,-1.25612339099856e-18
30,thesis,11.15,0.00958326241273907,-3.1568917944167608e-18,0.009583262412736692,-2.498058980130577e-18
30,thesis,11.200000000000001,0.010604001646397585,3.968058190310795e-18,0.010604001646395274,-3.856249841273247e-18
30,thesis,11.25,0.011627546472651337,-5.663103466664624e-18,0.0116275464726491,-8.186149918739223e-18
30,thesis,11.3,0.012653782351155187,5.116608397008026e-18,0.01265378235115297,-6.0314569196018935e-18
30,thesis,11.350000000000001,0.013682588949685222,4.747460850682762e-18,0.013682588949683104,-5.474056300749361e-18
30,thesis,11.4,0.014713838907572718,6.3552352636898305e-18,0.014713838907570647,-9.660728400790556e-18
30,thesis,11.450000000000001,0.0157473966107258,-2.6370253230394313e-18,0.015747396610723757,-5.060439524693247e-18
30,thesis,11.5,0.016783116986732224,1.2537146410547907e-18,0.016783116986730275,-3.3527152239101718e-18
30,thesis,11.55,0.01782084432875169,2.890235234709303e-18,0.01782084432874981,-1.224116133504158e-17
30,thesis,11.600000000000001,0.018860411157035645,6.545023583433999e-18,0.01886041115703381,-1.4103098571784524e-18
30,thesis,11.65,0.019901637126959446,-6.8024157202808584e-18,0.019901637126957614,-3.8129717516244795e-18
30,thesis,11.700000000000001,0.020944327992409643,2.391332828776521e-18,0.020944327992407915,-7.821025778913423e-18
30,thesis,11.75,0.021988274633245944,-3.710533704565656e-19,0.021988274633244285,-5.01237040493657e-18
30,thesis,11.8,0.023033252155352152,1.2491088994040978e-18,0.023033252155350507,-5.529007563202899e-19
30,thesis,11.850000000000001,0.024079019071509857,3.2109960239226678e-18,0.024079019071508296,-3.4179897004079617e-18
30,thesis,11.9,0.025125316570976688,4.292339460211391e-19,0.02512531657097517,-5.8202280783803616e-18
30,thesis,11.950000000000001,0.026171867885233076,7.799585257436232e-19,0.026171867885231615,-8.321463432063108e-18
30,thesis,12.0,0.027218377756885456,-5.869091291525024e-18,0.027218377756884054,-2.9779560843093546e-18
30,piqs_blocks,0.0,0.6000000000000003,0.0,0.6000000000000003,0.0
30,piqs_blocks,0.05,0.5999033380236194,2.2872371117703893e-19,0.5999033380236194,2.2872371117703893e-19
30,piqs_blocks,0.1,0.5996134083856813,1.7904489794833045e-19,0.5996134083856813,1.7904489794833045e-19
30,piqs_blocks,0.15000000000000002,0.5991303800179963,7.578099376618843e-19,0.5991303800179963,7.578099376618843e-19
30,piqs_blocks,0.2,0.5984545346667395,1.3444067234150903e-18,0.5984545346667395,1.3444067234150903e-18
30,piqs_blocks,0.25,0.5975862671792913,5.757574110063161e-19,0.5975862671792913,5.757574110063161e-19
30,piqs_blocks,0.30000000000000004,0.5965260859000505,1.3383649962210054e-18,0.5965260859000505,1.3383649962210054e-18
30,piqs_blocks,0.35000000000000003,0.5952746131694859,2.435431481592936e-18,0.5952746131694859,2.435431481592936e-18
30,piqs_blocks,0.4,0.5938325859191278,1.275393390548571e-18,0.5938325859191278,1.275393390548571e-18
30,piqs_blocks,0.45,0.5922008563536673,2.711656866626446e-18,0.5922008563536673,2.711656866626446e-18
30,piqs_blocks,0.5,0.5903803927098523,3.91547597313202e-18,0.5903803927098523,3.91547597313202e-18
30,piqs_blocks,0.55,0.5883722800804646,2.20767226301014e-18,0.5883722800804646,2.20767226301014e-18
30,piqs_blocks,0.6000000000000001,0.5861777212903249,3.851035294691691e-18,0.5861777212903249,3.851035294691691e-18
30,piqs_blocks,0.65,0.583798037810024,2.9628418401567537e-18,0.583798037810024,2.9628418401567537e-18
30,piqs_blocks,0.7000000000000001,0.5812346706919287,3.9078659114965374e-18,0.5812346706919287,3.9078659114965374e-18
30,piqs_blocks,0.75,0.5784891815119583,4.679301168208392e-18,0.5784891815119583,4.679301168208392e-18
30,piqs_blocks,0.8,0.5755632532996977,4.650396168883341e-18,0.5755632532996977,4.650396168883341e-18
30,piqs_blocks,0.8500000000000001,0.5724586914386016,4.217721151514004e-18,0.5724586914386016,4.217721151514004e-18
30,piqs_blocks,0.9,0.5691774245173714,2.895582130188848e-18,0.5691774245173714,2.895582130188848e-18
30,piqs_blocks,0.9500000000000001,0.5657215051130405,3.952970415937834e-18,0.5657215051130405,3.952970415937834e-18
30,piqs_blocks,1.0,0.5620931104859292,3.965993547501871e-18,0.5620931104859292,3.965993547501871e-18
30,piqs_blocks,1.05,0.5582945431663813,7.214814886475343e-18,0.5582945431663813,7.214814886475343e-18
30,piqs_blocks,1.1,0.5543282314131351,4.503515361873532e-18,0.5543282314131351,4.503515361873532e-18
30,piqs_blocks,1.1500000000000001,0.5501967295232607,4.885421341966815e-18,0.5501967295232607,4.885421341966815e-18
30,piqs_blocks,1.2000000000000002,0.5459027179738603,6.432791717922813e-18,0.5459027179738603,6.432791717922813e-18
30,piqs_blocks,1.25,0.5414490033761635,9.148802863293729e-18,0.5414490033761635,9.148802863293729e-18
30,piqs_blocks,1.3,0.5368385182232361,7.309311999653405e-18,0.5368385182232361,7.309311999653405e-18
30,piqs_blocks,1.35,0.5320743204133053,4.3896953095862405e-18,0.5320743204133053,4.3896953095862405e-18
30,piqs_blocks,1.4000000000000001,0.5271595925316351,5.954429860960952e-18,0.5271595925316351,5.954429860960952e-18
30,piqs_blocks,1.4500000000000002,0.5220976408749912,6.28821378173835e-18,0.5220976408749912,6.28821378173835e-18
30,piqs_blocks,1.5,0.5168918942039875,1.5915219683316628e-18,0.5168918942039875,1.5915219683316628e-18
30,piqs_blocks,1.55,0.5115459022100252,7.989744154094632e-18,0.5115459022100252,7.989744154094632e-18
30,piqs_blocks,1.6,0.5060633336850728,9.232606185512709e-18,0.5060633336850728,9.232606185512709e-18
30,piqs_blocks,1.6500000000000001,0.5004479743842251,1.1332294982637713e-17,0.5004479743842251,1.1332294982637713e-17
30,piqs_blocks,1.7000000000000002,0.49470372457276623,4.46164017054366e-18,0.49470372457276623,4.46164017054366e-18
30,piqs_blocks,1.75,0.4888345962513648,1.3315252051719236e-17,0.4888345962513648,1.3315252051719236e-17
30,piqs_blocks,1.8,0.48284471005501056,9.402965687029233e-18,0.48284471005501056,9.402965687029233e-18
30,piqs_blocks,1.85,0.4767382918233631,1.1660626128817165e-17,0.4767382918233631,1.1660626128817165e-17
30,piqs_blocks,1.9000000000000001,0.47051966884228225,4.9396314505911065e-18,0.47051966884228225,4.9396314505911065e-18
30,piqs_blocks,1.9500000000000002,0.46419326575846126,8.319504668372579e-18,0.46419326575846126,8.319504668372579e-18
30,piqs_blocks,2.0,0.4577636001712345,5.5328721510243394e-18,0.4577636001712345,5.5328721510243394e-18
30,piqs_blocks,2.0500000000000003,0.4512352779077861,6.033998018443666e-18,0.4512352779077861,6.033998018443666e-18
30,piqs_blocks,2.1,0.4446129879901144,1.0852980213610195e-17,0.4446129879901144,1.0852980213610195e-17
30,piqs_blocks,2.15,0.4379014973041891,1.144595621624741e-17,0.4379014973041891,1.144595621624741e-17
30,piqs_blocks,2.2,0.43110564498376336,8.977225751915548e-18,0.43110564498376336,8.977225751915548e-18
30,piqs_blocks,2.25,0.42423033652323944,6.113777934163184e-18,0.42423033652323944,6.113777934163184e-18
30,piqs_blocks,2.3000000000000003,0.41728053763583123,1.3508640261489243e-17,0.41728053763583123,1.3508640261489243e-17
30,piqs_blocks,2.35,0.4102612678749904,1.703658542636261e-17,0.4102612678749904,1.703658542636261e-17
30,piqs_blocks,2.4000000000000004,0.4031775940386657,1.0810681505806689e-17,0.4031775940386657,1.0810681505806689e-17
30,piqs_blocks,2.45,0.3960346233774084,1.4157838076000465e-17,0.3960346233774084,1.4157838076000465e-17
30,piqs_blocks,2.5,0.3888374966286437,1.7473866185382644e-17,0.3888374966286437,1.7473866185382644e-17
30,piqs_blocks,2.5500000000000003,0.3815913809005555,1.8572467917971472e-17,0.3815913809005555,1.8572467917971472e-17
30,piqs_blocks,2.6,0.37430146242999074,1.7419232560284742e-17,0.37430146242999074,1.7419232560284742e-17
30,piqs_blocks,2.6500000000000004,0.3669729392395696,1.2229461692457645e-17,0.3669729392395696,1.2229461692457645e-17
30,piqs_blocks,2.7,0.35961101371978627,1.3482223421446757e-17,0.35961101371978627,1.3482223421446757e-17
30,piqs_blocks,2.75,0.35222088516228656,1.7019380069621512e-17,0.35222088516228656,1.7019380069621512e-17
30,piqs_blocks,2.8000000000000003,0.3448077422707458,8.656782600057415e-18,0.3448077422707458,8.656782600057415e-18
30,piqs_blocks,2.85,0.3373767556757974,8.911951275417774e-18,0.3373767556757974,8.911951275417774e-18
30,piqs_blocks,2.9000000000000004,0.32993307048033454,1.1780957746886496e-17,0.32993307048033454,1.1780957746886496e-17
30,piqs_blocks,2.95,0.3224817988611855,1.067907376162706e-17,0.3224817988611855,1.067907376162706e-17
30,piqs_blocks,3.0,0.3150280127526861,2.220147470136412e-17,0.3150280127526861,2.220147470136412e-17
30,piqs_blocks,3.0500000000000003,0.3075767366370326,1.1762958296757346e-17,0.3075767366370326,1.1762958296757346e-17
30,piqs_blocks,3.1,0.30013294046550737,1.0764094693707712e-17,0.30013294046550737,1.0764094693707712e-17
30,piqs_blocks,3.1500000000000004,0.29270153273374605,4.872345270843612e-18,0.29270153273374605,4.872345270843612e-18
30,piqs_blocks,3.2,0.28528735373316,2.0270980735453167e-17,0.28528735373316,2.0270980735453167e-17
30,piqs_blocks,3.25,0.27789516899946504,1.7741210959359792e-17,0.27789516899946504,1.7741210959359792e-17
30,piqs_blocks,3.3000000000000003,0.2705296629780002,1.1019369248186478e-17,0.2705296629780002,1.1019369248186478e-17
30,piqs_blocks,3.35,0.2631954329241707,1.2512582455077404e-17,0.2631954329241707,1.2512582455077404e-17
30,piqs_blocks,3.4000000000000004,0.2558969830559243,1.6113531272092247e-17,0.2558969830559243,1.6113531272092247e-17
30,piqs_blocks,3.45,0.24863871897369078,1.5866938805322842e-17,0.24863871897369078,1.5866938805322842e-17
30,piqs_blocks,3.5,0.24142494236168413,6.5307299024491294e-18,0.24142494236168413,6.5307299024491294e-18
30,piqs_blocks,3.5500000000000003,0.2342598459829144,1.1245950561577007e-17,0.2342598459829144,1.1245950561577007e-17
30,piqs_blocks,3.6,0.22714750897867625,2.4486557834819416e-17,0.22714750897867625,2.4486557834819416e-17
30,piqs_blocks,3.6500000000000004,0.2200918924817006,1.441184208105836e-17,0.2200918924817006,1.441184208105836e-17
30,piqs_blocks,3.7,0.21309683555058434,1.8668712036603254e-17,0.21309683555058434,1.8668712036603254e-17
30,piqs_blocks,3.75,0.2061660514315478,1.1093484631071234e-17,0.2061660514315478,1.1093484631071234e-17
30,piqs_blocks,3.8000000000000003,0.1993031241520468,1.5003918111189117e-17,0.1993031241520468,1.5003918111189117e-17
30,piqs_blocks,3.85,0.19251150544926696,1.840687297678327e-17,0.19251150544926696,1.840687297678327e-17
30,piqs_blocks,3.9000000000000004,0.18579451203508027,2.1898448664483904e-17,0.18579451203508027,2.1898448664483904e-17
30,piqs_blocks,3.95,0.17915532319765168,1.8766438462892722e-17,0.17915532319765168,1.8766438462892722e-17
30,piqs_blocks,4.0,0.17259697873854138,1.5311814587516058e-17,0.17259697873854138,1.5311814587516058e-17
30,piqs_blocks,4.05,0.16612237724288306,1.6517248350577334e-17,0.16612237724288306,1.6517248350577334e-17
30,piqs_blocks,4.1000000000000005,0.1597342746790117,2.4082946635452745e-17,0.1597342746790117,2.4082946635452745e-17
30,piqs_blocks,4.15,0.15343528332279058,1.681498043153722e-17,0.15343528332279058,1.681498043153722e-17
30,piqs_blocks,4.2,0.14722787100083135,2.0590523914804858e-17,0.14722787100083135,2.0590523914804858e-17
30,piqs_blocks,4.25,0.14111436064583205,2.1475779223804008e-17,0.14111436064583205,2.1475779223804008e-17
30,piqs_blocks,4.3,0.13509693015636032,1.480380657740029e-17,0.13509693015636032,1.480380657740029e-17
30,piqs_blocks,4.3500000000000005,0.129177612552598,1.2687918275159049e-17,0.129177612552598,1.2687918275159049e-17
30,piqs_blocks,4.4,0.12335829641883037,1.3203231944444884e-17,0.12335829641883037,1.3203231944444884e-17
30,piqs_blocks,4.45,0.11764072662280727,2.297799215575951e-17,0.11764072662280727,2.297799215575951e-17
30,piqs_blocks,4.5,0.11202650530152976,2.3179797755442847e-17,0.11202650530152976,2.3179797755442847e-17
30,piqs_blocks,4.55,0.1065170931025159,1.2781303657593836e-17,0.1065170931025159,1.2781303657593836e-17
30,piqs_blocks,4.6000000000000005,0.10111381066917234,2.2296236512338205e-17,0.10111381066917234,2.2296236512338205e-17
30,piqs_blocks,4.65,0.095817840358547,1.238796273271262e-17,0.095817840358547,1.238796273271262e-17
30,piqs_blocks,4.7,0.09063022817944892,1.7684671510130574e-17,0.09063022817944892,1.7684671510130574e-17
30,piqs_blocks,4.75,0.0855518859387052,2.1151577363242425e-17,0.0855518859387052,2.1151577363242425e-17
30,piqs_blocks,4.800000000000001,0.08058359358316403,1.5619181668250962e-17,0.08058359358316403,1.5619181668250962e-17
30,piqs_blocks,4.8500000000000005,0.07572600172495336,1.8708946101597836e-17,0.07572600172495336,1.8708946101597836e-17
30,piqs_blocks,4.9,0.07097963433746043,2.1280855766817113e-17,0.07097963433746043,2.1280855766817113e-17
30,piqs_blocks,4.95,0.06634489160950457,6.287313809231928e-18,0.06634489160950457,6.287313809231928e-18
30,piqs_blocks,5.0,0.06182205294522737,1.914845032210441e-17,0.06182205294522737,1.914845032210441e-17
30,piqs_blocks,5.050000000000001,0.05741128009732398,1.8981584831495314e-17,0.05741128009732398,1.8981584831495314e-17
30,piqs_blocks,5.1000000000000005,0.053112620421376655,1.4511262573242337e-17,0.053112620421376655,1.4511262573242337e-17
30,piqs_blocks,5.15,0.04892601023922548,1.8836953955751643e-17,0.04892601023922548,1.8836953955751643e-17
30,piqs_blocks,5.2,0.04485127829952098,1.410796901123088e-17,0.04485127829952098,1.410796901123088e-17
30,piqs_blocks,5.25,0.04088814932383989,1.58350691906824e-17,0.04088814932383989,1.58350691906824e-17
30,piqs_blocks,5.300000000000001,0.03703624762700983,1.1760628956152401e-17,0.03703624762700983,1.1760628956152401e-17
30,piqs_blocks,5.3500000000000005,0.0332951008005784,9.00628956991823e-18,0.0332951008005784,9.00628956991823e-18
30,piqs_blocks,5.4,0.029664143448669435,3.4103981676181556e-17,0.029664143448669435,3.4103981676181556e-17
30,piqs_blocks,5.45,0.026142720965798654,1.6741288565126094e-17,0.026142720965798654,1.6741288565126094e-17
30,piqs_blocks,5.5,0.022730093346562057,1.3839459566951267e-17,0.022730093346562057,1.3839459566951267e-17
30,piqs_blocks,5.550000000000001,0.01942543901746638,2.552269088754824e-17,0.01942543901746638,2.552269088754824e-17
30,piqs_blocks,5.6000000000000005,0.016227858681540055,2.861679636474979e-17,0.016227858681540055,2.861679636474979e-17
30,piqs_blocks,5.65,0.01313637916673409,1.6443238846810984e-17,0.01313637916673409,1.6443238846810984e-17
30,piqs_blocks,5.7,0.01014995726951113,1.3353686171700923e-17,0.01014995726951113,1.3353686171700923e-17
30,piqs_blocks,5.75,0.007267483585402258,1.7826761287032476e-17,0.007267483585402258,1.7826761287032476e-17
30,piqs_blocks,5.800000000000001,0.004487786318706812,2.1389911258776098e-17,0.004487786318706812,2.1389911258776098e-17
30,piqs_blocks,5.8500000000000005,0.0018096350639020288,2.956949667217406e-17,0.0018096350639020288,2.956949667217406e-17
30,piqs_blocks,5.9,-0.0007682554482784078,1.0849645021380396e-17,-0.0007682554482784078,1.0849645021380396e-17
30,piqs_blocks,5.95,-0.0032472216467408425,1.5802670180449916e-17,-0.0032472216467408425,1.5802670180449916e-17
30,piqs_blocks,6.0,-0.00562864746415924,1.1289890395715817e-17,-0.00562864746415924,1.1289890395715817e-17
30,piqs_blocks,6.050000000000001,-0.007913960735199213,1.1859202415389114e-17,-0.007913960735199213,1.1859202415389114e-17
30,piqs_blocks,6.1000000000000005,-0.010104629654318567,2.0230640791340178e-17,-0.010104629654318567,2.0230640791340178e-17
30,piqs_blocks,6.15,-0.01220215929824516,1.958223707021701e-17,-0.01220215929824516,1.958223707021701e-17
30,piqs_blocks,6.2,-0.01420808821785455,8.676158478725858e-18,-0.01420808821785455,8.676158478725858e-18
30,piqs_blocks,6.25,-0.0161239851038039,1.1648026513726773e-17,-0.0161239851038039,1.1648026513726773e-17
30,piqs_blocks,6.300000000000001,-0.01795144552991202,1.722481202911028e-17,-0.01795144552991202,1.722481202911028e-17
30,piqs_blocks,6.3500000000000005,-0.01969208877792094,1.1266385231429507e-17,-0.01969208877792094,1.1266385231429507e-17
30,piqs_blocks,6.4,-0.0213475547469263,9.929873119780627e-18,-0.0213475547469263,9.929873119780627e-18
30,piqs_blocks,6.45,-0.02291950095042143,1.9973778050085305e-17,-0.02291950095042143,1.9973778050085305e-17
30,piqs_blocks,6.5,-0.024409599603569376,1.3825271765084746e-17,-0.024409599603569376,1.3825271765084746e-17
30,piqs_blocks,6.550000000000001,-0.025819534802992674,1.1070508862376947e-17,-0.025819534802992674,1.1070508862376947e-17
30,piqs_blocks,6.6000000000000005,-0.027150999801056237,1.6217081049894076e-17,-0.027150999801056237,1.6217081049894076e-17
30,piqs_blocks,6.65,-0.028405694376314967,1.2652660528729572e-17,-0.028405694376314967,1.2652660528729572e-17
30,piqs_blocks,6.7,-0.029585322301500364,2.2147264592739837e-17,-0.029585322301500364,2.2147264592739837e-17
30,piqs_blocks,6.75,-0.03069158891013658,2.8680959110504286e-17,-0.03069158891013658,2.8680959110504286e-17
30,piqs_blocks,6.800000000000001,-0.03172619876260134,1.4005478024613095e-17,-0.03172619876260134,1.4005478024613095e-17
30,piqs_blocks,6.8500000000000005,-0.03269085341218121,7.752892566218662e-18,-0.03269085341218121,7.752892566218662e-18
30,piqs_blocks,6.9,-0.03358724927141873,1.9327809548685488e-17,-0.03358724927141873,1.9327809548685488e-17
30,piqs_blocks,6.95,-0.03441707557880407,1.6797722135236893e-17,-0.03441707557880407,1.6797722135236893e-17
30,piqs_blocks,7.0,-0.03518201246563376,1.813921056545089e-17,-0.03518201246563376,1.813921056545089e-17
30,piqs_blocks,7.050000000000001,-0.035883729122636994,1.847728259052376e-17,-0.035883729122636994,1.847728259052376e-17
30,piqs_blocks,7.1000000000000005,-0.036523882065762375,9.407889066035153e-18,-0.036523882065762375,9.407889066035153e-18
30,piqs_blocks,7.15,-0.03710411350031955,1.6504225219013275e-17,-0.03710411350031955,1.6504225219013275e-17
30,piqs_blocks,7.2,-0.037626049782484114,6.175928976667962e-18,-0.037626049782484114,6.175928976667962e-18
30,piqs_blocks,7.25,-0.03809129997700147,9.72330295976897e-18,-0.03809129997700147,9.72330295976897e-18
30,piqs_blocks,7.300000000000001,-0.03850145450976064,-1.741287981317985e-18,-0.03850145450976064,-1.741287981317985e-18
30,piqs_blocks,7.3500000000000005,-0.03885808391376013,8.866529133621244e-18,-0.03885808391376013,8.866529133621244e-18
30,piqs_blocks,7.4,-0.03916273766684702,1.180456879029119e-17,-0.03916273766684702,1.180456879029119e-17
30,piqs_blocks,7.45,-0.03941694311948202,1.0927360294290955e-17,-0.03941694311948202,1.0927360294290955e-17
30,piqs_blocks,7.5,-0.03962220451066689,9.071934623330409e-18,-0.03962220451066689,9.071934623330409e-18
30,piqs_blocks,7.550000000000001,-0.03978000207006111,6.008639969585231e-18,-0.03978000207006111,6.008639969585231e-18
30,piqs_blocks,7.6000000000000005,-0.03989179120421878,8.802048750511506e-18,-0.03989179120421878,8.802048750511506e-18
30,piqs_blocks,7.65,-0.03995900176478818,7.695717842278981e-18,-0.03995900176478818,7.695717842278981e-18
30,piqs_blocks,7.7,-0.03998303739643507,1.888428192167944e-17,-0.03998303739643507,1.888428192167944e-17
30,piqs_blocks,7.75,-0.03996527496217998,9.92966136154379e-18,-0.03996527496217998,9.92966136154379e-18
30,piqs_blocks,7.800000000000001,-0.03990706404377298,6.6571495698268e-18,-0.03990706404377298,6.6571495698268e-18
30,piqs_blocks,7.8500000000000005,-0.039809726514670386,2.9829324028744574e-18,-0.039809726514670386,2.9829324028744574e-18
30,piqs_blocks,7.9,-0.03967455618312111,8.152586238204265e-18,-0.03967455618312111,8.152586238204265e-18
30,piqs_blocks,7.95,-0.03950281850282138,2.037622457914948e-17,-0.03950281850282138,2.037622457914948e-17
30,piqs_blocks,8.0,-0.03929575034854575,1.2459960533229194e-17,-0.03929575034854575,1.2459960533229194e-17
30,piqs_blocks,8.05,-0.03905455985411744,-3.879940294016702e-18,-0.03905455985411744,-3.879940294016702e-18
30,piqs_blocks,8.1,-0.03878042631003516,1.1151294629721298e-17,-0.03878042631003516,1.1151294629721298e-17
30,piqs_blocks,8.15,-0.03847450011802918,6.33951221460643e-18,-0.03847450011802918,6.33951221460643e-18
30,piqs_blocks,8.200000000000001,-0.03813790279977441,7.514558670684957e-18,-0.03813790279977441,7.514558670684957e-18
30,piqs_blocks,8.25,-0.03777172705694406,1.5223776100560768e-17,-0.03777172705694406,1.5223776100560768e-17
30,piqs_blocks,8.3,-0.0373770368797419,1.3128745984645661e-17,-0.0373770368797419,1.3128745984645661e-17
30,piqs_blocks,8.35,-0.036954867701006984,7.707735122218138e-18,-0.036954867701006984,7.707735122218138e-18
30,piqs_blocks,8.4,-0.03650622659293897,8.773037872068029e-18,-0.03650622659293897,8.773037872068029e-18
30,piqs_blocks,8.450000000000001,-0.036032092503450686,6.132095021647527e-18,-0.036032092503450686,6.132095021647527e-18
30,piqs_blocks,8.5,-0.03553341652911247,4.107368640354528e-18,-0.03553341652911247,4.107368640354528e-18
30,piqs_blocks,8.55,-0.03501112222161718,7.282789280492491e-18,-0.03501112222161718,7.282789280492491e-18
30,piqs_blocks,8.6,-0.03446610592466287,1.2006268510856097e-17,-0.03446610592466287,1.2006268510856097e-17
30,piqs_blocks,8.65,-0.033899237138126065,9.63293513220875e-18,-0.033899237138126065,9.63293513220875e-18
30,piqs_blocks,8.700000000000001,-0.033311358906385695,3.2202075072240506e-18,-0.033311358906385695,3.2202075072240506e-18
30,piqs_blocks,8.75,-0.03270328822765353,1.292265228066684e-17,-0.03270328822765353,1.292265228066684e-17
30,piqs_blocks,8.8,-0.032075816481180845,6.0559679355130394e-18,-0.032075816481180845,6.0559679355130394e-18
30,piqs_blocks,8.85,-0.03142970986923889,7.417838096020343e-18,-0.03142970986923889,7.417838096020343e-18
30,piqs_blocks,8.9,-0.030765709870818548,5.889155384463143e-18,-0.030765709870818548,5.889155384463143e-18
30,piqs_blocks,8.950000000000001,-0.03008453370406533,-2.3296582423045374e-18,-0.03008453370406533,-2.3296582423045374e-18
30,piqs_blocks,9.0,-0.029386874794558187,-1.5500702934753617e-18,-0.029386874794558187,-1.5500702934753617e-18
30,piqs_blocks,9.05,-0.028673403246659686,-4.846616645070631e-19,-0.028673403246659686,-4.846616645070631e-19
30,piqs_blocks,9.1,-0.027944766315311384,1.5046322698110974e-17,-0.027944766315311384,1.5046322698110974e-17
30,piqs_blocks,9.15,-0.027201588875822844,-8.53915089950741e-18,-0.027201588875822844,-8.53915089950741e-18
30,piqs_blocks,9.200000000000001,-0.026444473889404713,1.9927508875341518e-18,-0.026444473889404713,1.9927508875341518e-18
30,piqs_blocks,9.25,-0.025674002862430594,8.534571627636325e-18,-0.025674002862430594,8.534571627636325e-18
30,piqs_blocks,9.3,-0.024890736297671287,8.620545471782635e-18,-0.024890736297671287,8.620545471782635e-18
30,piqs_blocks,9.35,-0.024095214136035128,-1.3532939519163546e-18,-0.024095214136035128,-1.3532939519163546e-18
30,piqs_blocks,9.4,-0.023287956187661503,6.092008194801962e-18,-0.023287956187661503,6.092008194801962e-18
30,piqs_blocks,9.450000000000001,-0.022469462551552855,-9.581352149209929e-18,-0.022469462551552855,-9.581352149209929e-18
30,piqs_blocks,9.5,-0.021640214023288307,-3.83247997919089e-18,-0.021640214023288307,-3.83247997919089e-18
30,piqs_blocks,9.55,-0.020800672490737988,8.557759154567404e-18,-0.020800672490737988,8.557759154567404e-18
30,piqs_blocks,9.600000000000001,-0.01995128131808427,4.301524473732951e-18,-0.01995128131808427,4.301524473732951e-18
30,piqs_blocks,9.65,-0.019092465718852196,2.0108032772224994e-18,-0.019092465718852196,2.0108032772224994e-18
30,piqs_blocks,9.700000000000001,-0.018224633119049292,-5.7521213354651554e-18,-0.018224633119049292,-5.7521213354651554e-18
30,piqs_blocks,9.75,-0.017348173511912132,1.0625234229917066e-18,-0.017348173511912132,1.0625234229917066e-18
30,piqs_blocks,9.8,-0.016463459806140786,8.963249708285794e-18,-0.016463459806140786,8.963249708285794e-18
30,piqs_blocks,9.850000000000001,-0.015570848169877714,2.639645831220008e-18,-0.015570848169877714,2.639645831220008e-18
30,piqs_blocks,9.9,-0.014670678373033801,-8.192965886986633e-18,-0.014670678373033801,-8.192965886986633e-18
30,piqs_blocks,9.950000000000001,-0.013763274130890906,3.1674929411472446e-18,-0.013763274130890906,3.1674929411472446e-18
30,piqs_blocks,10.0,-0.012848943452195335,-5.128255100032768e-18,-0.012848943452195335,-5.128255100032768e-18
30,piqs_blocks,10.05,-0.01192797899520811,5.431956116292809e-18,-0.01192797899520811,5.431956116292809e-18
30,piqs_blocks,10.100000000000001,-0.011000658435378558,-4.480764586305862e-18,-0.011000658435378558,-4.480764586305862e-18
30,piqs_blocks,10.15,-0.0100672448484613,3.312917910278963e-18,-0.0100672448484613,3.312917910278963e-18
30,piqs_blocks,10.200000000000001,-0.009127987112990097,1.798591745433234e-18,-0.009127987112990097,1.798591745433234e-18
30,piqs_blocks,10.25,-0.008183120336060203,1.3028398636585114e-18,-0.008183120336060203,1.3028398636585114e-18
30,piqs_blocks,10.3,-0.007232866306339947,-2.9026297090077968e-18,-0.007232866306339947,-2.9026297090077968e-18
30,piqs_blocks,10.350000000000001,-0.006277433978139752,8.536934055465753e-18,-0.006277433978139752,8.536934055465753e-18
30,piqs_blocks,10.4,-0.0053170199902027575,-6.617061088620018e-18,-0.0053170199902027575,-6.617061088620018e-18
30,piqs_blocks,10.450000000000001,-0.004351809222649929,-6.465971586653533e-18,-0.004351809222649929,-6.465971586653533e-18
30,piqs_blocks,10.5,-0.0033819753952131753,2.173671831111723e-18,-0.0033819753952131753,2.173671831111723e-18
30,piqs_blocks,10.55,-0.002407681709520558,4.307916925506741e-18,-0.002407681709520558,4.307916925506741e-18
30,piqs_blocks,10.600000000000001,-0.0014290815377680087,3.880482924498539e-18,-0.0014290815377680087,3.880482924498539e-18
30,piqs_blocks,10.65,-0.00044631915961505986,1.0138587331939688e-18,-0.00044631915961505986,1.0138587331939688e-18
30,piqs_blocks,10.700000000000001,0.0005404694514055099,-3.351060862685052e-18,0.0005404694514055099,-3.351060862685052e-18
30,piqs_blocks,10.75,0.0015311557912762784,7.096865548570128e-18,0.0015311557912762784,7.096865548570128e-18
30,piqs_blocks,10.8,0.0025256179386402757,-5.73639828638177e-18,0.0025256179386402757,-5.73639828638177e-18
30,piqs_blocks,10.850000000000001,0.0035237396183407745,-7.034476278048985e-18,0.0035237396183407745,-7.034476278048985e-18
30,piqs_blocks,10.9,0.00452540921670544,-3.087488032301159e-18,0.00452540921670544,-3.087488032301159e-18
30,piqs_blocks,10.950000000000001,0.0055305187506516345,4.3742369582987855e-18,0.0055305187506516345,4.3742369582987855e-18
30,piqs_blocks,11.0,0.006538962793425774,-7.676368433390138e-18,0.006538962793425774,-7.676368433390138e-18
30,piqs_blocks,11.05,0.007550637360528872,4.486892340283305e-19,0.007550637360528872,4.486892340283305e-19
30,piqs_blocks,11.100000000000001,0.008565438760100134,-1.25612339099856e-18,0.008565438760100134,-1.25612339099856e-18
30,piqs_blocks,11.15,0.009583262412736692,-2.498058980130577e-18,0.009583262412736692,-2.498058980130577e-18
30,piqs_blocks,11.200000000000001,0.010604001646395274,-3.856249841273247e-18,0.010604001646395274,-3.856249841273247e-18
30,piqs_blocks,11.25,0.0116275464726491,-8.186149918739223e-18,0.0116275464726491,-8.186149918739223e-18
30,piqs_blocks,11.3,0.01265378235115297,-6.0314569196018935e-18,0.01265378235115297,-6.0314569196018935e-18
30,piqs_blocks,11.350000000000001,0.013682588949683104,-5.474056300749361e-18,0.013682588949683104,-5.474056300749361e-18
30,piqs_blocks,11.4,0.014713838907570647,-9.660728400790556e-18,0.014713838907570647,-9.660728400790556e-18
30,piqs_blocks,11.450000000000001,0.015747396610723757,-5.060439524693247e-18,0.015747396610723757,-5.060439524693247e-18
30,piqs_blocks,11.5,0.016783116986730275,-3.3527152239101718e-18,0.016783116986730275,-3.3527152239101718e-18
30,piqs_blocks,11.55,0.01782084432874981,-1.224116133504158e-17,0.01782084432874981,-1.224116133504158e-17
30,piqs_blocks,11.600000000000001,0.01886041115703381,-1.4103098571784524e-18,0.01886041115703381,-1.4103098571784524e-18
30,piqs_blocks,11.65,0.019901637126957614,-3.8129717516244795e-18,0.019901637126957614,-3.8129717516244795e-18
30,piqs_blocks,11.700000000000001,0.020944327992407915,-7.821025778913423e-18,0.020944327992407915,-7.821025778913423e-18
30,piqs_blocks,11.75,0.021988274633244285,-5.01237040493657e-18,0.021988274633244285,-5.01237040493657e-18
30,piqs_blocks,11.8,0.023033252155350507,-5.529007563202899e-19,0.023033252155350507,-5.529007563202899e-19
30,piqs_blocks,11.850000000000001,0.024079019071508296,-3.4179897004079617e-18,0.024079019071508296,-3.4179897004079617e-18
30,piqs_blocks,11.9,0.02512531657097517,-5.8202280783803616e-18,0.02512531657097517,-5.8202280783803616e-18
30,piqs_blocks,11.950000000000001,0.026171867885231615,-8.321463432063108e-18,0.026171867885231615,-8.321463432063108e-18
30,piqs_blocks,12.0,0.027218377756884054,-2.9779560843093546e-18,0.027218377756884054,-2.9779560843093546e-18
40,piqs_blocks,0.0,0.6000000000000013,0.0,0.6000000000000013,0.0
40,piqs_blocks,0.05,0.599926877681325,-1.0937809239788647e-20,0.599926877681325,-1.0937809239788647e-20
40,piqs_blocks,0.1,0.5997075429047143,2.9634655343386034e-19,0.5997075429047143,2.9634655343386034e-19
40,piqs_blocks,0.15000000000000002,0.5993420922348819,2.6324630083709153e-19,0.5993420922348819,2.6324630083709153e-19
40,piqs_blocks,0.2,0.5988306867009282,5.79091362465205e-19,0.5988306867009282,5.79091362465205e-19
40,piqs_blocks,0.25,0.5981735519272133,5.711553916683712e-19,0.5981735519272133,5.711553916683712e-19
40,piqs_blocks,0.30000000000000004,0.5973709783145957,1.1980780594641486e-18,0.5973709783145957,1.1980780594641486e-18
40,piqs_blocks,0.35000000000000003,0.5964233212700645,5.5816410655791975e-19,0.5964233212700645,5.5816410655791975e-19
40,piqs_blocks,0.4,0.5953310014822424,1.2009438266963387e-18,0.5953310014822424,1.2009438266963387e-18
40,piqs_blocks,0.45,0.594094505239708,3.7433148722413493e-19,0.594094505239708,3.7433148722413493e-19
40,piqs_blocks,0.5,0.5927143847885523,4.1634481771631915e-20,0.5927143847885523,4.1634481771631915e-20
40,piqs_blocks,0.55,0.5911912587250984,1.3839269315410316e-18,0.5911912587250984,1.3839269315410316e-18
40,piqs_blocks,0.6000000000000001,0.5895258124192092,1.154666380146447e-18,0.5895258124192092,1.154666380146447e-18
40,piqs_blocks,0.65,0.5877187984631619,2.1125828885134807e-18,0.5877187984631619,2.1125828885134807e-18
40,piqs_blocks,0.7000000000000001,0.5857710371406247,1.5316175483705373e-18,0.5857710371406247,1.5316175483705373e-18
40,piqs_blocks,0.75,0.5836834169098645,2.6635877468697537e-18,0.5836834169098645,2.6635877468697537e-18
40,piqs_blocks,0.8,0.5814568948949371,7.093553517397499e-19,0.5814568948949371,7.093553517397499e-19
40,piqs_blocks,0.8500000000000001,0.5790924973782653,2.615445835219168e-18,0.5790924973782653,2.615445835219168e-18
40,piqs_blocks,0.9,0.5765913202877034,3.2580063524952602e-18,0.5765913202877034,3.2580063524952602e-18
40,piqs_blocks,0.9500000000000001,0.5739545296709173,1.6320786337651027e-18,0.5739545296709173,1.6320786337651027e-18
40,piqs_blocks,1.0,0.5711833621496676,4.8379279399164435e-18,0.5711833621496676,4.8379279399164435e-18
40,piqs_blocks,1.05,0.5682791253464146,4.971380296862074e-18,0.5682791253464146,4.971380296862074e-18
40,piqs_blocks,1.1,0.5652431982755014,7.844616969983399e-19,0.5652431982755014,7.844616969983399e-19
40,piqs_blocks,1.1500000000000001,0.562077031691084,4.3033790126663004e-18,0.562077031691084,4.3033790126663004e-18
40,piqs_blocks,1.2000000000000002,0.5587821483839239,4.9253146085489956e-18,0.5587821483839239,4.9253146085489956e-18
40,piqs_blocks,1.25,0.555360143419164,2.8271163908878124e-18,0.555360143419164,2.8271163908878124e-18
40,piqs_blocks,1.3,0.5518126843072486,4.522133543100849e-18,0.5518126843072486,4.522133543100849e-18
40,piqs_blocks,1.35,0.5481415111002597,3.771227254831336e-18,0.5481415111002597,3.771227254831336e-18
40,piqs_blocks,1.4000000000000001,0.5443484364060872,2.416007626448958e-18,0.5443484364060872,2.416007626448958e-18
40,piqs_blocks,1.4500000000000002,0.5404353453130617,4.583060358299055e-18,0.5404353453130617,4.583060358299055e-18
40,piqs_blocks,1.5,0.5364041952179247,1.592504658899341e-18,0.5364041952179247,1.592504658899341e-18
40,piqs_blocks,1.55,0.5322570155503312,4.263546957449422e-18,0.5322570155503312,4.263546957449422e-18
40,piqs_blocks,1.6,0.5279959073874216,6.752430850225526e-18,0.5279959073874216,6.752430850225526e-18
40,piqs_blocks,1.6500000000000001,0.5236230429524189,3.430258443253303e-18,0.5236230429524189,3.430258443253303e-18
40,piqs_blocks,1.7000000000000002,0.5191406649916456,4.9700716971330156e-18,0.5191406649916456,4.9700716971330156e-18
40,piqs_blocks,1.75,0.5145510860248623,5.5863245622074714e-18,0.5145510860248623,5.5863245622074714e-18
40,piqs_blocks,1.8,0.5098566874643556,1.820935548139535e-18,0.5098566874643556,1.820935548139535e-18
40,piqs_blocks,1.85,0.5050599185987932,7.268836397919931e-18,0.5050599185987932,7.268836397919931e-18
40,piqs_blocks,1.9000000000000001,0.5001632954384556,5.844494248830184e-19,0.5001632954384556,5.844494248830184e-19
40,piqs_blocks,1.9500000000000002,0.4951693994191229,7.17615908208949e-18,0.4951693994191229,7.17615908208949e-18
40,piqs_blocks,2.0,0.49008087596253214,6.146732809767247e-18,0.49008087596253214,6.146732809767247e-18
40,piqs_blocks,2.0500000000000003,0.4849004328920473,2.519420092269113e-18,0.4849004328920473,2.519420092269113e-18
40,piqs_blocks,2.1,0.47963083870286705,6.006555474441561e-18,0.47963083870286705,6.006555474441561e-18
40,piqs_blocks,2.15,0.4742749206868376,3.772039546192864e-18,0.4742749206868376,3.772039546192864e-18
40,piqs_blocks,2.2,0.46883556291266054,1.231275547141923e-17,0.46883556291266054,1.231275547141923e-17
40,piqs_blocks,2.25,0.4633157040630295,5.0771254120096284e-18,0.4633157040630295,5.0771254120096284e-18
40,piqs_blocks,2.3000000000000003,0.4577183351309547,1.0101347660762814e-17,0.4577183351309547,1.0101347660762814e-17
40,piqs_blocks,2.35,0.452046496978271,1.0640963896445457e-17,0.452046496978271,1.0640963896445457e-17
40,piqs_blocks,2.4000000000000004,0.44630327776003065,2.8371534004405316e-18,0.44630327776003065,2.8371534004405316e-18
40,piqs_blocks,2.45,0.44049181021918765,1.3249451488351828e-17,0.44049181021918765,1.3249451488351828e-17
40,piqs_blocks,2.5,0.43461526885665036,3.7171246796866935e-18,0.43461526885665036,3.7171246796866935e-18
40,piqs_blocks,2.5500000000000003,0.4286768669824263,6.843629167120723e-18,0.4286768669824263,6.843629167120723e-18
40,piqs_blocks,2.6,0.4226798536542078,7.886366429860169e-18,0.4226798536542078,7.886366429860169e-18
40,piqs_blocks,2.6500000000000004,0.41662751051031865,4.231951966772347e-18,0.41662751051031865,4.231951966772347e-18
40,piqs_blocks,2.7,0.4105231485044898,8.674527278557845e-18,0.4105231485044898,8.674527278557845e-18
40,piqs_blocks,2.75,0.40437010455042866,1.0077597651015191e-17,0.40437010455042866,1.0077597651015191e-17
40,piqs_blocks,2.8000000000000003,0.3981717380846009,5.445194314816124e-18,0.3981717380846009,5.445194314816124e-18
40,piqs_blocks,2.85,0.3919314275560472,6.6560907786427004e-18,0.3919314275560472,6.6560907786427004e-18
40,piqs_blocks,2.9000000000000004,0.38565256685240834,7.089364674775526e-18,0.38565256685240834,7.089364674775526e-18
40,piqs_blocks,2.95,0.3793385616716386,2.7147571395622856e-18,0.3793385616716386,2.7147571395622856e-18
40,piqs_blocks,3.0,0.3729928258491264,3.3461966270929087e-18,0.3729928258491264,3.3461966270929087e-18
40,piqs_blocks,3.0500000000000003,0.3666187776501409,6.2613304118303444e-18,0.3666187776501409,6.2613304118303444e-18
40,piqs_blocks,3.1,0.36021983603765445,5.550269413667511e-18,0.36021983603765445,5.550269413667511e-18
40,piqs_blocks,3.1500000000000004,0.3537994169256753,7.827087358442169e-18,0.3537994169256753,7.827087358442169e-18
40,piqs_blocks,3.2,0.34736092942825103,-2.411727793959587e-19,0.34736092942825103,-2.411727793959587e-19
40,piqs_blocks,3.25,0.3409077721142791,1.4199858851118107e-17,0.3409077721142791,1.4199858851118107e-17
40,piqs_blocks,3.3000000000000003,0.3344433292781804,-3.768171649648562e-18,0.3344433292781804,-3.768171649648562e-18
40,piqs_blocks,3.35,0.32797096723636443,1.3523999351103078e-17,0.32797096723636443,1.3523999351103078e-17
40,piqs_blocks,3.4000000000000004,0.3214940306592359,9.27579824837774e-18,0.3214940306592359,9.27579824837774e-18
40,piqs_blocks,3.45,0.3150158389482731,1.4750185421372086e-17,0.3150158389482731,1.4750185421372086e-17
40,piqs_blocks,3.5,0.3085396826674387,5.595764347357927e-18,0.3085396826674387,5.595764347357927e-18
40,piqs_blocks,3.5500000000000003,0.30206882003787777,8.069160110344587e-18,0.30206882003787777,8.069160110344587e-18
40,piqs_blocks,3.6,0.29560647350451696,6.991701114212615e-18,0.29560647350451696,6.991701114212615e-18
40,piqs_blocks,3.6500000000000004,0.289155826382796,3.380693780949127e-18,0.289155826382796,3.380693780949127e-18
40,piqs_blocks,3.7,0.2827200195933606,5.445621140012202e-18,0.2827200195933606,5.445621140012202e-18
40,piqs_blocks,3.75,0.2763021484921047,1.1614919436889895e-17,0.2763021484921047,1.1614919436889895e-17
40,piqs_blocks,3.8000000000000003,0.2699052598024937,8.044490275755807e-18,0.2699052598024937,8.044490275755807e-18
40,piqs_blocks,3.85,0.2635323486566265,1.3961174231004705e-17,0.2635323486566265,1.3961174231004705e-17
40,piqs_blocks,3.9000000000000004,0.2571863557509873,1.3108159113560422e-17,0.2571863557509873,1.3108159113560422e-17
40,piqs_blocks,3.95,0.2508701646223438,7.874461646484307e-18,0.2508701646223438,7.874461646484307e-18
40,piqs_blocks,4.0,0.24458659904872285,1.1245527045103315e-17,0.24458659904872285,1.1245527045103315e-17
40,piqs_blocks,4.05,0.23833842057987178,6.248131917976448e-18,0.23833842057987178,6.248131917976448e-18
40,piqs_blocks,4.1000000000000005,0.23212832620109242,5.579882479596909e-18,0.23212832620109242,5.579882479596909e-18
40,piqs_blocks,4.15,0.22595894613380435,2.2388404284911266e-18,0.22595894613380435,2.2388404284911266e-18
40,piqs_blocks,4.2,0.21983284177567136,6.752970171984912e-18,0.21983284177567136,6.752970171984912e-18
40,piqs_blocks,4.25,0.21375250378261187,1.4364878074599986e-17,0.21375250378261187,1.4364878074599986e-17
40,piqs_blocks,4.3,0.20772035029450142,3.0956936639776565e-18,0.20772035029450142,3.0956936639776565e-18
40,piqs_blocks,4.3500000000000005,0.20173872530588088,6.391617975752347e-18,0.20173872530588088,6.391617975752347e-18
40,piqs_blocks,4.4,0.19580989718249603,8.194540838872927e-18,0.19580989718249603,8.194540838872927e-18
40,piqs_blocks,4.45,0.18993605732402705,4.436738725383326e-18,0.18993605732402705,4.436738725383326e-18
40,piqs_blocks,4.5,0.184119318972912,1.1766121435419688e-17,0.184119318972912,1.1766121435419688e-17
40,piqs_blocks,4.55,0.1783617161687323,5.214678930432297e-18,0.1783617161687323,5.214678930432297e-18
40,piqs_blocks,4.6000000000000005,0.1726652028472125,9.851588746608554e-18,0.1726652028472125,9.851588746608554e-18
40,piqs_blocks,4.65,0.1670316520824922,7.312819245450603e-18,0.1670316520824922,7.312819245450603e-18
40,piqs_blocks,4.7,0.16146285547095107,2.7730204331880714e-18,0.16146285547095107,2.7730204331880714e-18
40,piqs_blocks,4.75,0.15596052265451923,1.2163571793584067e-17,0.15596052265451923,1.2163571793584067e-17
40,piqs_blocks,4.800000000000001,0.15052628098107157,1.550321756381586e-17,0.15052628098107157,1.550321756381586e-17
40,piqs_blocks,4.8500000000000005,0.1451616752992025,-2.2496070113441118e-18,0.1451616752992025,-2.2496070113441118e-18
40,piqs_blocks,4.9,0.13986816788438755,-1.1387365359098977e-18,0.13986816788438755,-1.1387365359098977e-18
40,piqs_blocks,4.95,0.13464713849328558,6.2996884311956534e-18,0.13464713849328558,6.2996884311956534e-18
40,piqs_blocks,5.0,0.12949988454269046,2.2406866956183453e-18,0.12949988454269046,2.2406866956183453e-18
40,piqs_blocks,5.050000000000001,0.12442762140943055,1.7897012082095342e-18,0.12442762140943055,1.7897012082095342e-18
40,piqs_blocks,5.1000000000000005,0.1194314828473216,6.775125377511532e-18,0.1194314828473216,6.775125377511532e-18
40,piqs_blocks,5.15,0.11451252151710575,1.0031497221116388e-17,0.11451252151710575,1.0031497221116388e-17
40,piqs_blocks,5.2,0.10967170962516383,8.7900116182376e-18,0.10967170962516383,8.7900116182376e-18
40,piqs_blocks,5.25,0.10490993966665689,2.0717631796452162e-18,0.10490993966665689,2.0717631796452162e-18
40,piqs_blocks,5.300000000000001,0.10022802526864703,1.4859968832270124e-17,0.10022802526864703,1.4859968832270124e-17
40,piqs_blocks,5.3500000000000005,0.09562670212865708,-3.255657159555606e-18,0.09562670212865708,-3.255657159555606e-18
40,piqs_blocks,5.4,0.09110662904405914,-4.574772008561246e-19,0.09110662904405914,-4.574772008561246e-19
40,piqs_blocks,5.45,0.08666838902762973,3.2447251405801108e-18,0.08666838902762973,3.2447251405801108e-18
40,piqs_blocks,5.5,0.08231249050457272,6.928180260613445e-18,0.08231249050457272,6.928180260613445e-18
40,piqs_blocks,5.550000000000001,0.07803936858629112,5.658299201666937e-18,0.07803936858629112,5.658299201666937e-18
40,piqs_blocks,5.6000000000000005,0.07384938641618498,6.547167635581743e-19,0.07384938641618498,6.547167635581743e-19
40,piqs_blocks,5.65,0.06974283658275986,4.914220462173437e-18,0.06974283658275986,4.914220462173437e-18
40,piqs_blocks,5.7,0.06571994259535474,2.0915162526729825e-18,0.06571994259535474,2.0915162526729825e-18
40,piqs_blocks,5.75,0.06178086041783055,-1.3042719200940096e-18,0.06178086041783055,-1.3042719200940096e-18
40,piqs_blocks,5.800000000000001,0.057925680055608185,-1.8409996410776174e-18,0.057925680055608185,-1.8409996410776174e-18
40,piqs_blocks,5.8500000000000005,0.054154427191500126,-4.186215496343061e-18,0.054154427191500126,-4.186215496343061e-18
40,piqs_blocks,5.9,0.05046706486584529,-4.839231576561823e-18,0.05046706486584529,-4.839231576561823e-18
40,piqs_blocks,5.95,0.04686349519653369,-3.3005490785794715e-18,0.04686349519653369,-3.3005490785794715e-18
40,piqs_blocks,6.0,0.043343561134587386,-9.85856187917237e-18,0.043343561134587386,-9.85856187917237e-18
40,piqs_blocks,6.050000000000001,0.03990704825105657,5.706421260982822e-18,0.03990704825105657,5.706421260982822e-18
40,piqs_blocks,6.1000000000000005,0.03655368655108512,-2.4483884387079307e-19,0.03655368655108512,-2.4483884387079307e-19
40,piqs_blocks,6.15,0.03328315231110157,-8.037555193500157e-18,0.03328315231110157,-8.037555193500157e-18
40,piqs_blocks,6.2,0.030095069935201422,3.709415356377701e-18,0.030095069935201422,3.709415356377701e-18
40,piqs_blocks,6.25,0.026989013826895468,4.0607156538065215e-18,0.026989013826895468,4.0607156538065215e-18
40,piqs_blocks,6.300000000000001,0.02396451027251749,2.1830487505356504e-18,0.02396451027251749,2.1830487505356504e-18
40,piqs_blocks,6.3500000000000005,0.02102103933270216,-3.529705405216874e-18,0.02102103933270216,-3.529705405216874e-18
40,piqs_blocks,6.4,0.018158036738466374,-1.9486522347177186e-18,0.018158036738466374,-1.9486522347177186e-18
40,piqs_blocks,6.45,0.015374895788552645,-4.64995280007499e-18,0.015374895788552645,-4.64995280007499e-18
40,piqs_blocks,6.5,0.012670969244817636,-1.1966855009029127e-18,0.012670969244817636,-1.1966855009029127e-18
40,piqs_blocks,6.550000000000001,0.010045571222578124,-7.301721790352585e-18,0.010045571222578124,-7.301721790352585e-18
40,piqs_blocks,6.6000000000000005,0.007497979072954048,2.008473936617559e-18,0.007497979072954048,2.008473936617559e-18
40,piqs_blocks,6.65,0.005027435254378344,-3.3700198423247376e-18,0.005027435254378344,-3.3700198423247376e-18
40,piqs_blocks,6.7,0.0026331491905726696,-8.85156709070134e-18,0.0026331491905726696,-8.85156709070134e-18
40,piqs_blocks,6.75,0.00031429911241721424,-4.513196683762823e-18,0.00031429911241721424,-4.513196683762823e-18
40,piqs_blocks,6.800000000000001,-0.0019299661187275924,-2.063921507438208e-18,-0.0019299661187275924,-2.063921507438208e-18
40,piqs_blocks,6.8500000000000005,-0.004100525208561155,4.006075411263718e-18,-0.004100525208561155,4.006075411263718e-18
40,piqs_blocks,6.9,-0.006198282650431211,-6.748715154913934e-18,-0.006198282650431211,-6.748715154913934e-18
40,piqs_blocks,6.95,-0.008224166971029378,-1.0536507528692256e-17,-0.008224166971029378,-1.0536507528692256e-17
40,piqs_blocks,7.0,-0.010179129003128744,-6.3138629981723575e-18,-0.010179129003128744,-6.3138629981723575e-18
40,piqs_blocks,7.050000000000001,-0.01206414018717321,2.8543025089000054e-19,-0.01206414018717321,2.8543025089000054e-19
40,piqs_blocks,7.1000000000000005,-0.013880190903407042,7.410155242490942e-18,-0.013880190903407042,7.410155242490942e-18
40,piqs_blocks,7.15,-0.015628288836112874,1.6376455592875863e-18,-0.015628288836112874,1.6376455592875863e-18
40,piqs_blocks,7.2,-0.01730945737140691,1.3047549935717458e-18,-0.01730945737140691,1.3047549935717458e-18
40,piqs_blocks,7.25,-0.018924734029925488,-3.981312932446326e-18,-0.018924734029925488,-3.981312932446326e-18
40,piqs_blocks,7.300000000000001,-0.02047516893562203,-7.007894001883949e-18,-0.02047516893562203,-7.007894001883949e-18
40,piqs_blocks,7.3500000000000005,-0.02196182332178251,-3.2901869870460198e-18,-0.02196182332178251,-3.2901869870460198e-18
40,piqs_blocks,7.4,-0.02338576807525779,-3.265060548759109e-18,-0.02338576807525779,-3.265060548759109e-18
40,piqs_blocks,7.45,-0.024748082319805617,-2.577527875939734e-18,-0.024748082319805617,-2.577527875939734e-18
40,piqs_blocks,7.5,-0.026049852039330138,-3.2029028888094247e-18,-0.026049852039330138,-3.2029028888094247e-18
40,piqs_blocks,7.550000000000001,-0.02729216874170604,-1.9091791758866885e-18,-0.02729216874170604,-1.9091791758866885e-18
40,piqs_blocks,7.6000000000000005,-0.02847612816377682,3.959859176079155e-18,-0.02847612816377682,3.959859176079155e-18
40,piqs_blocks,7.65,-0.029602829018019153,-1.4091650392106342e-18,-0.029602829018019153,-1.4091650392106342e-18
40,piqs_blocks,7.7,-0.030673371781275292,-1.3629408630921931e-17,-0.030673371781275292,-1.3629408630921931e-17
40,piqs_blocks,7.75,-0.0316888575258638,-6.624406452459465e-18,-0.0316888575258638,-6.624406452459465e-18
40,piqs_blocks,7.800000000000001,-0.03265038679329274,1.8533676455965153e-18,-0.03265038679329274,1.8533676455965153e-18
40,piqs_blocks,7.8500000000000005,-0.03355905851071665,5.586513159387156e-19,-0.03355905851071665,5.586513159387156e-19
40,piqs_blocks,7.9,-0.034415968950197266,1.5019217643798853e-18,-0.034415968950197266,1.5019217643798853e-18
40,piqs_blocks,7.95,-0.03522221073075038,1.9811769764033087e-18,-0.03522221073075038,1.9811769764033087e-18
40,piqs_blocks,8.0,-0.035978871863087875,-2.0747476472953026e-18,-0.035978871863087875,-2.0747476472953026e-18
40,piqs_blocks,8.05,-0.03668703483689158,3.007502975789703e-18,-0.03668703483689158,3.007502975789703e-18
40,piqs_blocks,8.1,-0.037347775750388335,5.205295393563496e-18,-0.037347775750388335,5.205295393563496e-18
40,piqs_blocks,8.15,-0.03796216348193066,-5.838340025072773e-18,-0.03796216348193066,-5.838340025072773e-18
40,piqs_blocks,8.200000000000001,-0.03853125890322517,-3.632831666545086e-18,-0.03853125890322517,-3.632831666545086e-18
40,piqs_blocks,8.25,-0.03905611413379233,-1.0869874550440928e-17,-0.03905611413379233,-1.0869874550440928e-17
40,piqs_blocks,8.3,-0.039537771836186696,-4.1201072217878234e-18,-0.039537771836186696,-4.1201072217878234e-18
40,piqs_blocks,8.35,-0.0399772645514518,-3.0814926272213415e-18,-0.0399772645514518,-3.0814926272213415e-18
40,piqs_blocks,8.4,-0.04037561407423787,-4.813886762593199e-18,-0.04037561407423787,-4.813886762593199e-18
40,piqs_blocks,8.450000000000001,-0.04073383086696071,2.067084646100616e-18,-0.04073383086696071,2.067084646100616e-18
40,piqs_blocks,8.5,-0.04105291351233943,-1.3582173309222685e-18,-0.04105291351233943,-1.3582173309222685e-18
40,piqs_blocks,8.55,-0.04133384820360912,-1.4941833243133266e-17,-0.04133384820360912,-1.4941833243133266e-17
40,piqs_blocks,8.6,-0.04157760827166656,-1.8926885031948318e-18,-0.04157760827166656,-1.8926885031948318e-18
40,piqs_blocks,8.65,-0.04178515374837383,-1.3520035501607701e-18,-0.04178515374837383,-1.3520035501607701e-18
40,piqs_blocks,8.700000000000001,-0.04195743096521168,-1.0689158747655224e-18,-0.04195743096521168,-1.0689158747655224e-18
40,piqs_blocks,8.75,-0.04209537218644594,-1.1630324848618078e-17,-0.04209537218644594,-1.1630324848618078e-17
40,piqs_blocks,8.8,-0.0421998952759434,-2.6947360600160482e-18,-0.0421998952759434,-2.6947360600160482e-18
40,piqs_blocks,8.85,-0.042271903396750916,-6.142643228818781e-18,-0.042271903396750916,-6.142643228818781e-18
40,piqs_blocks,8.9,-0.042312284742528364,-3.1887349392776168e-18,-0.042312284742528364,-3.1887349392776168e-18
40,piqs_blocks,8.950000000000001,-0.042321912299909066,-9.345079587762729e-18,-0.042321912299909066,-9.345079587762729e-18
40,piqs_blocks,9.0,-0.04230164364084424,-7.383926999628106e-18,-0.04230164364084424,-7.383926999628106e-18
40,piqs_blocks,9.05,-0.042252320743973726,-6.1360687973102105e-18,-0.042252320743973726,-6.1360687973102105e-18
40,piqs_blocks,9.1,-0.04217476984405397,-9.437078615490877e-18,-0.04217476984405397,-9.437078615490877e-18
40,piqs_blocks,9.15,-0.04206980130846488,-7.216634683822932e-18,-0.04206980130846488,-7.216634683822932e-18
40,piqs_blocks,9.200000000000001,-0.04193820953980917,1.815681296888599e-18,-0.04193820953980917,1.815681296888599e-18
40,piqs_blocks,9.25,-0.04178077290361393,-9.401165742016275e-18,-0.04178077290361393,-9.401165742016275e-18
40,piqs_blocks,9.3,-0.04159825368013944,-1.2751650886994962e-17,-0.04159825368013944,-1.2751650886994962e-17
40,piqs_blocks,9.35,-0.041391398039300954,-5.0827601663423366e-18,-0.041391398039300954,-5.0827601663423366e-18
40,piqs_blocks,9.4,-0.0411609360377091,-8.721686499640715e-18,-0.0411609360377091,-8.721686499640715e-18
40,piqs_blocks,9.450000000000001,-0.04090758163683808,-1.4150916228634563e-17,-0.04090758163683808,-1.4150916228634563e-17
40,piqs_blocks,9.5,-0.04063203274133618,-1.4143941441709516e-17,-0.04063203274133618,-1.4143941441709516e-17
40,piqs_blocks,9.55,-0.04033497125649944,-9.789305355205757e-18,-0.04033497125649944,-9.789305355205757e-18
40,piqs_blocks,9.600000000000001,-0.04001706316393978,-6.407579252852166e-18,-0.04001706316393978,-6.407579252852166e-18
40,piqs_blocks,9.65,-0.039678958614488495,-2.971080559057764e-18,-0.039678958614488495,-2.971080559057764e-18
40,piqs_blocks,9.700000000000001,-0.03932129203739027,-8.503410079600223e-18,-0.03932129203739027,-8.503410079600223e-18
40,piqs_blocks,9.75,-0.038944682264857776,-7.378768701328226e-18,-0.038944682264857776,-7.378768701328226e-18
40,piqs_blocks,9.8,-0.03854973267107328,-1.2534578841926347e-17,-0.03854973267107328,-1.2534578841926347e-17
40,piqs_blocks,9.850000000000001,-0.03813703132474435,1.64426962163291e-18,-0.03813703132474435,1.64426962163291e-18
40,piqs_blocks,9.9,-0.03770715115433988,-4.012189930351706e-18,-0.03770715115433988,-4.012189930351706e-18
40,piqs_blocks,9.950000000000001,-0.03726065012515704,2.331173637186745e-18,-0.03726065012515704,2.331173637186745e-18
40,piqs_blocks,10.0,-0.03679807142739402,-2.0751129302538083e-17,-0.03679807142739402,-2.0751129302538083e-17
40,piqs_blocks,10.05,-0.03631994367442976,-9.56083145257371e-18,-0.03631994367442976,-9.56083145257371e-18
40,piqs_blocks,10.100000000000001,-0.03582678111054029,-1.4343278734444998e-17,-0.03582678111054029,-1.4343278734444998e-17
40,piqs_blocks,10.15,-0.035319083827310555,-1.0407632789256496e-17,-0.035319083827310555,-1.0407632789256496e-17
40,piqs_blocks,10.200000000000001,-0.03479733798803243,-1.069567031343726e-17,-0.03479733798803243,-1.069567031343726e-17
40,piqs_blocks,10.25,-0.03426201605941071,-1.5635764985171341e-18,-0.03426201605941071,-1.5635764985171341e-18
40,piqs_blocks,10.3,-0.033713577049932254,-1.3210967737533408e-17,-0.033713577049932254,-1.3210967737533408e-17
40,piqs_blocks,10.350000000000001,-0.03315246675428755,5.495192419761289e-19,-0.03315246675428755,5.495192419761289e-19
40,piqs_blocks,10.4,-0.032579118003267495,-1.2466273575664158e-18,-0.032579118003267495,-1.2466273575664158e-18
40,piqs_blocks,10.450000000000001,-0.03199395091859198,-1.1799546149611726e-17,-0.03199395091859198,-1.1799546149611726e-17
40,piqs_blocks,10.5,-0.03139737317216158,-8.966154766597087e-18,-0.03139737317216158,-8.966154766597087e-18
40,piqs_blocks,10.55,-0.03078978024925512,-5.3370751913105406e-18,-0.03078978024925512,-5.3370751913105406e-18
40,piqs_blocks,10.600000000000001,-0.030171555715229732,-9.29267273287382e-18,-0.030171555715229732,-9.29267273287382e-18
40,piqs_blocks,10.65,-0.02954307148530853,-9.225644633477422e-18,-0.02954307148530853,-9.225644633477422e-18
40,piqs_blocks,10.700000000000001,-0.02890468809707023,-8.669746174617286e-18,-0.02890468809707023,-8.669746174617286e-18
40,piqs_blocks,10.75,-0.028256754985282823,-8.53878363131544e-18,-0.028256754985282823,-8.53878363131544e-18
40,piqs_blocks,10.8,-0.027599610758743523,-6.715680869971018e-18,-0.027599610758743523,-6.715680869971018e-18
40,piqs_blocks,10.850000000000001,-0.02693358347881092,-1.5368294479741108e-17,-0.02693358347881092,-1.5368294479741108e-17
40,piqs_blocks,10.9,-0.026258990939330158,-7.763642605459349e-18,-0.026258990939330158,-7.763642605459349e-18
40,piqs_blocks,10.950000000000001,-0.02557614094766536,-6.577736922299225e-18,-0.02557614094766536,-6.577736922299225e-18
40,piqs_blocks,11.0,-0.02488533160656336,-1.0106138690870718e-17,-0.02488533160656336,-1.0106138690870718e-17
40,piqs_blocks,11.05,-0.02418685159657605,-1.2600673881591784e-17,-0.02418685159657605,-1.2600673881591784e-17
40,piqs_blocks,11.100000000000001,-0.02348098045877002,-8.72251368025327e-18,-0.02348098045877002,-8.72251368025327e-18
40,piqs_blocks,11.15,-0.022767988877446976,-7.982673414218491e-18,-0.022767988877446976,-7.982673414218491e-18
40,piqs_blocks,11.200000000000001,-0.02204813896258897,-1.9203686134688182e-17,-0.02204813896258897,-1.9203686134688182e-17
40,piqs_blocks,11.25,-0.021321684531729845,1.2318108984343677e-18,-0.021321684531729845,1.2318108984343677e-18
40,piqs_blocks,11.3,-0.020588871390934356,-9.548228528760854e-18,-0.020588871390934356,-9.548228528760854e-18
40,piqs_blocks,11.350000000000001,-0.019849937614545333,-7.99825087951409e-18,-0.019849937614545333,-7.99825087951409e-18
40,piqs_blocks,11.4,-0.019105113823331257,-1.7003653711815595e-17,-0.019105113823331257,-1.7003653711815595e-17
40,piqs_blocks,11.450000000000001,-0.018354623460637272,-1.391972917359334e-18,-0.018354623460637272,-1.391972917359334e-18
40,piqs_blocks,11.5,-0.017598683066109583,-4.389784645092363e-18,-0.017598683066109583,-4.389784645092363e-18
40,piqs_blocks,11.55,-0.016837502546525374,-2.02928580082939e-18,-0.016837502546525374,-2.02928580082939e-18
40,piqs_blocks,11.600000000000001,-0.016071285443225163,-3.0819326873072216e-18,-0.016071285443225163,-3.0819326873072216e-18
40,piqs_blocks,11.65,-0.015300229195603336,-1.6298432608777386e-17,-0.015300229195603336,-1.6298432608777386e-17
40,piqs_blocks,11.700000000000001,-0.014524525400073398,-2.707358836163609e-18,-0.014524525400073398,-2.707358836163609e-18
40,piqs_blocks,11.75,-0.013744360063886907,-1.4493769357647995e-17,-0.013744360063886907,-1.4493769357647995e-17
40,piqs_blocks,11.8,-0.01295991385314466,-1.1150795012631289e-17,-0.01295991385314466,-1.1150795012631289e-17
40,piqs_blocks,11.850000000000001,-0.012171362334305583,-8.561898366352624e-18,-0.012171362334305583,-8.561898366352624e-18
40,piqs_blocks,11.9,-0.011378876208463945,-2.35561186120401e-17,-0.011378876208463945,-2.35561186120401e-17
40,piqs_blocks,11.950000000000001,-0.010582621537638883,-2.226397812280979e-17,-0.010582621537638883,-2.226397812280979e-17
40,piqs_blocks,12.0,-0.009782759962295946,-1.0049655489923148e-17,-0.009782759962295946,-1.0049655489923148e-17
40,thesis,0.0,0.5999999999999986,0.0,0.6000000000000013,0.0
40,thesis,0.05,0.5999268776813226,7.901125813534896e-22,0.599926877681325,-1.0937809239788647e-20
40,thesis,0.1,0.5997075429047117,-2.3201072013616038e-20,0.5997075429047143,2.9634655343386034e-19
40,thesis,0.15000000000000002,0.5993420922348794,-2.896753417936186e-19,0.5993420922348819,2.6324630083709153e-19
40,thesis,0.2,0.5988306867009258,-1.1384135218806787e-19,0.5988306867009282,5.79091362465205e-19
40,thesis,0.25,0.5981735519272107,-1.9037148207599185e-20,0.5981735519272133,5.711553916683712e-19
40,thesis,0.30000000000000004,0.5973709783145933,3.0403312927601224e-19,0.5973709783145957,1.1980780594641486e-18
40,thesis,0.35000000000000003,0.5964233212700618,2.754647924602688e-19,0.5964233212700645,5.5816410655791975e-19
40,thesis,0.4,0.5953310014822402,-6.593154741736562e-19,0.5953310014822424,1.2009438266963387e-18
40,thesis,0.45,0.5940945052397054,1.102326113296852e-18,0.594094505239708,3.7433148722413493e-19
40,thesis,0.5,0.59271438478855,3.698849778413607e-19,0.5927143847885523,4.1634481771631915e-20
40,thesis,0.55,0.5911912587250963,1.3061430026396615e-19,0.5911912587250984,1.3839269315410316e-18
40,thesis,0.6000000000000001,0.5895258124192069,9.365917921754756e-20,0.5895258124192092,1.154666380146447e-18
40,thesis,0.65,0.5877187984631597,-5.595603874319026e-19,0.5877187984631619,2.1125828885134807e-18
40,thesis,0.7000000000000001,0.5857710371406224,-1.156927891941098e-19,0.5857710371406247,1.5316175483705373e-18
40,thesis,0.75,0.5836834169098623,-1.9320209413216565e-19,0.5836834169098645,2.6635877468697537e-18
40,thesis,0.8,0.5814568948949347,-2.5666330800917927e-18,0.5814568948949371,7.093553517397499e-19
40,thesis,0.8500000000000001,0.5790924973782627,-7.659783462108334e-19,0.5790924973782653,2.615445835219168e-18
40,thesis,0.9,0.5765913202877013,-9.733293647207254e-19,0.5765913202877034,3.2580063524952602e-18
40,thesis,0.9500000000000001,0.5739545296709153,3.3661866873662625e-19,0.5739545296709173,1.6320786337651027e-18
40,thesis,1.0,0.5711833621496655,-3.165173526709561e-19,0.5711833621496676,4.8379279399164435e-18
40,thesis,1.05,0.5682791253464125,5.655202237453637e-19,0.5682791253464146,4.971380296862074e-18
40,thesis,1.1,0.5652431982754994,9.771252965517507e-19,0.5652431982755014,7.844616969983399e-19
40,thesis,1.1500000000000001,0.5620770316910818,3.396686490912236e-18,0.562077031691084,4.3033790126663004e-18
40,thesis,1.2000000000000002,0.5587821483839217,9.496662089374414e-19,0.5587821483839239,4.9253146085489956e-18
40,thesis,1.25,0.5553601434191617,-1.123149144446939e-18,0.555360143419164,2.8271163908878124e-18
40,thesis,1.3,0.5518126843072463,-2.9048283550759307e-18,0.5518126843072486,4.522133543100849e-18
40,thesis,1.35,0.5481415111002574,-2.2493869813011623e-18,0.5481415111002597,3.771227254831336e-18
40,thesis,1.4000000000000001,0.544348436406085,2.306513728765326e-18,0.5443484364060872,2.416007626448958e-18
40,thesis,1.4500000000000002,0.5404353453130596,1.7979200747758723e-18,0.5404353453130617,4.583060358299055e-18
40,thesis,1.5,0.5364041952179227,-1.1831048496060055e-18,0.5364041952179247,1.592504658899341e-18
40,thesis,1.55,0.532257015550329,-3.834395729489412e-19,0.5322570155503312,4.263546957449422e-18
40,thesis,1.6,0.5279959073874195,1.6234395594476133e-18,0.5279959073874216,6.752430850225526e-18
40,thesis,1.6500000000000001,0.523623042952417,-3.3481078278981948e-18,0.5236230429524189,3.430258443253303e-18
40,thesis,1.7000000000000002,0.5191406649916435,2.617237508425973e-18,0.5191406649916456,4.9700716971330156e-18
40,thesis,1.75,0.5145510860248602,1.81227165840367e-18,0.5145510860248623,5.5863245622074714e-18
40,thesis,1.8,0.5098566874643539,1.9890136855266507e-18,0.5098566874643556,1.820935548139535e-18
40,thesis,1.85,0.5050599185987911,-3.36181090192559e-19,0.5050599185987932,7.268836397919931e-18
40,thesis,1.9000000000000001,0.5001632954384538,2.639086657126111e-19,0.5001632954384556,5.844494248830184e-19
40,thesis,1.9500000000000002,0.4951693994191209,-9.792279896688316e-19,0.4951693994191229,7.17615908208949e-18
40,thesis,2.0,0.49008087596253014,-7.07224534481794e-19,0.49008087596253214,6.146732809767247e-18
40,thesis,2.0500000000000003,0.4849004328920454,-1.170660744470753e-18,0.4849004328920473,2.519420092269113e-18
40,thesis,2.1,0.4796308387028654,-1.0551912940420252e-18,0.47963083870286705,6.006555474441561e-18
40,thesis,2.15,0.4742749206868357,6.456971861590919e-20,0.4742749206868376,3.772039546192864e-18
40,thesis,2.2,0.4688355629126588,-2.4151821001976085e-18,0.46883556291266054,1.231275547141923e-17
40,thesis,2.25,0.4633157040630277,-4.561232716294984e-18,0.4633157040630295,5.0771254120096284e-18
40,thesis,2.3000000000000003,0.457718335130953,-1.1570205361697516e-18,0.4577183351309547,1.0101347660762814e-17
40,thesis,2.35,0.45204649697826926,-1.4562150724526315e-18,0.452046496978271,1.0640963896445457e-17
40,thesis,2.4000000000000004,0.4463032777600288,2.2604199163116253e-19,0.44630327776003065,2.8371534004405316e-18
40,thesis,2.45,0.44049181021918615,1.020813667784363e-18,0.44049181021918765,1.3249451488351828e-17
40,thesis,2.5,0.4346152688566489,-7.851962333822637e-19,0.43461526885665036,3.7171246796866935e-18
40,thesis,2.5500000000000003,0.42867686698242474,-1.9381238798811237e-18,0.4286768669824263,6.843629167120723e-18
40,thesis,2.6,0.42267985365420635,2.583400858288886e-18,0.4226798536542078,7.886366429860169e-18
40,thesis,2.6500000000000004,0.4166275105103171,-5.388234657835697e-18,0.41662751051031865,4.231951966772347e-18
40,thesis,2.7,0.4105231485044882,-5.2519516888339105e-18,0.4105231485044898,8.674527278557845e-18
40,thesis,2.75,0.40437010455042705,3.034760231336976e-20,0.40437010455042866,1.0077597651015191e-17
40,thesis,2.8000000000000003,0.39817173808459944,1.2498765230125499e-18,0.3981717380846009,5.445194314816124e-18
40,thesis,2.85,0.3919314275560457,-2.5133518952953972e-18,0.3919314275560472,6.6560907786427004e-18
40,thesis,2.9000000000000004,0.385652566852407,-4.976421135514946e-18,0.38565256685240834,7.089364674775526e-18
40,thesis,2.95,0.37933856167163726,-4.218138050542685e-18,0.3793385616716386,2.7147571395622856e-18
40,thesis,3.0,0.37299282584912513,-1.3149664968746772e-17,0.3729928258491264,3.3461966270929087e-18
40,thesis,3.0500000000000003,0.3666187776501395,-1.3208750893491505e-18,0.3666187776501409,6.2613304118303444e-18
40,thesis,3.1,0.3602198360376533,3.705769144264084e-21,0.36021983603765445,5.550269413667511e-18
40,thesis,3.1500000000000004,0.3537994169256741,3.0384693092012627e-18,0.3537994169256753,7.827087358442169e-18
40,thesis,3.2,0.3473609294282498,2.4901114288054035e-19,0.34736092942825103,-2.411727793959587e-19
40,thesis,3.25,0.340907772114278,-5.041781638796433e-18,0.3409077721142791,1.4199858851118107e-17
40,thesis,3.3000000000000003,0.3344433292781793,-6.383518223191458e-20,0.3344433292781804,-3.768171649648562e-18
40,thesis,3.35,0.3279709672363633,-7.026141606196844e-18,0.32797096723636443,1.3523999351103078e-17
40,thesis,3.4000000000000004,0.3214940306592347,-2.7928032847178588e-18,0.3214940306592359,9.27579824837774e-18
40,thesis,3.45,0.31501583894827206,-6.101383459864353e-19,0.3150158389482731,1.4750185421372086e-17
40,thesis,3.5,0.30853968266743775,-2.005909676718613e-18,0.3085396826674387,5.595764347357927e-18
40,thesis,3.5500000000000003,0.3020688200378768,-5.570363285107617e-18,0.30206882003787777,8.069160110344587e-18
40,thesis,3.6,0.29560647350451597,1.9924497937912083e-18,0.29560647350451696,6.991701114212615e-18
40,thesis,3.6500000000000004,0.289155826382795,3.0095510749864115e-18,0.289155826382796,3.380693780949127e-18
40,thesis,3.7,0.2827200195933597,2.3005315585753587e-18,0.2827200195933606,5.445621140012202e-18
40,thesis,3.75,0.27630214849210366,-7.116562373316239e-18,0.2763021484921047,1.1614919436889895e-17
40,thesis,3.8000000000000003,0.26990525980249275,-1.8888636200423584e-18,0.2699052598024937,8.044490275755807e-18
40,thesis,3.85,0.2635323486566257,-2.3779424290204612e-18,0.2635323486566265,1.3961174231004705e-17
40,thesis,3.9000000000000004,0.2571863557509863,-5.375360418781915e-18,0.2571863557509873,1.3108159113560422e-17
40,thesis,3.95,0.2508701646223431,1.8287308982353094e-20,0.2508701646223438,7.874461646484307e-18
40,thesis,4.0,0.24458659904872215,-5.979294910174231e-18,0.24458659904872285,1.1245527045103315e-17
40,thesis,4.05,0.23833842057987104,1.884830287375611e-18,0.23833842057987178,6.248131917976448e-18
40,thesis,4.1000000000000005,0.23212832620109167,4.546207807648623e-18,0.23212832620109242,5.579882479596909e-18
40,thesis,4.15,0.2259589461338036,-5.183798623804434e-18,0.22595894613380435,2.2388404284911266e-18
40,thesis,4.2,0.21983284177567072,4.6701326982988676e-18,0.21983284177567136,6.752970171984912e-18
40,thesis,4.25,0.21375250378261118,-1.014488052204022e-17,0.21375250378261187,1.4364878074599986e-17
40,thesis,4.3,0.20772035029450087,-5.474770984798537e-18,0.20772035029450142,3.0956936639776565e-18
40,thesis,4.3500000000000005,0.20173872530588027,-6.315808526973052e-18,0.20173872530588088,6.391617975752347e-18
40,thesis,4.4,0.19580989718249547,-5.379784180697847e-18,0.19580989718249603,8.194540838872927e-18
40,thesis,4.45,0.1899360573240265,2.8817185831224693e-18,0.18993605732402705,4.436738725383326e-18
40,thesis,4.5,0.18411931897291148,-4.9078147755097906e-18,0.184119318972912,1.1766121435419688e-17
40,thesis,4.55,0.17836171616873175,-8.269456932590594e-18,0.1783617161687323,5.214678930432297e-18
40,thesis,4.6000000000000005,0.17266520284721198,2.687939944103642e-19,0.1726652028472125,9.851588746608554e-18
40,thesis,4.65,0.16703165208249174,1.0968216399106464e-18,0.1670316520824922,7.312819245450603e-18
40,thesis,4.7,0.1614628554709507,-4.734967114710709e-18,0.16146285547095107,2.7730204331880714e-18
40,thesis,4.75,0.15596052265451882,9.766481787744228e-18,0.15596052265451923,1.2163571793584067e-17
40,thesis,4.800000000000001,0.15052628098107118,3.3389178512927795e-18,0.15052628098107157,1.550321756381586e-17
40,thesis,4.8500000000000005,0.14516167529920207,-5.158238742876544e-18,0.1451616752992025,-2.2496070113441118e-18
40,thesis,4.9,0.13986816788438722,-5.583819859312626e-18,0.13986816788438755,-1.1387365359098977e-18
40,thesis,4.95,0.1346471384932853,-1.0032986146218946e-17,0.13464713849328558,6.2996884311956534e-18
40,thesis,5.0,0.12949988454269015,-4.464902570879496e-18,0.12949988454269046,2.2406866956183453e-18
40,thesis,5.050000000000001,0.12442762140943023,-1.6994194074330104e-18,0.12442762140943055,1.7897012082095342e-18
40,thesis,5.1000000000000005,0.11943148284732133,-1.3496477397762178e-17,0.1194314828473216,6.775125377511532e-18
40,thesis,5.15,0.11451252151710552,-3.0071191639854424e-18,0.11451252151710575,1.0031497221116388e-17
40,thesis,5.2,0.10967170962516358,4.668640464473824e-18,0.10967170962516383,8.7900116182376e-18
40,thesis,5.25,0.10490993966665665,5.9021057241332974e-18,0.10490993966665689,2.0717631796452162e-18
40,thesis,5.300000000000001,0.10022802526864678,-3.561965449106411e-18,0.10022802526864703,1.4859968832270124e-17
40,thesis,5.3500000000000005,0.09562670212865686,-4.399515597818404e-18,0.09562670212865708,-3.255657159555606e-18
40,thesis,5.4,0.09110662904405892,-1.6915181782219038e-18,0.09110662904405914,-4.574772008561246e-19
40,thesis,5.45,0.08666838902762956,-9.075958029829794e-18,0.08666838902762973,3.2447251405801108e-18
40,thesis,5.5,0.08231249050457254,-3.754202223463735e-18,0.08231249050457272,6.928180260613445e-18
40,thesis,5.550000000000001,0.07803936858629094,7.003837508160327e-19,0.07803936858629112,5.658299201666937e-18
40,thesis,5.6000000000000005,0.07384938641618484,-4.622278645501384e-18,0.07384938641618498,6.547167635581743e-19
40,thesis,5.65,0.06974283658275972,3.074464900740442e-20,0.06974283658275986,4.914220462173437e-18
40,thesis,5.7,0.0657199425953546,-5.9686375151620955e-18,0.06571994259535474,2.0915162526729825e-18
40,thesis,5.75,0.0617808604178304,-4.418865006707245e-18,0.06178086041783055,-1.3042719200940096e-18
40,thesis,5.800000000000001,0.05792568005560804,-3.0062125740340843e-18,0.057925680055608185,-1.8409996410776174e-18
40,thesis,5.8500000000000005,0.05415442719149998,-1.1615296631249182e-17,0.054154427191500126,-4.186215496343061e-18
40,thesis,5.9,0.05046706486584516,-7.593160681212137e-18,0.05046706486584529,-4.839231576561823e-18
40,thesis,5.95,0.046863495196533524,-1.457215960993809e-18,0.04686349519653369,-3.3005490785794715e-18
40,thesis,6.0,0.04334356113458721,-6.227240644425774e-18,0.043343561134587386,-9.85856187917237e-18
40,thesis,6.050000000000001,0.039907048251056405,9.880540068048236e-19,0.03990704825105657,5.706421260982822e-18
40,thesis,6.1000000000000005,0.03655368655108497,-3.243785463404215e-18,0.03655368655108512,-2.4483884387079307e-19
40,thesis,6.15,0.03328315231110142,1.5914293241030537e-18,0.03328315231110157,-8.037555193500157e-18
40,thesis,6.2,0.03009506993520124,-5.491936636870237e-18,0.030095069935201422,3.709415356377701e-18
40,thesis,6.25,0.0269890138268953,-2.5703016261084404e-18,0.026989013826895468,4.0607156538065215e-18
40,thesis,6.300000000000001,0.023964510272517302,-2.783389969347001e-18,0.02396451027251749,2.1830487505356504e-18
40,thesis,6.3500000000000005,0.021021039332701923,-3.2041204986710727e-18,0.02102103933270216,-3.529705405216874e-18
40,thesis,6.4,0.018158036738466173,-7.707139552177046e-18,0.018158036738466374,-1.9486522347177186e-18
40,thesis,6.45,0.015374895788552391,-3.0074434187855648e-18,0.015374895788552645,-4.64995280007499e-18
40,thesis,6.5,0.012670969244817422,6.06519265370425e-18,0.012670969244817636,-1.1966855009029127e-18
40,thesis,6.550000000000001,0.010045571222577848,-2.7617178372981125e-18,0.010045571222578124,-7.301721790352585e-18
40,thesis,6.6000000000000005,0.0074979790729537785,-5.490321980314534e-18,0.007497979072954048,2.008473936617559e-18
40,thesis,6.65,0.0050274352543780345,7.335768544365585e-19,0.005027435254378344,-3.3700198423247376e-18
40,thesis,6.7,0.0026331491905723465,4.054971711632982e-18,0.0026331491905726696,-8.85156709070134e-18
40,thesis,6.75,0.0003142991124168494,4.140469099746742e-19,0.00031429911241721424,-4.513196683762823e-18
40,thesis,6.800000000000001,-0.0019299661187279638,-4.175826107849367e-18,-0.0019299661187275924,-2.063921507438208e-18
40,thesis,6.8500000000000005,-0.004100525208561553,-8.206756642158799e-19,-0.004100525208561155,4.006075411263718e-18
40,thesis,6.9,-0.006198282650431629,-4.93212065062905e-18,-0.006198282650431211,-6.748715154913934e-18
40,thesis,6.95,-0.008224166971029845,-1.515618551834778e-17,-0.008224166971029378,-1.0536507528692256e-17
40,thesis,7.0,-0.010179129003129221,2.5029161846877547e-19,-0.010179129003128744,-6.3138629981723575e-18
40,thesis,7.050000000000001,-0.012064140187173722,-6.018830834731547e-19,-0.01206414018717321,2.8543025089000054e-19
40,thesis,7.1000000000000005,-0.013880190903407592,7.116797292610531e-19,-0.013880190903407042,7.410155242490942e-18
40,thesis,7.15,-0.015628288836113464,1.0444908856380881e-18,-0.015628288836112874,1.6376455592875863e-18
40,thesis,7.2,-0.017309457371407527,2.160820753115152e-18,-0.01730945737140691,1.3047549935717458e-18
40,thesis,7.25,-0.01892473402992613,-8.970125233537314e-18,-0.018924734029925488,-3.981312932446326e-18
40,thesis,7.300000000000001,-0.02047516893562276,-1.5493820792056966e-18,-0.02047516893562203,-7.007894001883949e-18
40,thesis,7.3500000000000005,-0.021961823321783213,-5.3010829084971055e-18,-0.02196182332178251,-3.2901869870460198e-18
40,thesis,7.4,-0.023385768075258554,-5.539727823941104e-18,-0.02338576807525779,-3.265060548759109e-18
40,thesis,7.45,-0.024748082319806422,-3.1201451228846935e-18,-0.024748082319805617,-2.577527875939734e-18
40,thesis,7.5,-0.026049852039330947,4.916695386566471e-19,-0.026049852039330138,-3.2029028888094247e-18
40,thesis,7.550000000000001,-0.02729216874170693,-6.607512115628657e-18,-0.02729216874170604,-1.9091791758866885e-18
40,thesis,7.6000000000000005,-0.028476128163777738,-3.0422445615169004e-18,-0.02847612816377682,3.959859176079155e-18
40,thesis,7.65,-0.029602829018020083,-9.296517468360698e-19,-0.029602829018019153,-1.4091650392106342e-18
40,thesis,7.7,-0.030673371781276323,-2.1330870415374182e-18,-0.030673371781275292,-1.3629408630921931e-17
40,thesis,7.75,-0.031688857525864866,-1.0383896014398412e-18,-0.0316888575258638,-6.624406452459465e-18
40,thesis,7.800000000000001,-0.03265038679329386,7.155853452412563e-18,-0.03265038679329274,1.8533676455965153e-18
40,thesis,7.8500000000000005,-0.033559058510717804,-1.158083297820778e-17,-0.03355905851071665,5.586513159387156e-19
40,thesis,7.9,-0.03441596895019844,3.94896686177308e-18,-0.034415968950197266,1.5019217643798853e-18
40,thesis,7.95,-0.035222210730751616,-1.892264986721181e-18,-0.03522221073075038,1.9811769764033087e-18
40,thesis,8.0,-0.03597887186308916,-2.984930871234104e-19,-0.035978871863087875,-2.0747476472953026e-18
40,thesis,8.05,-0.03668703483689293,-1.9279925717383504e-19,-0.03668703483689158,3.007502975789703e-18
40,thesis,8.1,-0.03734777575038971,4.008834885787217e-18,-0.037347775750388335,5.205295393563496e-18
40,thesis,8.15,-0.03796216348193211,-7.048042040094801e-18,-0.03796216348193066,-5.838340025072773e-18
40,thesis,8.200000000000001,-0.03853125890322665,-3.2159657250428405e-18,-0.03853125890322517,-3.632831666545086e-18
40,thesis,8.25,-0.039056114133793875,-6.83727642001608e-19,-0.03905611413379233,-1.0869874550440928e-17
40,thesis,8.3,-0.03953777183618828,-6.2914563297395e-18,-0.039537771836186696,-4.1201072217878234e-18
40,thesis,8.35,-0.03997726455145345,-1.2836585792291682e-18,-0.0399772645514518,-3.0814926272213415e-18
40,thesis,8.4,-0.04037561407423957,-3.0090183706718754e-18,-0.04037561407423787,-4.813886762593199e-18
40,thesis,8.450000000000001,-0.04073383086696246,3.548068814815577e-18,-0.04073383086696071,2.067084646100616e-18
40,thesis,8.5,-0.041052913512341214,5.364921399451548e-18,-0.04105291351233943,-1.3582173309222685e-18
40,thesis,8.55,-0.041333848203610996,-2.2670307437669103e-18,-0.04133384820360912,-1.4941833243133266e-17
40,thesis,8.6,-0.041577608271668474,1.5752165840971916e-19,-0.04157760827166656,-1.8926885031948318e-18
40,thesis,8.65,-0.04178515374837581,-2.0905368708276963e-18,-0.04178515374837383,-1.3520035501607701e-18
40,thesis,8.700000000000001,-0.041957430965213725,1.6839147340313701e-18,-0.04195743096521168,-1.0689158747655224e-18
40,thesis,8.75,-0.04209537218644799,3.0921930356253498e-18,-0.04209537218644594,-1.1630324848618078e-17
40,thesis,8.8,-0.04219989527594553,9.858470889305189e-19,-0.0421998952759434,-2.6947360600160482e-18
40,thesis,8.85,-0.04227190339675312,4.165529363584357e-18,-0.042271903396750916,-6.142643228818781e-18
40,thesis,8.9,-0.042312284742530605,6.723198287377919e-18,-0.042312284742528364,-3.1887349392776168e-18
40,thesis,8.950000000000001,-0.042321912299911335,-2.831684082230311e-18,-0.042321912299909066,-9.345079587762729e-18
40,thesis,9.0,-0.042301643640846556,5.616908738176023e-18,-0.04230164364084424,-7.383926999628106e-18
40,thesis,9.05,-0.04225232074397613,2.1803223632366906e-18,-0.042252320743973726,-6.1360687973102105e-18
40,thesis,9.1,-0.04217476984405642,2.3168998085367017e-19,-0.04217476984405397,-9.437078615490877e-18
40,thesis,9.15,-0.042069801308467346,1.1396431258612755e-18,-0.04206980130846488,-7.216634683822932e-18
40,thesis,9.200000000000001,-0.041938209539811686,-3.624374571960689e-20,-0.04193820953980917,1.815681296888599e-18
40,thesis,9.25,-0.0417807729036165,-2.323821655902356e-18,-0.04178077290361393,-9.401165742016275e-18
40,thesis,9.3,-0.04159825368014206,1.535975135837624e-19,-0.04159825368013944,-1.2751650886994962e-17
40,thesis,9.35,-0.041391398039303647,-2.8688608876808973e-18,-0.041391398039300954,-5.0827601663423366e-18
40,thesis,9.4,-0.041160936037711815,2.2615581168342957e-18,-0.0411609360377091,-8.721686499640715e-18
40,thesis,9.450000000000001,-0.04090758163684085,1.713748822620424e-17,-0.04090758163683808,-1.4150916228634563e-17
40,thesis,9.5,-0.040632032741338996,7.852412320076105e-18,-0.04063203274133618,-1.4143941441709516e-17
40,thesis,9.55,-0.0403349712565023,8.294001035726313e-18,-0.04033497125649944,-9.789305355205757e-18
40,thesis,9.600000000000001,-0.04001706316394267,5.4012048498405656e-18,-0.04001706316393978,-6.407579252852166e-18
40,thesis,9.65,-0.0396789586144914,1.6296384509580836e-18,-0.039678958614488495,-2.971080559057764e-18
40,thesis,9.700000000000001,-0.03932129203739326,-3.224813248874605e-19,-0.03932129203739027,-8.503410079600223e-18
40,thesis,9.75,-0.03894468226486079,-7.120238363958331e-19,-0.038944682264857776,-7.378768701328226e-18
40,thesis,9.8,-0.03854973267107635,-3.78403366507487e-18,-0.03854973267107328,-1.2534578841926347e-17
40,thesis,9.850000000000001,-0.03813703132474745,1.2864465087657407e-17,-0.03813703132474435,1.64426962163291e-18
40,thesis,9.9,-0.03770715115434303,9.11013051529563e-18,-0.03770715115433988,-4.012189930351706e-18
40,thesis,9.950000000000001,-0.03726065012516021,1.1360822787603414e-17,-0.03726065012515704,2.331173637186745e-18
40,thesis,10.0,-0.036798071427397216,-1.5210263278073975e-18,-0.03679807142739402,-2.0751129302538083e-17
40,thesis,10.05,-0.03631994367443303,2.7744564187314704e-18,-0.03631994367442976,-9.56083145257371e-18
40,thesis,10.100000000000001,-0.03582678111054359,-2.668352307197965e-19,-0.03582678111054029,-1.4343278734444998e-17
40,thesis,10.15,-0.035319083827313816,4.4461818192562385e-18,-0.035319083827310555,-1.0407632789256496e-17
40,thesis,10.200000000000001,-0.03479733798803579,3.0089191089984e-18,-0.03479733798803243,-1.069567031343726e-17
40,thesis,10.25,-0.03426201605941407,1.388063992656655e-17,-0.03426201605941071,-1.5635764985171341e-18
40,thesis,10.3,-0.033713577049935634,4.660587034029982e-18,-0.033713577049932254,-1.3210967737533408e-17
40,thesis,10.350000000000001,-0.03315246675429098,6.243797491566676e-18,-0.03315246675428755,5.495192419761289e-19
40,thesis,10.4,-0.032579118003270915,1.354639940209102e-17,-0.032579118003267495,-1.2466273575664158e-18
40,thesis,10.450000000000001,-0.03199395091859547,7.32911139479545e-18,-0.03199395091859198,-1.1799546149611726e-17
40,thesis,10.5,-0.03139737317216503,1.9204996388778472e-17,-0.03139737317216158,-8.966154766597087e-18
40,thesis,10.55,-0.030789780249258585,1.1090070029502552e-17,-0.03078978024925512,-5.3370751913105406e-18
40,thesis,10.600000000000001,-0.0301715557152333,1.0207607282251428e-18,-0.030171555715229732,-9.29267273287382e-18
40,thesis,10.65,-0.029543071485312065,1.6695313866680335e-17,-0.02954307148530853,-9.225644633477422e-18
40,thesis,10.700000000000001,-0.028904688097073784,2.7110679140303424e-19,-0.02890468809707023,-8.669746174617286e-18
40,thesis,10.75,-0.0282567549852864,1.142799647078802e-19,-0.028256754985282823,-8.53878363131544e-18
40,thesis,10.8,-0.027599610758747124,1.1876179470281094e-17,-0.027599610758743523,-6.715680869971018e-18
40,thesis,10.850000000000001,-0.026933583478814544,6.580979470300437e-18,-0.02693358347881092,-1.5368294479741108e-17
40,thesis,10.9,-0.026258990939333808,5.881055631905043e-19,-0.026258990939330158,-7.763642605459349e-18
40,thesis,10.950000000000001,-0.02557614094766902,5.255184310667794e-18,-0.02557614094766536,-6.577736922299225e-18
40,thesis,11.0,-0.02488533160656704,1.4096712737455194e-17,-0.02488533160656336,-1.0106138690870718e-17
40,thesis,11.05,-0.02418685159657971,-5.709597634535005e-19,-0.02418685159657605,-1.2600673881591784e-17
40,thesis,11.100000000000001,-0.02348098045877371,1.231729503862092e-17,-0.02348098045877002,-8.72251368025327e-18
40,thesis,11.15,-0.022767988877450684,1.2106003331672825e-17,-0.022767988877446976,-7.982673414218491e-18
40,thesis,11.200000000000001,-0.02204813896259264,3.514078309084526e-18,-0.02204813896258897,-1.9203686134688182e-17
40,thesis,11.25,-0.021321684531733543,1.055103612897114e-17,-0.021321684531729845,1.2318108984343677e-18
40,thesis,11.3,-0.02058887139093807,8.31647387860814e-18,-0.020588871390934356,-9.548228528760854e-18
40,thesis,11.350000000000001,-0.019849937614549052,-1.9395532479796388e-18,-0.019849937614545333,-7.99825087951409e-18
40,thesis,11.4,-0.01910511382333496,2.83218039059786e-18,-0.019105113823331257,-1.7003653711815595e-17
40,thesis,11.450000000000001,-0.018354623460640977,3.383049591333674e-18,-0.018354623460637272,-1.391972917359334e-18
40,thesis,11.5,-0.01759868306611329,-5.418909823671639e-18,-0.017598683066109583,-4.389784645092363e-18
40,thesis,11.55,-0.016837502546529104,9.290697425571043e-18,-0.016837502546525374,-2.02928580082939e-18
40,thesis,11.600000000000001,-0.016071285443228903,1.994530649340117e-17,-0.016071285443225163,-3.0819326873072216e-18
40,thesis,11.65,-0.015300229195607053,9.780186516132945e-19,-0.015300229195603336,-1.6298432608777386e-17
40,thesis,11.700000000000001,-0.014524525400077109,1.634424848854547e-17,-0.014524525400073398,-2.707358836163609e-18
40,thesis,11.75,-0.013744360063890588,3.834478447550778e-19,-0.013744360063886907,-1.4493769357647995e-17
40,thesis,11.8,-0.012959913853148385,6.132108256537304e-18,-0.01295991385314466,-1.1150795012631289e-17
40,thesis,11.850000000000001,-0.012171362334309283,8.34275175230772e-18,-0.012171362334305583,-8.561898366352624e-18
40,thesis,11.9,-0.011378876208467613,-1.1317187355930054e-18,-0.011378876208463945,-2.35561186120401e-17
40,thesis,11.950000000000001,-0.010582621537642584,5.295687209361445e-18,-0.010582621537638883,-2.226397812280979e-17
40,thesis,12.0,-0.009782759962299615,8.131992749674108e-18,-0.009782759962295946,-1.0049655489923148e-17
